bar_open_ms,bar_open_utc,date,prev_completed_5m_index_close,spot_5m_low,potential_layers,potential_capital_usd,tier_prices
1767363300000,2026-01-02T14:15:00+00:00,2026-01-02,89136.04413043,88727.0,1,2000.0,88779.49995391|88601.22786565|88422.95577739|88244.68368913|88066.41160086
1767364200000,2026-01-02T14:30:00+00:00,2026-01-02,88909.595,88459.96,1,2000.0,88553.95662000|88376.13743000|88198.31824000|88020.49905000|87842.67986000
1767366000000,2026-01-02T15:00:00+00:00,2026-01-02,89588.75065217,89207.29,1,2000.0,89230.39564956|89051.21814826|88872.04064695|88692.86314565|88513.68564434
1767372000000,2026-01-02T16:40:00+00:00,2026-01-02,90517.94043478,90050.38,1,2000.0,90155.86867304|89974.83279217|89793.79691130|89612.76103043|89431.72514956
1767626400000,2026-01-05T15:20:00+00:00,2026-01-05,93635.26,93227.5,1,2000.0,93260.71896000|93073.44844000|92886.17792000|92698.90740000|92511.63688000
1767645000000,2026-01-05T20:30:00+00:00,2026-01-05,94743.30282609,94325.99,1,2000.0,94364.32961479|94174.84300913|93985.35640348|93795.86979783|93606.38319218
1767710700000,2026-01-06T14:45:00+00:00,2026-01-06,94109.21695652,93616.06,1,2000.0,93732.78008869|93544.56165478|93356.34322087|93168.12478695|92979.90635304
1767713700000,2026-01-06T15:35:00+00:00,2026-01-06,94039.26282609,93566.65,1,2000.0,93663.10577479|93475.02724913|93286.94872348|93098.87019783|92910.79167218
1767716700000,2026-01-06T16:25:00+00:00,2026-01-06,93234.86608696,92839.22,1,2000.0,92861.92662261|92675.45689044|92488.98715826|92302.51742609|92116.04769392
1767721200000,2026-01-06T17:40:00+00:00,2026-01-06,92588.16065217,92010.03,2,4000.0,92217.80800956|92032.63168826|91847.45536695|91662.27904565|91477.10272434
1767721500000,2026-01-06T17:45:00+00:00,2026-01-06,92218.28282609,91800.0,1,2000.0,91849.40969479|91664.97312913|91480.53656348|91296.09999783|91111.66343218
1767747300000,2026-01-07T00:55:00+00:00,2026-01-07,93011.44521739,92626.31,1,2000.0,92639.39943652|92453.37654609|92267.35365565|92081.33076522|91895.30787478
1767798000000,2026-01-07T15:00:00+00:00,2026-01-07,91978.30021739,91425.71,2,4000.0,91610.38701652|91426.43041609|91242.47381565|91058.51721522|90874.56061478
1767798900000,2026-01-07T15:15:00+00:00,2026-01-07,91666.43434783,91024.0,2,4000.0,91299.76861044|91116.43574174|90933.10287305|90749.77000435|90566.43713566
1767948300000,2026-01-09T08:45:00+00:00,2026-01-09,90325.07608696,89800.0,1,2000.0,89963.77578261|89783.12563044|89602.47547826|89421.82532609|89241.17517392
1767969000000,2026-01-09T14:30:00+00:00,2026-01-09,90550.2526087,90146.18,1,2000.0,90188.05159827|90006.95109305|89825.85058783|89644.75008261|89463.64957740
1767973200000,2026-01-09T15:40:00+00:00,2026-01-09,91627.86804348,91200.01,1,2000.0,91261.35657131|91078.10083522|90894.84509913|90711.58936305|90528.33362696
1768206900000,2026-01-12T08:35:00+00:00,2026-01-12,91153.88695652,90612.5,1,2000.0,90789.27140869|90606.96363478|90424.65586087|90242.34808695|90060.04031304
1768227600000,2026-01-12T14:20:00+00:00,2026-01-12,90496.61826087,90128.44,1,2000.0,90134.63178783|89953.63855130|89772.64531478|89591.65207826|89410.65884174
1768239000000,2026-01-12T17:30:00+00:00,2026-01-12,91707.80934783,91000.53,2,4000.0,91340.97811044|91157.56249174|90974.14687305|90790.73125435|90607.31563566
1768242600000,2026-01-12T18:30:00+00:00,2026-01-12,91923.69413043,91554.51,1,2000.0,91555.99935391|91372.15196565|91188.30457739|91004.45718913|90820.60980086
1768297200000,2026-01-13T09:40:00+00:00,2026-01-13,92377.82891304,91950.0,1,2000.0,92008.31759739|91823.56193956|91638.80628174|91454.05062391|91269.29496608
1768317300000,2026-01-13T15:15:00+00:00,2026-01-13,92577.54782609,92200.0,1,2000.0,92207.23763479|92022.08253913|91836.92744348|91651.77234783|91466.61725218
1768342500000,2026-01-13T22:15:00+00:00,2026-01-13,95581.82695652,94999.53,2,4000.0,95199.49964869|95008.33599478|94817.17234087|94626.00868695|94434.84503304
1768404900000,2026-01-14T15:35:00+00:00,2026-01-14,96855.11608696,96340.04,1,2000.0,96467.69562261|96273.98539044|96080.27515826|95886.56492609|95692.85469392
1768411800000,2026-01-14T17:30:00+00:00,2026-01-14,97548.36543478,97072.95,1,2000.0,97158.17197304|96963.07524217|96767.97851130|96572.88178043|96377.78504956
1768413000000,2026-01-14T17:50:00+00:00,2026-01-14,97349.35826087,96934.0,1,2000.0,96959.96082783|96765.26211130|96570.56339478|96375.86467826|96181.16596174
1768414200000,2026-01-14T18:10:00+00:00,2026-01-14,97083.41478261,96682.69,1,2000.0,96695.08112348|96500.91429391|96306.74746435|96112.58063478|95918.41380522
1768415400000,2026-01-14T18:30:00+00:00,2026-01-14,97030.43478261,96468.98,1,2000.0,96642.31304348|96448.25217391|96254.19130435|96060.13043478|95866.06956522
1768488000000,2026-01-15T14:40:00+00:00,2026-01-15,96210.8926087,95815.91,1,2000.0,95826.04903827|95633.62725305|95441.20546783|95248.78368261|95056.36189740
1768491900000,2026-01-15T15:45:00+00:00,2026-01-15,95875.91282609,95435.91,1,2000.0,95492.40917479|95300.65734913|95108.90552348|94917.15369783|94725.40187218
1768492800000,2026-01-15T16:00:00+00:00,2026-01-15,96750.47456522,96356.26,1,2000.0,96363.47266696|96169.97171783|95976.47076870|95782.96981957|95589.46887044
1768500600000,2026-01-15T18:10:00+00:00,2026-01-15,96573.23717391,96127.45,1,2000.0,96186.94422521|95993.79775087|95800.65127652|95607.50480217|95414.35832782
1768576500000,2026-01-16T15:15:00+00:00,2026-01-16,95568.99630435,94890.0,2,4000.0,95186.72031913|94995.58232652|94804.44433392|94613.30634131|94422.16834870
1768777200000,2026-01-18T23:00:00+00:00,2026-01-18,95493.34369565,95006.12,1,2000.0,95111.37032087|94920.38363348|94729.39694608|94538.41025869|94347.42357130
1768778400000,2026-01-18T23:20:00+00:00,2026-01-18,95161.01826087,94737.44,1,2000.0,94780.37418783|94590.05215130|94399.73011478|94209.40807826|94019.08604174
1768779900000,2026-01-18T23:45:00+00:00,2026-01-18,94485.61608696,93702.56,3,6000.0,94107.67362261|93918.70239044|93729.73115826|93540.75992609|93351.78869392
1768780800000,2026-01-19T00:00:00+00:00,2026-01-19,93671.51282609,91910.2,5,10000.0,93296.82677479|93109.48374913|92922.14072348|92734.79769783|92547.45467218
1768781400000,2026-01-19T00:10:00+00:00,2026-01-19,92891.4155,92377.65,1,2000.0,92519.84983800|92334.06700700|92148.28417600|91962.50134500|91776.71851400
1768781700000,2026-01-19T00:15:00+00:00,2026-01-19,92504.93630435,92125.3,1,2000.0,92134.91655913|91949.90668652|91764.89681392|91579.88694131|91394.87706870
1768782000000,2026-01-19T00:20:00+00:00,2026-01-19,92786.44478261,92250.0,1,2000.0,92415.29900348|92229.72611391|92044.15322435|91858.58033478|91673.00744522
1768782600000,2026-01-19T00:30:00+00:00,2026-01-19,92640.6623913,92269.55,1,2000.0,92270.09974173|92084.81841695|91899.53709217|91714.25576739|91528.97444260
1768885200000,2026-01-20T05:00:00+00:00,2026-01-20,92061.51913043,91602.0,1,2000.0,91693.27305391|91509.15001565|91325.02697739|91140.90393913|90956.78090086
1768889700000,2026-01-20T06:15:00+00:00,2026-01-20,91464.47282609,90900.0,2,4000.0,91098.61493479|90915.68598913|90732.75704348|90549.82809783|90366.89915218
1768890600000,2026-01-20T06:30:00+00:00,2026-01-20,91264.28369565,90828.11,1,2000.0,90899.22656087|90716.69799348|90534.16942608|90351.64085869|90169.11229130
1768918500000,2026-01-20T14:15:00+00:00,2026-01-20,91101.7623913,90727.93,1,2000.0,90737.35534173|90555.15181695|90372.94829217|90190.74476739|90008.54124260
1768920000000,2026-01-20T14:40:00+00:00,2026-01-20,91296.40804348,90810.0,1,2000.0,90931.22241131|90748.62959522|90566.03677913|90383.44396305|90200.85114696
1768920300000,2026-01-20T14:45:00+00:00,2026-01-20,91082.81086957,90272.53,3,6000.0,90718.47962609|90536.31400435|90354.14838261|90171.98276087|89989.81713914
1768921500000,2026-01-20T15:05:00+00:00,2026-01-20,90327.65891304,89923.79,1,2000.0,89966.34827739|89785.69295956|89605.03764174|89424.38232391|89243.72700608
1768927200000,2026-01-20T16:40:00+00:00,2026-01-20,90475.99217391,90096.3,1,2000.0,90114.08820521|89933.13622087|89752.18423652|89571.23225217|89390.28026782
1768948200000,2026-01-20T22:30:00+00:00,2026-01-20,89507.03847826,87900.0,5,10000.0,89149.01032435|88969.99624739|88790.98217043|88611.96809348|88432.95401652
1768950000000,2026-01-20T23:00:00+00:00,2026-01-20,88507.55065217,88079.11,1,2000.0,88153.52044956|87976.50534826|87799.49024695|87622.47514565|87445.46004434
1768997400000,2026-01-21T12:10:00+00:00,2026-01-21,88601.24847826,88196.72,1,2000.0,88246.84348435|88069.64098739|87892.43849043|87715.23599348|87538.03349652
1769006100000,2026-01-21T14:35:00+00:00,2026-01-21,89926.05543478,89482.8,1,2000.0,89566.35121304|89386.49910217|89206.64699130|89026.79488043|88846.94276956
1769012400000,2026-01-21T16:20:00+00:00,2026-01-21,89682.55565217,89270.12,1,2000.0,89323.82542956|89144.46031826|88965.09520695|88785.73009565|88606.36498434
1769013000000,2026-01-21T16:30:00+00:00,2026-01-21,89587.59152174,89120.38,1,2000.0,89229.24115565|89050.06597261|88870.89078957|88691.71560652|88512.54042348
1769013300000,2026-01-21T16:35:00+00:00,2026-01-21,89167.06804348,88770.1,1,2000.0,88810.39977131|88632.06563522|88453.73149913|88275.39736305|88097.06322696
1769013600000,2026-01-21T16:40:00+00:00,2026-01-21,88850.94826087,88120.01,3,6000.0,88495.54446783|88317.84257130|88140.14067478|87962.43877826|87784.73688174
1769014200000,2026-01-21T16:50:00+00:00,2026-01-21,88619.03,88227.49,1,2000.0,88264.55388000|88087.31582000|87910.07776000|87732.83970000|87555.60164000
1769014500000,2026-01-21T16:55:00+00:00,2026-01-21,88285.36347826,87590.0,2,4000.0,87932.22202435|87755.65129739|87579.08057043|87402.50984348|87225.93911652
1769015400000,2026-01-21T17:10:00+00:00,2026-01-21,87813.37108696,87272.27,2,4000.0,87462.11760261|87286.49086044|87110.86411826|86935.23737609|86759.61063392
1769018400000,2026-01-21T18:00:00+00:00,2026-01-21,87943.23065217,87585.05,1,2000.0,87591.45772956|87415.57126826|87239.68480695|87063.79834565|86887.91188434
1769025000000,2026-01-21T19:50:00+00:00,2026-01-21,90330.18304348,89900.0,1,2000.0,89968.86231131|89788.20194522|89607.54157913|89426.88121305|89246.22084696
1769025600000,2026-01-21T20:00:00+00:00,2026-01-21,90357.16652174,89921.91,1,2000.0,89995.73785565|89815.02352261|89634.30918957|89453.59485652|89272.88052348
1769092500000,2026-01-22T14:35:00+00:00,2026-01-22,89520.48369565,89146.9,1,2000.0,89162.40176087|88983.36079348|88804.31982608|88625.27885869|88446.23789130
1769093100000,2026-01-22T14:45:00+00:00,2026-01-22,89490.44195652,89064.44,1,2000.0,89132.48018869|88953.49930478|88774.51842087|88595.53753695|88416.55665304
1769095200000,2026-01-22T15:20:00+00:00,2026-01-22,89212.8673913,88841.64,1,2000.0,88856.01592173|88677.59018695|88499.16445217|88320.73871739|88142.31298260
1769178600000,2026-01-23T14:30:00+00:00,2026-01-23,89689.855,89145.6,2,4000.0,89331.09558000|89151.71587000|88972.33616000|88792.95645000|88613.57674000
1769178900000,2026-01-23T14:35:00+00:00,2026-01-23,89180.87565217,88666.89,1,2000.0,88824.15214956|88645.79039826|88467.42864695|88289.06689565|88110.70514434
1769195700000,2026-01-23T19:15:00+00:00,2026-01-23,90297.69152174,89756.41,1,2000.0,89936.50075565|89755.90537261|89575.30998957|89394.71460652|89214.11922348
1769200200000,2026-01-23T20:30:00+00:00,2026-01-23,89822.25565217,89323.93,1,2000.0,89462.96662956|89283.32211826|89103.67760695|88924.03309565|88744.38858434
1769364600000,2026-01-25T18:10:00+00:00,2026-01-25,87907.41891304,87507.0,1,2000.0,87555.78923739|87379.97439956|87204.15956174|87028.34472391|86852.52988608
1769366400000,2026-01-25T18:40:00+00:00,2026-01-25,87408.60043478,86827.1,2,4000.0,87058.96603304|86884.14883217|86709.33163130|86534.51443043|86359.69722956
1769368800000,2026-01-25T19:20:00+00:00,2026-01-25,87094.12152174,86622.45,1,2000.0,86745.74503565|86571.55679261|86397.36854957|86223.18030652|86048.99206348
1769376600000,2026-01-25T21:30:00+00:00,2026-01-25,86964.79717391,86543.48,1,2000.0,86616.93798521|86443.00839087|86269.07879652|86095.14920217|85921.21960782
1769382000000,2026-01-25T23:00:00+00:00,2026-01-25,86523.11413043,86074.72,1,2000.0,86177.02167391|86003.97544565|85830.92921739|85657.88298913|85484.83676086
1769442000000,2026-01-26T15:40:00+00:00,2026-01-26,88226.3226087,87400.0,3,6000.0,87873.41731827|87696.96467305|87520.51202783|87344.05938261|87167.60673740
1769448600000,2026-01-26T17:30:00+00:00,2026-01-26,87410.36673913,87035.51,1,2000.0,87060.72527217|86885.90453870|86711.08380522|86536.26307174|86361.44233826
1769533500000,2026-01-27T17:05:00+00:00,2026-01-27,88597.34652174,88171.59,1,2000.0,88242.95713565|88065.76244261|87888.56774957|87711.37305652|87534.17836348
1769534100000,2026-01-27T17:15:00+00:00,2026-01-27,88015.0173913,87618.01,1,2000.0,87662.95732173|87486.92728695|87310.89725217|87134.86721739|86958.83718260
1769612700000,2026-01-28T15:05:00+00:00,2026-01-28,89766.81782609,89401.4,1,2000.0,89407.75055479|89228.21691913|89048.68328348|88869.14964783|88689.61601218
1769623200000,2026-01-28T18:00:00+00:00,2026-01-28,90177.37978261,89498.25,2,4000.0,89816.67026348|89636.31550391|89455.96074435|89275.60598478|89095.25122522
1769626800000,2026-01-28T19:00:00+00:00,2026-01-28,89535.19391304,89073.2,1,2000.0,89177.05313739|88997.98274956|88818.91236174|88639.84197391|88460.77158608
1769632200000,2026-01-28T20:30:00+00:00,2026-01-28,89782.91521739,89340.0,1,2000.0,89423.78355652|89244.21772609|89064.65189565|88885.08606522|88705.52023478
1769649900000,2026-01-29T01:25:00+00:00,2026-01-29,89009.49543478,88613.09,1,2000.0,88653.45745304|88475.43846217|88297.41947130|88119.40048043|87941.38148956
1769653800000,2026-01-29T02:30:00+00:00,2026-01-29,88617.30326087,88022.09,2,4000.0,88262.83404783|88085.59944130|87908.36483478|87731.13022826|87553.89562174
1769698500000,2026-01-29T14:55:00+00:00,2026-01-29,87475.4773913,87008.0,1,2000.0,87125.57548173|86950.62452695|86775.67357217|86600.72261739|86425.77166260
1769698800000,2026-01-29T15:00:00+00:00,2026-01-29,87021.06978261,86422.38,2,4000.0,86672.98550348|86498.94336391|86324.90122435|86150.85908478|85976.81694522
1769699100000,2026-01-29T15:05:00+00:00,2026-01-29,86539.34456522,86106.43,1,2000.0,86193.18718696|86020.10849783|85847.02980870|85673.95111957|85500.87243044
1769699400000,2026-01-29T15:10:00+00:00,2026-01-29,86134.22391304,85300.0,3,6000.0,85789.68701739|85617.41856956|85445.15012174|85272.88167391|85100.61322608
1769700600000,2026-01-29T15:30:00+00:00,2026-01-29,85470.1426087,85126.19,1,2000.0,85128.26203827|84957.32175305|84786.38146783|84615.44118261|84444.50089740
1769701200000,2026-01-29T15:40:00+00:00,2026-01-29,85129.58304348,84425.0,3,6000.0,84789.06471131|84618.80554522|84448.54637913|84278.28721305|84108.02804696
1769710500000,2026-01-29T18:15:00+00:00,2026-01-29,84538.24326087,84150.0,1,2000.0,84200.09028783|84031.01380130|83861.93731478|83692.86082826|83523.78434174
1769710800000,2026-01-29T18:20:00+00:00,2026-01-29,84225.65586957,83888.0,1,2000.0,83888.75324609|83720.30193435|83551.85062261|83383.39931087|83214.94799914
1769712600000,2026-01-29T18:50:00+00:00,2026-01-29,83894.40152174,83415.0,1,2000.0,83558.82391565|83391.03511261|83223.24630957|83055.45750652|82887.66870348
1769734200000,2026-01-30T00:50:00+00:00,2026-01-30,84485.12152174,84100.0,1,2000.0,84147.18103565|83978.21079261|83809.24054957|83640.27030652|83471.30006348
1769736000000,2026-01-30T01:20:00+00:00,2026-01-30,84008.39130435,83500.0,2,4000.0,83672.35773913|83504.34095652|83336.32417392|83168.30739131|83000.29060870
1769736900000,2026-01-30T01:35:00+00:00,2026-01-30,83768.87195652,82327.13,5,10000.0,83433.79646869|83266.25872478|83098.72098087|82931.18323695|82763.64549304
1769737200000,2026-01-30T01:40:00+00:00,2026-01-30,82924.12826087,81118.0,5,10000.0,82592.43174783|82426.58349130|82260.73523478|82094.88697826|81929.03872174
1769737500000,2026-01-30T01:45:00+00:00,2026-01-30,82007.71304348,81593.75,1,2000.0,81679.68219131|81515.66676522|81351.65133913|81187.63591305|81023.62048696
1769739600000,2026-01-30T02:20:00+00:00,2026-01-30,81795.71956522,81400.0,1,2000.0,81468.53668696|81304.94524783|81141.35380870|80977.76236957|80814.17093044
1769784600000,2026-01-30T14:50:00+00:00,2026-01-30,83521.76978261,82946.89,2,4000.0,83187.68270348|83020.63916391|82853.59562435|82686.55208478|82519.50854522
1769786700000,2026-01-30T15:25:00+00:00,2026-01-30,83112.40913043,82610.0,2,4000.0,82779.95949391|82613.73467565|82447.50985739|82281.28503913|82115.06022086
1769790000000,2026-01-30T16:20:00+00:00,2026-01-30,83040.82956522,82653.03,1,2000.0,82708.66624696|82542.58458783|82376.50292870|82210.42126957|82044.33961044
1769792400000,2026-01-30T17:00:00+00:00,2026-01-30,83140.54195652,82727.85,1,2000.0,82807.97978869|82641.69870478|82475.41762087|82309.13653695|82142.85545304
1769794200000,2026-01-30T17:30:00+00:00,2026-01-30,83394.24108696,82951.9,1,2000.0,83060.66412261|82893.87564044|82727.08715826|82560.29867609|82393.51019392
1769796900000,2026-01-30T18:15:00+00:00,2026-01-30,82868.55086957,82183.43,3,6000.0,82537.07666609|82371.33956435|82205.60246261|82039.86536087|81874.12825914
1769797200000,2026-01-30T18:20:00+00:00,2026-01-30,82239.8573913,81871.37,1,2000.0,81910.89796173|81746.41824695|81581.93853217|81417.45881739|81252.97910260
1769803500000,2026-01-30T20:05:00+00:00,2026-01-30,84087.07282609,83667.72,1,2000.0,83750.72453479|83582.55038913|83414.37624348|83246.20209783|83078.02795218
1769805300000,2026-01-30T20:35:00+00:00,2026-01-30,84155.89304348,83554.0,2,4000.0,83819.26947131|83650.95768522|83482.64589913|83314.33411305|83146.02232696
1769808900000,2026-01-30T21:35:00+00:00,2026-01-30,84384.595,84044.74,1,2000.0,84047.05662000|83878.28743000|83709.51824000|83540.74905000|83371.97986000
1769848800000,2026-01-31T08:40:00+00:00,2026-01-31,82941.46543478,82560.75,1,2000.0,82609.69957304|82443.81664217|82277.93371130|82112.05078043|81946.16784956
1769869500000,2026-01-31T14:25:00+00:00,2026-01-31,81984.41043478,81299.98,3,6000.0,81656.47279304|81492.50397217|81328.53515130|81164.56633043|81000.59750956
1769869800000,2026-01-31T14:30:00+00:00,2026-01-31,81595.70391304,81135.91,1,2000.0,81269.32109739|81106.12968956|80942.93828174|80779.74687391|80616.55546608
1769870100000,2026-01-31T14:35:00+00:00,2026-01-31,81444.32652174,80825.76,2,4000.0,81118.54921565|80955.66056261|80792.77190957|80629.88325652|80466.99460348
1769875500000,2026-01-31T16:05:00+00:00,2026-01-31,81409.50913043,80701.66,3,6000.0,81083.87109391|80921.05207565|80758.23305739|80595.41403913|80432.59502086
1769876100000,2026-01-31T16:15:00+00:00,2026-01-31,80995.9523913,80500.0,2,4000.0,80671.96858173|80509.97667695|80347.98477217|80185.99286739|80024.00096260
1769876700000,2026-01-31T16:25:00+00:00,2026-01-31,81765.10717391,81085.47,3,6000.0,81438.04674521|81274.51653087|81110.98631652|80947.45610217|80783.92588782
1769877900000,2026-01-31T16:45:00+00:00,2026-01-31,81006.42217391,80227.02,3,6000.0,80682.39648521|80520.38364087|80358.37079652|80196.35795217|80034.34510782
1769878200000,2026-01-31T16:50:00+00:00,2026-01-31,80456.99456522,80100.0,1,2000.0,80135.16658696|79974.25259783|79813.33860870|79652.42461957|79491.51063044
1769879100000,2026-01-31T17:05:00+00:00,2026-01-31,80383.39891304,79402.72,5,10000.0,80061.86531739|79901.09851956|79740.33172174|79579.56492391|79418.79812608
1769879400000,2026-01-31T17:10:00+00:00,2026-01-31,79534.28217391,78159.9,5,10000.0,79216.14504521|79057.07648087|78898.00791652|78738.93935217|78579.87078782
1769880000000,2026-01-31T17:20:00+00:00,2026-01-31,79094.05021739,78637.54,1,2000.0,78777.67401652|78619.48591609|78461.29781565|78303.10971522|78144.92161478
1769880600000,2026-01-31T17:30:00+00:00,2026-01-31,79133.26934783,78506.66,2,4000.0,78816.73627044|78658.46973174|78500.20319305|78341.93665435|78183.67011566
1769883600000,2026-01-31T18:20:00+00:00,2026-01-31,78351.16282609,78000.0,1,2000.0,78037.75817479|77881.05584913|77724.35352348|77567.65119783|77410.94887218
1769884500000,2026-01-31T18:35:00+00:00,2026-01-31,78416.59891304,77446.97,5,10000.0,78102.93251739|77946.09931956|77789.26612174|77632.43292391|77475.59972608
1769884800000,2026-01-31T18:40:00+00:00,2026-01-31,77545.96478261,75719.9,5,10000.0,77235.78092348|77080.68899391|76925.59706435|76770.50513478|76615.41320522
1769887200000,2026-01-31T19:20:00+00:00,2026-01-31,78176.04391304,77810.23,1,2000.0,77863.33973739|77706.98764956|77550.63556174|77394.28347391|77237.93138608
1769887800000,2026-01-31T19:30:00+00:00,2026-01-31,77981.45891304,77454.22,2,4000.0,77669.53307739|77513.57015956|77357.60724174|77201.64432391|77045.68140608
1769888100000,2026-01-31T19:35:00+00:00,2026-01-31,77540.36021739,77194.0,1,2000.0,77230.19877652|77075.11805609|76920.03733565|76764.95661522|76609.87589478
1769890200000,2026-01-31T20:10:00+00:00,2026-01-31,77823.85413043,77500.0,1,2000.0,77512.55871391|77356.91100565|77201.26329739|77045.61558913|76889.96788086
1769891100000,2026-01-31T20:25:00+00:00,2026-01-31,77722.11304348,77371.11,1,2000.0,77411.22459131|77255.78036522|77100.33613913|76944.89191305|76789.44768696
1769893200000,2026-01-31T21:00:00+00:00,2026-01-31,78030.89978261,77630.79,1,2000.0,77718.77618348|77562.71438391|77406.65258435|77250.59078478|77094.52898522
1769893800000,2026-01-31T21:10:00+00:00,2026-01-31,77945.25369565,77618.63,1,2000.0,77633.47268087|77477.58217348|77321.69166608|77165.80115869|77009.91065130
1769901900000,2026-01-31T23:25:00+00:00,2026-01-31,79198.65304348,78855.37,1,2000.0,78881.85843131|78723.46112522|78565.06381913|78406.66651305|78248.26920696
1769905200000,2026-02-01T00:20:00+00:00,2026-02-01,79312.20304348,78973.91,1,2000.0,78994.95423131|78836.32982522|78677.70541913|78519.08101305|78360.45660696
1769942100000,2026-02-01T10:35:00+00:00,2026-02-01,78785.27217391,78412.02,1,2000.0,78470.13108521|78312.56054087|78154.98999652|77997.41945217|77839.84890782
1769948400000,2026-02-01T12:20:00+00:00,2026-02-01,78610.46826087,78244.0,1,2000.0,78296.02638783|78138.80545130|77981.58451478|77824.36357826|77667.14264174
1769956200000,2026-02-01T14:30:00+00:00,2026-02-01,77865.05434783,77483.15,1,2000.0,77553.59413044|77397.86402174|77242.13391305|77086.40380435|76930.67369566
1769958000000,2026-02-01T15:00:00+00:00,2026-02-01,78220.82369565,77893.76,1,2000.0,77907.94040087|77751.49875348|77595.05710608|77438.61545869|77282.17381130
1769958600000,2026-02-01T15:10:00+00:00,2026-02-01,77940.98586957,77526.28,1,2000.0,77629.22192609|77473.33995435|77317.45798261|77161.57601087|77005.69403914
1769958900000,2026-02-01T15:15:00+00:00,2026-02-01,77626.36608696,77130.25,2,4000.0,77315.86062261|77160.60789044|77005.35515826|76850.10242609|76694.84969392
1769959500000,2026-02-01T15:25:00+00:00,2026-02-01,77432.66173913,76931.25,2,4000.0,77122.93109217|76968.06576870|76813.20044522|76658.33512174|76503.46979826
1769961600000,2026-02-01T16:00:00+00:00,2026-02-01,77605.26673913,77087.76,2,4000.0,77294.84567217|77139.63513870|76984.42460522|76829.21407174|76674.00353826
1769962500000,2026-02-01T16:15:00+00:00,2026-02-01,77556.99326087,77158.0,1,2000.0,77246.76528783|77091.65130130|76936.53731478|76781.42332826|76626.30934174
1769964000000,2026-02-01T16:40:00+00:00,2026-02-01,77528.93217391,77160.27,1,2000.0,77218.81644521|77063.75858087|76908.70071652|76753.64285217|76598.58498782
1769966400000,2026-02-01T17:20:00+00:00,2026-02-01,77725.14065217,77338.0,1,2000.0,77414.24008956|77258.78980826|77103.33952695|76947.88924565|76792.43896434
1769975100000,2026-02-01T19:45:00+00:00,2026-02-01,77549.33956522,77200.58,1,2000.0,77239.14220696|77084.04352783|76928.94484870|76773.84616957|76618.74749044
1769977500000,2026-02-01T20:25:00+00:00,2026-02-01,77309.40608696,76606.0,3,6000.0,77000.16846261|76845.54965044|76690.93083826|76536.31202609|76381.69321392
1769979900000,2026-02-01T21:05:00+00:00,2026-02-01,76893.3626087,76461.39,1,2000.0,76585.78915827|76432.00243305|76278.21570783|76124.42898261|75970.64225740
1769982300000,2026-02-01T21:45:00+00:00,2026-02-01,76853.92717391,76453.44,1,2000.0,76546.51146521|76392.80361087|76239.09575652|76085.38790217|75931.68004782
1769984400000,2026-02-01T22:20:00+00:00,2026-02-01,77351.78934783,76696.3,3,6000.0,77042.38219044|76887.67861174|76732.97503305|76578.27145435|76423.56787566
1769987100000,2026-02-01T23:05:00+00:00,2026-02-01,77072.62934783,75720.0,5,10000.0,76764.33883044|76610.19357174|76456.04831305|76301.90305435|76147.75779566
1769987700000,2026-02-01T23:15:00+00:00,2026-02-01,76649.23652174,76238.91,1,2000.0,76342.63957565|76189.34110261|76036.04262957|75882.74415652|75729.44568348
1769989500000,2026-02-01T23:45:00+00:00,2026-02-01,77327.64478261,76967.05,1,2000.0,77018.33420348|76863.67891391|76709.02362435|76554.36833478|76399.71304522
1769990400000,2026-02-02T00:00:00+00:00,2026-02-02,76971.40586957,76606.39,1,2000.0,76663.52024609|76509.57743435|76355.63462261|76201.69181087|76047.74899914
1769994300000,2026-02-02T01:05:00+00:00,2026-02-02,77904.66673913,77288.83,2,4000.0,77593.04807217|77437.23873870|77281.42940522|77125.62007174|76969.81073826
1769994600000,2026-02-02T01:10:00+00:00,2026-02-02,77328.3076087,76792.83,2,4000.0,77018.99437827|76864.33776305|76709.68114783|76555.02453261|76400.36791740
1769995800000,2026-02-02T01:30:00+00:00,2026-02-02,77786.25782609,77430.6,1,2000.0,77475.11279479|77319.54027913|77163.96776348|77008.39524783|76852.82273218
1769996700000,2026-02-02T01:45:00+00:00,2026-02-02,77723.79782609,77374.81,1,2000.0,77412.90263479|77257.45503913|77102.00744348|76946.55984783|76791.11225218
1770001800000,2026-02-02T03:10:00+00:00,2026-02-02,76436.96847826,75848.3,2,4000.0,76131.22060435|75978.34666739|75825.47273043|75672.59879348|75519.72485652
1770002100000,2026-02-02T03:15:00+00:00,2026-02-02,75900.6426087,75412.0,2,4000.0,75597.04003827|75445.23875305|75293.43746783|75141.63618261|74989.83489740
1770002400000,2026-02-02T03:20:00+00:00,2026-02-02,75596.38,75059.47,2,4000.0,75293.99448000|75142.80172000|74991.60896000|74840.41620000|74689.22344000
1770003000000,2026-02-02T03:30:00+00:00,2026-02-02,75133.74326087,74790.0,1,2000.0,74833.20828783|74682.94080130|74532.67331478|74382.40582826|74232.13834174
1770004200000,2026-02-02T03:50:00+00:00,2026-02-02,75877.01413043,75522.6,1,2000.0,75573.50607391|75421.75204565|75269.99801739|75118.24398913|74966.48996086
1770004800000,2026-02-02T04:00:00+00:00,2026-02-02,76292.59608696,75735.08,2,4000.0,75987.42570261|75834.84051044|75682.25531826|75529.67012609|75377.08493392
1770005400000,2026-02-02T04:10:00+00:00,2026-02-02,75868.14934783,75335.9,2,4000.0,75564.67675044|75412.94045174|75261.20415305|75109.46785435|74957.73155566
1770008700000,2026-02-02T05:05:00+00:00,2026-02-02,75949.35543478,75287.63,3,6000.0,75645.55801304|75493.65930217|75341.76059130|75189.86188043|75037.96316956
1770009300000,2026-02-02T05:15:00+00:00,2026-02-02,75524.07195652,75053.47,2,4000.0,75221.97566869|75070.92752478|74919.87938087|74768.83123695|74617.78309304
1770009900000,2026-02-02T05:25:00+00:00,2026-02-02,75350.19478261,74926.77,1,2000.0,75048.79400348|74898.09361391|74747.39322435|74596.69283478|74445.99244522
1770012000000,2026-02-02T06:00:00+00:00,2026-02-02,75510.21456522,75160.1,1,2000.0,75208.17370696|75057.15327783|74906.13284870|74755.11241957|74604.09199044
1770013500000,2026-02-02T06:25:00+00:00,2026-02-02,75737.13934783,75400.0,1,2000.0,75434.19079044|75282.71651174|75131.24223305|74979.76795435|74828.29367566
1770013800000,2026-02-02T06:30:00+00:00,2026-02-02,75685.62,75360.0,1,2000.0,75382.87752000|75231.50628000|75080.13504000|74928.76380000|74777.39256000
1770014100000,2026-02-02T06:35:00+00:00,2026-02-02,75417.5023913,74957.51,2,4000.0,75115.83238173|74964.99737695|74814.16237217|74663.32736739|74512.49236260
1770014700000,2026-02-02T06:45:00+00:00,2026-02-02,76453.46891304,76100.0,1,2000.0,76147.65503739|75994.74809956|75841.84116174|75688.93422391|75536.02728608
1770016200000,2026-02-02T07:10:00+00:00,2026-02-02,76820.79978261,76459.29,1,2000.0,76513.51658348|76359.87498391|76206.23338435|76052.59178478|75898.95018522
1770044100000,2026-02-02T14:55:00+00:00,2026-02-02,78356.23130435,77686.37,3,6000.0,78042.80637913|77886.09391652|77729.38145392|77572.66899131|77415.95652870
1770045900000,2026-02-02T15:25:00+00:00,2026-02-02,78750.9173913,78428.13,1,2000.0,78435.91372173|78278.41188695|78120.91005217|77963.40821739|77805.90638260
1770047400000,2026-02-02T15:50:00+00:00,2026-02-02,79093.00282609,78749.46,1,2000.0,78776.63081479|78618.44480913|78460.25880348|78302.07279783|78143.88679218
1770086700000,2026-02-03T02:45:00+00:00,2026-02-03,78398.63565217,78006.98,1,2000.0,78085.04110956|77928.24383826|77771.44656695|77614.64929565|77457.85202434
1770109800000,2026-02-03T09:10:00+00:00,2026-02-03,78729.71978261,78170.66,2,4000.0,78414.80090348|78257.34146391|78099.88202435|77942.42258478|77784.96314522
1770129000000,2026-02-03T14:30:00+00:00,2026-02-03,78414.23304348,78007.39,1,2000.0,78100.57611131|77943.74764522|77786.91917913|77630.09071305|77473.26224696
1770129300000,2026-02-03T14:35:00+00:00,2026-02-03,78107.19391304,77757.9,1,2000.0,77794.76513739|77638.55074956|77482.33636174|77326.12197391|77169.90758608
1770130200000,2026-02-03T14:50:00+00:00,2026-02-03,78061.07282609,77471.0,2,4000.0,77748.82853479|77592.70638913|77436.58424348|77280.46209783|77124.33995218
1770130500000,2026-02-03T14:55:00+00:00,2026-02-03,77643.9373913,77156.24,2,4000.0,77333.36164173|77178.07376695|77022.78589217|76867.49801739|76712.21014260
1770131400000,2026-02-03T15:10:00+00:00,2026-02-03,77629.73152174,77143.96,2,4000.0,77319.21259565|77163.95313261|77008.69366957|76853.43420652|76698.17474348
1770133200000,2026-02-03T15:40:00+00:00,2026-02-03,77831.96347826,77480.0,1,2000.0,77520.63562435|77364.97169739|77209.30777043|77053.64384348|76897.97991652
1770134400000,2026-02-03T16:00:00+00:00,2026-02-03,78136.28282609,77794.79,1,2000.0,77823.73769479|77667.46512913|77511.19256348|77354.91999783|77198.64743218
1770135600000,2026-02-03T16:20:00+00:00,2026-02-03,77188.41934783,76734.0,1,2000.0,76879.66567044|76725.28883174|76570.91199305|76416.53515435|76262.15831566
1770136200000,2026-02-03T16:30:00+00:00,2026-02-03,76720.44934783,76400.0,1,2000.0,76413.56755044|76260.12665174|76106.68575305|75953.24485435|75799.80395566
1770138300000,2026-02-03T17:05:00+00:00,2026-02-03,76422.42108696,76084.83,1,2000.0,76116.73140261|75963.88656044|75811.04171826|75658.19687609|75505.35203392
1770138600000,2026-02-03T17:10:00+00:00,2026-02-03,76126.97021739,75688.0,1,2000.0,75822.46233652|75670.20839609|75517.95445565|75365.70051522|75213.44657478
1770140100000,2026-02-03T17:35:00+00:00,2026-02-03,75814.77478261,75461.5,1,2000.0,75511.51568348|75359.88613391|75208.25658435|75056.62703478|74904.99748522
1770140400000,2026-02-03T17:40:00+00:00,2026-02-03,75551.15717391,75086.83,2,4000.0,75248.95254521|75097.85023087|74946.74791652|74795.64560217|74644.54328782
1770142800000,2026-02-03T18:20:00+00:00,2026-02-03,74732.86086957,74312.44,1,2000.0,74433.92942609|74284.46370435|74134.99798261|73985.53226087|73836.06653914
1770143100000,2026-02-03T18:25:00+00:00,2026-02-03,74393.65913043,73800.0,2,4000.0,74096.08449391|73947.29717565|73798.50985739|73649.72253913|73500.93522086
1770143400000,2026-02-03T18:30:00+00:00,2026-02-03,74095.2723913,73730.0,1,2000.0,73798.89130173|73650.70075695|73502.51021217|73354.31966739|73206.12912260
1770143700000,2026-02-03T18:35:00+00:00,2026-02-03,74210.54913043,73901.87,1,2000.0,73913.70693391|73765.28583565|73616.86473739|73468.44363913|73320.02254086
1770144000000,2026-02-03T18:40:00+00:00,2026-02-03,74175.35913043,73710.88,2,4000.0,73878.65769391|73730.30697565|73581.95625739|73433.60553913|73285.25482086
1770144300000,2026-02-03T18:45:00+00:00,2026-02-03,73740.80869565,73200.0,2,4000.0,73445.84546087|73298.36384348|73150.88222608|73003.40060869|72855.91899130
1770146100000,2026-02-03T19:15:00+00:00,2026-02-03,74608.26695652,74252.51,1,2000.0,74309.83388869|74160.61735478|74011.40082087|73862.18428695|73712.96775304
1770147900000,2026-02-03T19:45:00+00:00,2026-02-03,74921.25434783,74316.13,3,6000.0,74621.56933044|74471.72682174|74321.88431305|74172.04180435|74022.19929566
1770153300000,2026-02-03T21:15:00+00:00,2026-02-03,76765.48391304,76408.75,1,2000.0,76458.42197739|76304.89100956|76151.36004174|75997.82907391|75844.29810608
1770154500000,2026-02-03T21:35:00+00:00,2026-02-03,76572.58108696,76227.66,1,2000.0,76266.29076261|76113.14560044|75960.00043826|75806.85527609|75653.71011392
1770156300000,2026-02-03T22:05:00+00:00,2026-02-03,76207.20173913,75761.09,1,2000.0,75902.37293217|75749.95852870|75597.54412522|75445.12972174|75292.71531826
1770156900000,2026-02-03T22:15:00+00:00,2026-02-03,75845.335,75516.0,1,2000.0,75541.95366000|75390.26299000|75238.57232000|75086.88165000|74935.19098000
1770158700000,2026-02-03T22:45:00+00:00,2026-02-03,75825.07956522,75430.35,1,2000.0,75521.77924696|75370.12908783|75218.47892870|75066.82876957|74915.17861044
1770172800000,2026-02-04T02:40:00+00:00,2026-02-04,76067.28847826,75707.41,1,2000.0,75763.01932435|75610.88474739|75458.75017043|75306.61559348|75154.48101652
1770202800000,2026-02-04T11:00:00+00:00,2026-02-04,76299.17217391,75909.09,1,2000.0,75993.97548521|75841.37714087|75688.77879652|75536.18045217|75383.58210782
1770212400000,2026-02-04T13:40:00+00:00,2026-02-04,75566.84521739,75255.6,1,2000.0,75264.57783652|75113.44414609|74962.31045565|74811.17676522|74660.04307478
1770212700000,2026-02-04T13:45:00+00:00,2026-02-04,75347.12173913,75030.0,1,2000.0,75045.73325217|74895.03900870|74744.34476522|74593.65052174|74442.95627826
1770213300000,2026-02-04T13:55:00+00:00,2026-02-04,75178.45826087,74867.0,1,2000.0,74877.74442783|74727.38751130|74577.03059478|74426.67367826|74276.31676174
1770215400000,2026-02-04T14:30:00+00:00,2026-02-04,75298.58043478,74688.0,3,6000.0,74997.38611304|74846.78895217|74696.19179130|74545.59463043|74394.99746956
1770216600000,2026-02-04T14:50:00+00:00,2026-02-04,75423.41913043,74722.78,3,6000.0,75121.72545391|74970.87861565|74820.03177739|74669.18493913|74518.33810086
1770216900000,2026-02-04T14:55:00+00:00,2026-02-04,74917.00130435,74256.0,3,6000.0,74617.33329913|74467.49929652|74317.66529392|74167.83129131|74017.99728870
1770217200000,2026-02-04T15:00:00+00:00,2026-02-04,74337.97456522,73867.75,2,4000.0,74040.62266696|73891.94671783|73743.27076870|73594.59481957|73445.91887044
1770218100000,2026-02-04T15:15:00+00:00,2026-02-04,74881.99782609,74522.0,1,2000.0,74582.46983479|74432.70583913|74282.94184348|74133.17784783|73983.41385218
1770218700000,2026-02-04T15:25:00+00:00,2026-02-04,75074.95217391,74726.0,1,2000.0,74774.65236521|74624.50246087|74474.35255652|74324.20265217|74174.05274782
1770219000000,2026-02-04T15:30:00+00:00,2026-02-04,74899.0573913,74156.04,3,6000.0,74599.46116173|74449.66304695|74299.86493217|74150.06681739|74000.26870260
1770219300000,2026-02-04T15:35:00+00:00,2026-02-04,74176.40304348,73794.11,1,2000.0,73879.69743131|73731.34462522|73582.99181913|73434.63901305|73286.28620696
1770219900000,2026-02-04T15:45:00+00:00,2026-02-04,74364.33021739,74010.0,1,2000.0,74066.87289652|73918.14423609|73769.41557565|73620.68691522|73471.95825478
1770221700000,2026-02-04T16:15:00+00:00,2026-02-04,73893.30086957,73558.0,1,2000.0,73597.72766609|73449.94106435|73302.15446261|73154.36786087|73006.58125914
1770222000000,2026-02-04T16:20:00+00:00,2026-02-04,73709.9376087,73404.01,1,2000.0,73415.09785827|73267.67798305|73120.25810783|72972.83823261|72825.41835740
1770222600000,2026-02-04T16:30:00+00:00,2026-02-04,74157.70717391,73560.0,3,6000.0,73861.07634521|73712.76093087|73564.44551652|73416.13010217|73267.81468782
1770222900000,2026-02-04T16:35:00+00:00,2026-02-04,73577.06,73166.58,1,2000.0,73282.75176000|73135.59764000|72988.44352000|72841.28940000|72694.13528000
1770224700000,2026-02-04T17:05:00+00:00,2026-02-04,73537.25695652,73134.61,1,2000.0,73243.10792869|73096.03341478|72948.95890087|72801.88438695|72654.80987304
1770225000000,2026-02-04T17:10:00+00:00,2026-02-04,73137.71782609,72824.56,1,2000.0,72845.16695479|72698.89151913|72552.61608348|72406.34064783|72260.06521218
1770225300000,2026-02-04T17:15:00+00:00,2026-02-04,73614.25043478,73184.0,1,2000.0,73319.79343304|73172.56493217|73025.33643130|72878.10793043|72730.87942956
1770225600000,2026-02-04T17:20:00+00:00,2026-02-04,73202.0523913,72746.45,2,4000.0,72909.24418173|72762.84007695|72616.43597217|72470.03186739|72323.62776260
1770225900000,2026-02-04T17:25:00+00:00,2026-02-04,72792.80108696,72394.7,1,2000.0,72501.62988261|72356.04428044|72210.45867826|72064.87307609|71919.28747392
1770226500000,2026-02-04T17:35:00+00:00,2026-02-04,72742.66847826,72293.0,2,4000.0,72451.69780435|72306.21246739|72160.72713043|72015.24179348|71869.75645652
1770227100000,2026-02-04T17:45:00+00:00,2026-02-04,72789.06217391,72404.02,1,2000.0,72497.90592521|72352.32780087|72206.74967652|72061.17155217|71915.59342782
1770228000000,2026-02-04T18:00:00+00:00,2026-02-04,72576.40021739,72273.68,1,2000.0,72286.09461652|72140.94181609|71995.78901565|71850.63621522|71705.48341478
1770230700000,2026-02-04T18:45:00+00:00,2026-02-04,74028.25304348,73659.9,1,2000.0,73732.14003131|73584.08352522|73436.02701913|73287.97051305|73139.91400696
1770232800000,2026-02-04T19:20:00+00:00,2026-02-04,73544.37152174,73084.36,2,4000.0,73250.19403565|73103.10529261|72956.01654957|72808.92780652|72661.83906348
1770235500000,2026-02-04T20:05:00+00:00,2026-02-04,74067.35413043,73698.0,1,2000.0,73771.08471391|73622.95000565|73474.81529739|73326.68058913|73178.54588086
1770239700000,2026-02-04T21:15:00+00:00,2026-02-04,73561.64934783,73246.5,1,2000.0,73267.40275044|73120.27945174|72973.15615305|72826.03285435|72678.90955566
1770241200000,2026-02-04T21:40:00+00:00,2026-02-04,73284.71043478,72552.91,3,6000.0,72991.57159304|72845.00217217|72698.43275130|72551.86333043|72405.29390956
1770241500000,2026-02-04T21:45:00+00:00,2026-02-04,72636.57804348,72210.0,1,2000.0,72346.03173131|72200.75857522|72055.48541913|71910.21226305|71764.93910696
1770242400000,2026-02-04T22:00:00+00:00,2026-02-04,72797.68826087,72327.99,2,4000.0,72506.49750783|72360.90213130|72215.30675478|72069.71137826|71924.11600174
1770242700000,2026-02-04T22:05:00+00:00,2026-02-04,72336.61869565,71888.0,2,4000.0,72047.27222087|71902.59898348|71757.92574608|71613.25250869|71468.57927130
1770244500000,2026-02-04T22:35:00+00:00,2026-02-04,73291.76673913,72924.41,1,2000.0,72998.59967217|72852.01613870|72705.43260522|72558.84907174|72412.26553826
1770244800000,2026-02-04T22:40:00+00:00,2026-02-04,73107.32913043,72701.67,1,2000.0,72814.89981391|72668.68515565|72522.47049739|72376.25583913|72230.04118086
1770245700000,2026-02-04T22:55:00+00:00,2026-02-04,72843.30021739,72435.99,1,2000.0,72551.92701652|72406.24041609|72260.55381565|72114.86721522|71969.18061478
1770251400000,2026-02-05T00:30:00+00:00,2026-02-05,73257.24521739,72906.37,1,2000.0,72964.21623652|72817.70174609|72671.18725565|72524.67276522|72378.15827478
1770254100000,2026-02-05T01:15:00+00:00,2026-02-05,73183.56173913,72492.75,3,6000.0,72890.82749217|72744.46036870|72598.09324522|72451.72612174|72305.35899826
1770254400000,2026-02-05T01:20:00+00:00,2026-02-05,72510.00913043,71995.09,2,4000.0,72219.96909391|72074.94907565|71929.92905739|71784.90903913|71639.88902086
1770255600000,2026-02-05T01:40:00+00:00,2026-02-05,72857.03826087,72262.87,3,6000.0,72565.61010783|72419.89603130|72274.18195478|72128.46787826|71982.75380174
1770256800000,2026-02-05T02:00:00+00:00,2026-02-05,72425.26630435,72056.0,1,2000.0,72135.56523913|71990.71470652|71845.86417392|71701.01364131|71556.16310870
1770257700000,2026-02-05T02:15:00+00:00,2026-02-05,72039.09956522,71680.0,1,2000.0,71750.94316696|71606.86496783|71462.78676870|71318.70856957|71174.63037044
1770259500000,2026-02-05T02:45:00+00:00,2026-02-05,72608.12630435,71852.94,4,8000.0,72317.69379913|72172.47754652|72027.26129392|71882.04504131|71736.82878870
1770260100000,2026-02-05T02:55:00+00:00,2026-02-05,71780.54304348,71305.55,2,4000.0,71493.42087131|71349.85978522|71206.29869913|71062.73761305|70919.17652696
1770261000000,2026-02-05T03:10:00+00:00,2026-02-05,71833.57152174,71470.42,1,2000.0,71546.23723565|71402.57009261|71258.90294957|71115.23580652|70971.56866348
1770264300000,2026-02-05T04:05:00+00:00,2026-02-05,71093.95826087,70723.0,1,2000.0,70809.58242783|70667.39451130|70525.20659478|70383.01867826|70240.83076174
1770264600000,2026-02-05T04:10:00+00:00,2026-02-05,71164.18869565,70827.51,1,2000.0,70879.53194087|70737.20356348|70594.87518608|70452.54680869|70310.21843130
1770268800000,2026-02-05T05:20:00+00:00,2026-02-05,70669.27065217,70140.0,2,4000.0,70386.59356956|70245.25502826|70103.91648695|69962.57794565|69821.23940434
1770270300000,2026-02-05T05:45:00+00:00,2026-02-05,71026.54195652,70581.58,2,4000.0,70742.43578869|70600.38270478|70458.32962087|70316.27653695|70174.22345304
1770273900000,2026-02-05T06:45:00+00:00,2026-02-05,70880.38652174,70580.65,1,2000.0,70596.86497565|70455.10420261|70313.34342957|70171.58265652|70029.82188348
1770275100000,2026-02-05T07:05:00+00:00,2026-02-05,71525.71021739,71094.7,2,4000.0,71239.60737652|71096.55595609|70953.50453565|70810.45311522|70667.40169478
1770278100000,2026-02-05T07:55:00+00:00,2026-02-05,71004.37065217,70644.73,1,2000.0,70720.35316956|70578.34442826|70436.33568695|70294.32694565|70152.31820434
1770288600000,2026-02-05T10:50:00+00:00,2026-02-05,71135.46521739,70738.29,1,2000.0,70850.92335652|70708.65242609|70566.38149565|70424.11056522|70281.83963478
1770289800000,2026-02-05T11:10:00+00:00,2026-02-05,71034.17826087,70708.03,1,2000.0,70750.04154783|70607.97319130|70465.90483478|70323.83647826|70181.76812174
1770290400000,2026-02-05T11:20:00+00:00,2026-02-05,70731.25869565,70050.0,3,6000.0,70448.33366087|70306.87114348|70165.40862608|70023.94610869|69882.48359130
1770292200000,2026-02-05T11:50:00+00:00,2026-02-05,70503.47130435,70201.62,1,2000.0,70221.45741913|70080.45047652|69939.44353392|69798.43659131|69657.42964870
1770293100000,2026-02-05T12:05:00+00:00,2026-02-05,70493.88326087,70137.02,1,2000.0,70211.90772783|70070.91996130|69929.93219478|69788.94442826|69647.95666174
1770293400000,2026-02-05T12:10:00+00:00,2026-02-05,70208.86152174,69918.0,1,2000.0,69928.02607565|69787.60835261|69647.19062957|69506.77290652|69366.35518348
1770293700000,2026-02-05T12:15:00+00:00,2026-02-05,69936.82347826,69431.44,2,4000.0,69657.07618435|69517.20253739|69377.32889043|69237.45524348|69097.58159652
1770294000000,2026-02-05T12:20:00+00:00,2026-02-05,69479.67413043,69181.07,1,2000.0,69201.75543391|69062.79608565|68923.83673739|68784.87738913|68645.91804086
1770300300000,2026-02-05T14:05:00+00:00,2026-02-05,70125.77543478,69810.66,1,2000.0,69845.27233304|69705.02078217|69564.76923130|69424.51768043|69284.26612956
1770302400000,2026-02-05T14:40:00+00:00,2026-02-05,70682.11652174,70323.72,1,2000.0,70399.38805565|70258.02382261|70116.65958957|69975.29535652|69833.93112348
1770303000000,2026-02-05T14:50:00+00:00,2026-02-05,70299.61913043,69870.0,2,4000.0,70018.42065391|69877.82141565|69737.22217739|69596.62293913|69456.02370086
1770303300000,2026-02-05T14:55:00+00:00,2026-02-05,69914.83456522,69285.71,3,6000.0,69635.17522696|69495.34555783|69355.51588870|69215.68621957|69075.85655044
1770303600000,2026-02-05T15:00:00+00:00,2026-02-05,69416.05652174,68867.0,2,4000.0,69138.39229565|68999.56018261|68860.72806957|68721.89595652|68583.06384348
1770303900000,2026-02-05T15:05:00+00:00,2026-02-05,68985.93913043,68524.36,2,4000.0,68709.99537391|68572.02349565|68434.05161739|68296.07973913|68158.10786086
1770304200000,2026-02-05T15:10:00+00:00,2026-02-05,68647.86173913,68011.11,3,6000.0,68373.27029217|68235.97456870|68098.67884522|67961.38312174|67824.08739826
1770304800000,2026-02-05T15:20:00+00:00,2026-02-05,68302.65521739,67000.0,5,10000.0,68029.44459652|67892.83928609|67756.23397565|67619.62866522|67483.02335478
1770305100000,2026-02-05T15:25:00+00:00,2026-02-05,67536.9526087,66818.0,4,8000.0,67266.80479827|67131.73089305|66996.65698783|66861.58308261|66726.50917740
1770306300000,2026-02-05T15:45:00+00:00,2026-02-05,67479.035,67014.74,2,4000.0,67209.11886000|67074.16079000|66939.20272000|66804.24465000|66669.28658000
1770306900000,2026-02-05T15:55:00+00:00,2026-02-05,67700.15217391,67315.75,1,2000.0,67429.35156521|67293.95126087|67158.55095652|67023.15065217|66887.75034782
1770307500000,2026-02-05T16:05:00+00:00,2026-02-05,67277.1523913,66957.14,1,2000.0,67008.04378173|66873.48947695|66738.93517217|66604.38086739|66469.82656260
1770309300000,2026-02-05T16:35:00+00:00,2026-02-05,68263.81152174,67955.57,1,2000.0,67990.75627565|67854.22865261|67717.70102957|67581.17340652|67444.64578348
1770309900000,2026-02-05T16:45:00+00:00,2026-02-05,67860.02369565,67580.22,1,2000.0,67588.58360087|67452.86355348|67317.14350608|67181.42345869|67045.70341130
1770310500000,2026-02-05T16:55:00+00:00,2026-02-05,68543.6476087,68167.94,1,2000.0,68269.47301827|68132.38572305|67995.29842783|67858.21113261|67721.12383740
1770310800000,2026-02-05T17:00:00+00:00,2026-02-05,68295.68195652,67728.22,3,6000.0,68022.49922869|67885.90786478|67749.31650087|67612.72513695|67476.13377304
1770311100000,2026-02-05T17:05:00+00:00,2026-02-05,67794.60195652,67371.45,2,4000.0,67523.42354869|67387.83434478|67252.24514087|67116.65593695|66981.06673304
1770311700000,2026-02-05T17:15:00+00:00,2026-02-05,67257.20521739,66853.63,2,4000.0,66988.17639652|66853.66198609|66719.14757565|66584.63316522|66450.11875478
1770312000000,2026-02-05T17:20:00+00:00,2026-02-05,66875.46826087,66462.0,2,4000.0,66607.96638783|66474.21545130|66340.46451478|66206.71357826|66072.96264174
1770312300000,2026-02-05T17:25:00+00:00,2026-02-05,67591.41065217,67242.97,1,2000.0,67321.04500956|67185.86218826|67050.67936695|66915.49654565|66780.31372434
1770312600000,2026-02-05T17:30:00+00:00,2026-02-05,67425.35826087,66533.97,5,10000.0,67155.65682783|67020.80611130|66885.95539478|66751.10467826|66616.25396174
1770313500000,2026-02-05T17:45:00+00:00,2026-02-05,67096.40369565,66760.59,1,2000.0,66828.01808087|66693.82527348|66559.63246608|66425.43965869|66291.24685130
1770314100000,2026-02-05T17:55:00+00:00,2026-02-05,66626.05,66152.0,2,4000.0,66359.54580000|66226.29370000|66093.04160000|65959.78950000|65826.53740000
1770315300000,2026-02-05T18:15:00+00:00,2026-02-05,66467.32673913,65807.09,3,6000.0,66201.45743217|66068.52277870|65935.58812522|65802.65347174|65669.71881826
1770315600000,2026-02-05T18:20:00+00:00,2026-02-05,65823.23478261,65500.0,1,2000.0,65559.94184348|65428.29537391|65296.64890435|65165.00243478|65033.35596522
1770315900000,2026-02-05T18:25:00+00:00,2026-02-05,66054.735,65586.82,2,4000.0,65790.51606000|65658.40659000|65526.29712000|65394.18765000|65262.07818000
1770316200000,2026-02-05T18:30:00+00:00,2026-02-05,65831.44934783,65503.89,1,2000.0,65568.12355044|65436.46065174|65304.79775305|65173.13485435|65041.47195566
1770317100000,2026-02-05T18:45:00+00:00,2026-02-05,65786.96630435,65385.0,2,4000.0,65523.81843913|65392.24450652|65260.67057392|65129.09664131|64997.52270870
1770318000000,2026-02-05T19:00:00+00:00,2026-02-05,66352.34173913,66036.92,1,2000.0,66086.93237217|65954.22768870|65821.52300522|65688.81832174|65556.11363826
1770319200000,2026-02-05T19:20:00+00:00,2026-02-05,66386.24152174,65880.67,2,4000.0,66120.69655565|65987.92407261|65855.15158957|65722.37910652|65589.60662348
1770319500000,2026-02-05T19:25:00+00:00,2026-02-05,65957.12,65638.3,1,2000.0,65693.29152000|65561.37728000|65429.46304000|65297.54880000|65165.63456000
1770320400000,2026-02-05T19:40:00+00:00,2026-02-05,66017.9423913,65726.87,1,2000.0,65753.87062173|65621.83473695|65489.79885217|65357.76296739|65225.72708260
1770320700000,2026-02-05T19:45:00+00:00,2026-02-05,65809.53282609,65488.52,1,2000.0,65546.29469479|65414.67562913|65283.05656348|65151.43749783|65019.81843218
1770321000000,2026-02-05T19:50:00+00:00,2026-02-05,65531.45434783,65200.0,1,2000.0,65269.32853044|65138.26562174|65007.20271305|64876.13980435|64745.07689566
1770322200000,2026-02-05T20:10:00+00:00,2026-02-05,65621.38282609,65010.0,3,6000.0,65358.89729479|65227.65452913|65096.41176348|64965.16899783|64833.92623218
1770322500000,2026-02-05T20:15:00+00:00,2026-02-05,65046.69608696,64048.0,5,10000.0,64786.50930261|64656.41591044|64526.32251826|64396.22912609|64266.13573392
1770322800000,2026-02-05T20:20:00+00:00,2026-02-05,64289.36004348,63549.92,4,8000.0,64032.20260331|63903.62388322|63775.04516313|63646.46644305|63517.88772296
1770323100000,2026-02-05T20:25:00+00:00,2026-02-05,64109.0079587,63373.0,4,8000.0,63852.57192687|63724.35391095|63596.13589503|63467.91787911|63339.69986320
1770323400000,2026-02-05T20:30:00+00:00,2026-02-05,63943.6563,63409.81,3,6000.0,63687.88167480|63559.99436220|63432.10704960|63304.21973700|63176.33242440
1770323700000,2026-02-05T20:35:00+00:00,2026-02-05,63787.49456087,63147.9,4,8000.0,63532.34458263|63404.76959350|63277.19460438|63149.61961526|63022.04462614
1770324300000,2026-02-05T20:45:00+00:00,2026-02-05,63669.89065217,63146.1,3,6000.0,63415.21108956|63287.87130826|63160.53152695|63033.19174565|62905.85196434
1770324600000,2026-02-05T20:50:00+00:00,2026-02-05,63314.45826087,62556.63,4,8000.0,63061.20042783|62934.57151130|62807.94259478|62681.31367826|62554.68476174
1770325500000,2026-02-05T21:05:00+00:00,2026-02-05,64407.82913043,63935.93,2,4000.0,64150.19781391|64021.38215565|63892.56649739|63763.75083913|63634.93518086
1770325800000,2026-02-05T21:10:00+00:00,2026-02-05,63966.55413043,63399.88,3,6000.0,63710.68791391|63582.75480565|63454.82169739|63326.88858913|63198.95548086
1770326100000,2026-02-05T21:15:00+00:00,2026-02-05,63458.69347826,62925.57,3,6000.0,63204.85870435|63077.94131739|62951.02393043|62824.10654348|62697.18915652
1770326700000,2026-02-05T21:25:00+00:00,2026-02-05,63936.94478261,63380.73,3,6000.0,63681.19700348|63553.32311391|63425.44922435|63297.57533478|63169.70144522
1770327000000,2026-02-05T21:30:00+00:00,2026-02-05,63982.74586957,63479.9,2,4000.0,63726.81488609|63598.84939435|63470.88390261|63342.91841087|63214.95291914
1770327600000,2026-02-05T21:40:00+00:00,2026-02-05,63837.91826087,63536.38,1,2000.0,63582.56658783|63454.89075130|63327.21491478|63199.53907826|63071.86324174
1770328200000,2026-02-05T21:50:00+00:00,2026-02-05,63678.72913043,63141.71,3,6000.0,63424.01421391|63296.65675565|63169.29929739|63041.94183913|62914.58438086
1770328500000,2026-02-05T21:55:00+00:00,2026-02-05,63308.79434783,63030.97,1,2000.0,63055.55917044|62928.94158174|62802.32399305|62675.70640435|62549.08881566
1770329100000,2026-02-05T22:05:00+00:00,2026-02-05,63306.97021739,62711.36,3,6000.0,63053.74233652|62927.12839609|62800.51445565|62673.90051522|62547.28657478
1770329700000,2026-02-05T22:15:00+00:00,2026-02-05,63561.18043478,62690.9,5,10000.0,63306.93571304|63179.81335217|63052.69099130|62925.56863043|62798.44626956
1770330600000,2026-02-05T22:30:00+00:00,2026-02-05,64076.28065217,63681.81,2,4000.0,63819.97552956|63691.82296826|63563.67040695|63435.51784565|63307.36528434
1770331500000,2026-02-05T22:45:00+00:00,2026-02-05,64033.97065217,63707.53,1,2000.0,63777.83476956|63649.76682826|63521.69888695|63393.63094565|63265.56300434
1770332100000,2026-02-05T22:55:00+00:00,2026-02-05,64433.17956522,63879.6,3,6000.0,64175.44684696|64046.58048783|63917.71412870|63788.84776957|63659.98141044
1770332700000,2026-02-05T23:05:00+00:00,2026-02-05,64754.96869565,64357.05,2,4000.0,64495.94882087|64366.43888348|64236.92894608|64107.41900869|63977.90907130
1770333600000,2026-02-05T23:20:00+00:00,2026-02-05,64388.21782609,64043.22,1,2000.0,64130.66495479|64001.88851913|63873.11208348|63744.33564783|63615.55921218
1770334200000,2026-02-05T23:30:00+00:00,2026-02-05,64419.02804348,63951.56,2,4000.0,64161.35193131|64032.51387522|63903.67581913|63774.83776305|63645.99970696
1770334500000,2026-02-05T23:35:00+00:00,2026-02-05,63957.0073913,63487.27,2,4000.0,63701.17936173|63573.26534695|63445.35133217|63317.43731739|63189.52330260
1770334800000,2026-02-05T23:40:00+00:00,2026-02-05,63720.72543478,63459.9,1,2000.0,63465.84253304|63338.40108217|63210.95963130|63083.51818043|62956.07672956
1770335400000,2026-02-05T23:50:00+00:00,2026-02-05,63419.23152174,62840.96,3,6000.0,63165.55459565|63038.71613261|62911.87766957|62785.03920652|62658.20074348
1770335700000,2026-02-05T23:55:00+00:00,2026-02-05,63001.18413043,62717.48,1,2000.0,62749.17939391|62623.17702565|62497.17465739|62371.17228913|62245.16992086
1770336000000,2026-02-06T00:00:00+00:00,2026-02-06,62925.42565217,61967.5,5,10000.0,62673.72394956|62547.87309826|62422.02224695|62296.17139565|62170.32054434
1770336300000,2026-02-06T00:05:00+00:00,2026-02-06,62298.83913043,61100.0,5,10000.0,62049.64377391|61925.04609565|61800.44841739|61675.85073913|61551.25306086
1770336600000,2026-02-06T00:10:00+00:00,2026-02-06,61448.36826087,60100.0,5,10000.0,61202.57478783|61079.67805130|60956.78131478|60833.88457826|60710.98784174
1770336900000,2026-02-06T00:15:00+00:00,2026-02-06,60321.57086957,60000.0,1,2000.0,60080.28458609|59959.64144435|59838.99830261|59718.35516087|59597.71201914
1770338400000,2026-02-06T00:40:00+00:00,2026-02-06,63228.07021739,62707.87,3,6000.0,62975.15793652|62848.70179609|62722.24565565|62595.78951522|62469.33337478
1770338700000,2026-02-06T00:45:00+00:00,2026-02-06,62950.18173913,62513.63,2,4000.0,62698.38101217|62572.48064870|62446.58028522|62320.67992174|62194.77955826
1770339300000,2026-02-06T00:55:00+00:00,2026-02-06,63824.35347826,63329.69,2,4000.0,63569.05606435|63441.40735739|63313.75865043|63186.10994348|63058.46123652
1770339900000,2026-02-06T01:05:00+00:00,2026-02-06,64245.29934783,63960.0,1,2000.0,63988.31815044|63859.82755174|63731.33695305|63602.84635435|63474.35575566
1770340200000,2026-02-06T01:10:00+00:00,2026-02-06,64490.9426087,64159.7,1,2000.0,64232.97883827|64103.99695305|63975.01506783|63846.03318261|63717.05129740
1770340500000,2026-02-06T01:15:00+00:00,2026-02-06,64353.90282609,63999.99,1,2000.0,64096.48721479|63967.77940913|63839.07160348|63710.36379783|63581.65599218
1770341100000,2026-02-06T01:25:00+00:00,2026-02-06,64333.10717391,64064.81,1,2000.0,64075.77474521|63947.10853087|63818.44231652|63689.77610217|63561.10988782
1770343500000,2026-02-06T02:05:00+00:00,2026-02-06,65547.28,65111.11,2,4000.0,65285.09088000|65153.99632000|65022.90176000|64891.80720000|64760.71264000
1770343800000,2026-02-06T02:10:00+00:00,2026-02-06,65195.56391304,64715.79,2,4000.0,64934.78165739|64804.39052956|64673.99940174|64543.60827391|64413.21714608
1770344400000,2026-02-06T02:20:00+00:00,2026-02-06,64782.00108696,64201.28,3,6000.0,64522.87308261|64393.30908044|64263.74507826|64134.18107609|64004.61707392
1770345900000,2026-02-06T02:45:00+00:00,2026-02-06,65172.05391304,64705.33,2,4000.0,64911.36569739|64781.02158956|64650.67748174|64520.33337391|64389.98926608
1770347100000,2026-02-06T03:05:00+00:00,2026-02-06,64995.41130435,64604.76,2,4000.0,64735.42965913|64605.43883652|64475.44801392|64345.45719131|64215.46636870
1770347400000,2026-02-06T03:10:00+00:00,2026-02-06,64719.17173913,64368.73,1,2000.0,64460.29505217|64330.85670870|64201.41836522|64071.98002174|63942.54167826
1770349200000,2026-02-06T03:40:00+00:00,2026-02-06,64715.51195652,64450.61,1,2000.0,64456.64990869|64327.21888478|64197.78786087|64068.35683695|63938.92581304
1770349500000,2026-02-06T03:45:00+00:00,2026-02-06,64485.20304348,63958.34,3,6000.0,64227.26223131|64098.29182522|63969.32141913|63840.35101305|63711.38060696
1770349800000,2026-02-06T03:50:00+00:00,2026-02-06,64204.87978261,63770.17,2,4000.0,63948.06026348|63819.65050391|63691.24074435|63562.83098478|63434.42122522
1770350400000,2026-02-06T04:00:00+00:00,2026-02-06,64177.92934783,63914.62,1,2000.0,63921.21763044|63792.86177174|63664.50591305|63536.15005435|63407.79419566
1770352500000,2026-02-06T04:35:00+00:00,2026-02-06,64901.77369565,64615.4,1,2000.0,64642.16660087|64512.36305348|64382.55950608|64252.75595869|64122.95241130
1770357300000,2026-02-06T05:55:00+00:00,2026-02-06,66810.89086957,66266.65,3,6000.0,66543.64730609|66410.02552435|66276.40374261|66142.78196087|66009.16017914
1770357900000,2026-02-06T06:05:00+00:00,2026-02-06,66664.91369565,66379.92,1,2000.0,66398.25404087|66264.92421348|66131.59438608|65998.26455869|65864.93473130
1770358200000,2026-02-06T06:10:00+00:00,2026-02-06,66489.21847826,66161.43,1,2000.0,66223.26160435|66090.28316739|65957.30473043|65824.32629348|65691.34785652
1770358500000,2026-02-06T06:15:00+00:00,2026-02-06,66177.23630435,65769.2,2,4000.0,65912.52735913|65780.17288652|65647.81841392|65515.46394131|65383.10946870
1770359400000,2026-02-06T06:30:00+00:00,2026-02-06,65860.19434783,65394.11,2,4000.0,65596.75357044|65465.03318174|65333.31279305|65201.59240435|65069.87201566
1770360000000,2026-02-06T06:40:00+00:00,2026-02-06,65269.94586957,64954.54,1,2000.0,65008.86608609|64878.32619435|64747.78630261|64617.24641087|64486.70651914
1770361200000,2026-02-06T07:00:00+00:00,2026-02-06,65000.03065217,64666.0,1,2000.0,64740.03052956|64610.03046826|64480.03040695|64350.03034565|64220.03028434
1770362700000,2026-02-06T07:25:00+00:00,2026-02-06,65067.27978261,64802.63,1,2000.0,64807.01066348|64676.87610391|64546.74154435|64416.60698478|64286.47242522
1770363900000,2026-02-06T07:45:00+00:00,2026-02-06,65216.45369565,64760.0,2,4000.0,64955.58788087|64825.15497348|64694.72206608|64564.28915869|64433.85625130
1770364800000,2026-02-06T08:00:00+00:00,2026-02-06,64833.44543478,64500.0,1,2000.0,64574.11165304|64444.44476217|64314.77787130|64185.11098043|64055.44408956
1770365700000,2026-02-06T08:15:00+00:00,2026-02-06,65087.0726087,64767.39,1,2000.0,64826.72431827|64696.55017305|64566.37602783|64436.20188261|64306.02773740
1770366600000,2026-02-06T08:30:00+00:00,2026-02-06,64818.62630435,64516.62,1,2000.0,64559.35179913|64429.71454652|64300.07729392|64170.44004131|64040.80278870
1770367200000,2026-02-06T08:40:00+00:00,2026-02-06,64888.94695652,64560.0,1,2000.0,64629.39116869|64499.61327478|64369.83538087|64240.05748695|64110.27959304
1770371700000,2026-02-06T09:55:00+00:00,2026-02-06,66034.12217391,65767.98,1,2000.0,65769.98568521|65637.91744087|65505.84919652|65373.78095217|65241.71270782
1770372600000,2026-02-06T10:10:00+00:00,2026-02-06,65912.83543478,65550.0,1,2000.0,65649.18409304|65517.35842217|65385.53275130|65253.70708043|65121.88140956
1770381000000,2026-02-06T12:30:00+00:00,2026-02-06,66393.80543478,66114.49,1,2000.0,66128.23021304|65995.44260217|65862.65499130|65729.86738043|65597.07976956
1770383100000,2026-02-06T13:05:00+00:00,2026-02-06,66857.76630435,66565.38,1,2000.0,66590.33523913|66456.61970652|66322.90417392|66189.18864131|66055.47310870
1770384300000,2026-02-06T13:25:00+00:00,2026-02-06,67421.38195652,66808.66,3,6000.0,67151.69642869|67016.85366478|66882.01090087|66747.16813695|66612.32537304
1770385800000,2026-02-06T13:50:00+00:00,2026-02-06,67528.12521739,67234.14,1,2000.0,67258.01271652|67122.95646609|66987.90021565|66852.84396522|66717.78771478
1770386400000,2026-02-06T14:00:00+00:00,2026-02-06,67320.78195652,66964.68,1,2000.0,67051.49882869|66916.85726478|66782.21570087|66647.57413695|66512.93257304
1770387300000,2026-02-06T14:15:00+00:00,2026-02-06,67183.66195652,66865.68,1,2000.0,66914.92730869|66780.55998478|66646.19266087|66511.82533695|66377.45801304
1770387600000,2026-02-06T14:20:00+00:00,2026-02-06,66922.78108696,66629.36,1,2000.0,66655.08996261|66521.24440044|66387.39883826|66253.55327609|66119.70771392
1770389700000,2026-02-06T14:55:00+00:00,2026-02-06,68304.29826087,67918.36,1,2000.0,68031.08106783|67894.47247130|67757.86387478|67621.25527826|67484.64668174
1770390000000,2026-02-06T15:00:00+00:00,2026-02-06,68172.89347826,67772.0,1,2000.0,67900.20190435|67763.85611739|67627.51033043|67491.16454348|67354.81875652
1770390600000,2026-02-06T15:10:00+00:00,2026-02-06,68255.46847826,67890.0,1,2000.0,67982.44660435|67845.93566739|67709.42473043|67572.91379348|67436.40285652
1770391500000,2026-02-06T15:25:00+00:00,2026-02-06,68440.30673913,67963.49,2,4000.0,68166.54551217|68029.66489870|67892.78428522|67755.90367174|67619.02305826
1770393000000,2026-02-06T15:50:00+00:00,2026-02-06,68992.75021739,68375.18,3,6000.0,68716.77921652|68578.79371609|68440.80821565|68302.82271522|68164.83721478
1770396900000,2026-02-06T16:55:00+00:00,2026-02-06,70196.37543478,69658.37,2,4000.0,69915.58993304|69775.19718217|69634.80443130|69494.41168043|69354.01892956
1770397200000,2026-02-06T17:00:00+00:00,2026-02-06,69945.22326087,69593.43,1,2000.0,69665.44236783|69525.55192130|69385.66147478|69245.77102826|69105.88058174
1770399300000,2026-02-06T17:35:00+00:00,2026-02-06,71157.98608696,70749.64,1,2000.0,70873.35414261|70731.03817044|70588.72219826|70446.40622609|70304.09025392
1770399900000,2026-02-06T17:45:00+00:00,2026-02-06,71069.37565217,70753.35,1,2000.0,70785.09814956|70642.95939826|70500.82064695|70358.68189565|70216.54314434
1770400200000,2026-02-06T17:50:00+00:00,2026-02-06,70933.08521739,70542.09,1,2000.0,70649.35287652|70507.48670609|70365.62053565|70223.75436522|70081.88819478
1770400800000,2026-02-06T18:00:00+00:00,2026-02-06,70773.52391304,70480.87,1,2000.0,70490.42981739|70348.88276956|70207.33572174|70065.78867391|69924.24162608
1770401100000,2026-02-06T18:05:00+00:00,2026-02-06,70532.67869565,69686.88,4,8000.0,70250.54798087|70109.48262348|69968.41726608|69827.35190869|69686.28655130
1770402000000,2026-02-06T18:20:00+00:00,2026-02-06,69909.36978261,69340.91,3,6000.0,69629.73230348|69489.91356391|69350.09482435|69210.27608478|69070.45734522
1770403800000,2026-02-06T18:50:00+00:00,2026-02-06,70146.94086957,69801.22,1,2000.0,69866.35310609|69726.05922435|69585.76534261|69445.47146087|69305.17757914
1770408300000,2026-02-06T20:05:00+00:00,2026-02-06,70734.01673913,70420.06,1,2000.0,70451.08067217|70309.61263870|70168.14460522|70026.67657174|69885.20853826
1770410100000,2026-02-06T20:35:00+00:00,2026-02-06,70776.01173913,70400.0,1,2000.0,70492.90769217|70351.35566870|70209.80364522|70068.25162174|69926.69959826
1770411300000,2026-02-06T20:55:00+00:00,2026-02-06,70402.34782609,70000.12,1,2000.0,70120.73843479|69979.93373913|69839.12904348|69698.32434783|69557.51965218
1770411900000,2026-02-06T21:05:00+00:00,2026-02-06,70157.71304348,69837.35,1,2000.0,69877.08219131|69736.76676522|69596.45133913|69456.13591305|69315.82048696
1770413400000,2026-02-06T21:30:00+00:00,2026-02-06,70413.69608696,70112.85,1,2000.0,70132.04130261|69991.21391044|69850.38651826|69709.55912609|69568.73173392
1770415800000,2026-02-06T22:10:00+00:00,2026-02-06,70658.76282609,70320.0,1,2000.0,70376.12777479|70234.81024913|70093.49272348|69952.17519783|69810.85767218
1770419100000,2026-02-06T23:05:00+00:00,2026-02-06,71672.91130435,71376.0,1,2000.0,71386.21965913|71242.87383652|71099.52801392|70956.18219131|70812.83636870
1770419400000,2026-02-06T23:10:00+00:00,2026-02-06,71408.82847826,71065.95,1,2000.0,71123.19316435|70980.37550739|70837.55785043|70694.74019348|70551.92253652
1770419700000,2026-02-06T23:15:00+00:00,2026-02-06,71126.31065217,70607.15,2,4000.0,70841.80540956|70699.55278826|70557.30016695|70415.04754565|70272.79492434
1770422400000,2026-02-07T00:00:00+00:00,2026-02-07,70577.64586957,70179.78,1,2000.0,70295.33528609|70154.17999435|70013.02470261|69871.86941087|69730.71411914
1770423900000,2026-02-07T00:25:00+00:00,2026-02-07,70361.15717391,70076.71,1,2000.0,70079.71254521|69938.99023087|69798.26791652|69657.54560217|69516.82328782
1770438300000,2026-02-07T04:25:00+00:00,2026-02-07,71544.485,71074.24,2,4000.0,71258.30706000|71115.21809000|70972.12912000|70829.04015000|70685.95118000
1770438900000,2026-02-07T04:35:00+00:00,2026-02-07,71168.5423913,70871.08,1,2000.0,70883.86822173|70741.53113695|70599.19405217|70456.85696739|70314.51988260
1770441900000,2026-02-07T05:25:00+00:00,2026-02-07,71078.96586957,70168.47,5,10000.0,70794.65000609|70652.49207435|70510.33414261|70368.17621087|70226.01827914
1770443400000,2026-02-07T05:50:00+00:00,2026-02-07,70218.95891304,69800.0,1,2000.0,69938.08307739|69797.64515956|69657.20724174|69516.76932391|69376.33140608
1770444300000,2026-02-07T06:05:00+00:00,2026-02-07,70176.6373913,69852.03,1,2000.0,69895.93084173|69755.57756695|69615.22429217|69474.87101739|69334.51774260
1770446400000,2026-02-07T06:40:00+00:00,2026-02-07,70234.39913043,69811.9,2,4000.0,69953.46153391|69812.99273565|69672.52393739|69532.05513913|69391.58634086
1770446700000,2026-02-07T06:45:00+00:00,2026-02-07,70073.00956522,69771.4,1,2000.0,69792.71752696|69652.57150783|69512.42548870|69372.27946957|69232.13345044
1770447000000,2026-02-07T06:50:00+00:00,2026-02-07,69796.43456522,69344.52,2,4000.0,69517.24882696|69377.65595783|69238.06308870|69098.47021957|68958.87735044
1770447300000,2026-02-07T06:55:00+00:00,2026-02-07,69370.13521739,68757.68,3,6000.0,69092.65467652|68953.91440609|68815.17413565|68676.43386522|68537.69359478
1770447900000,2026-02-07T07:05:00+00:00,2026-02-07,68779.96956522,68268.0,2,4000.0,68504.84968696|68367.28974783|68229.72980870|68092.16986957|67954.60993044
1770448200000,2026-02-07T07:10:00+00:00,2026-02-07,68502.96608696,67941.3,3,6000.0,68228.95422261|68091.94829044|67954.94235826|67817.93642609|67680.93049392
1770448500000,2026-02-07T07:15:00+00:00,2026-02-07,68012.32434783,67348.33,3,6000.0,67740.27505044|67604.25040174|67468.22575305|67332.20110435|67196.17645566
1770449400000,2026-02-07T07:30:00+00:00,2026-02-07,68000.56217391,67556.23,2,4000.0,67728.55992521|67592.55880087|67456.55767652|67320.55655217|67184.55542782
1770450300000,2026-02-07T07:45:00+00:00,2026-02-07,68482.62695652,67300.0,5,10000.0,68208.69644869|68071.73119478|67934.76594087|67797.80068695|67660.83543304
1770451200000,2026-02-07T08:00:00+00:00,2026-02-07,68119.66478261,67747.65,1,2000.0,67847.18612348|67710.94679391|67574.70746435|67438.46813478|67302.22880522
1770453300000,2026-02-07T08:35:00+00:00,2026-02-07,68640.09043478,68336.15,1,2000.0,68365.53007304|68228.24989217|68090.96971130|67953.68953043|67816.40934956
1770456600000,2026-02-07T09:30:00+00:00,2026-02-07,68485.955,68069.21,2,4000.0,68212.01118000|68075.03927000|67938.06736000|67801.09545000|67664.12354000
1770460500000,2026-02-07T10:35:00+00:00,2026-02-07,67867.22978261,67582.48,1,2000.0,67595.76086348|67460.02640391|67324.29194435|67188.55748478|67052.82302522
1770466800000,2026-02-07T12:20:00+00:00,2026-02-07,69749.0223913,69200.0,2,4000.0,69470.02630173|69330.52825695|69191.03021217|69051.53216739|68912.03412260
1770467700000,2026-02-07T12:35:00+00:00,2026-02-07,69605.13130435,69290.13,1,2000.0,69326.71077913|69187.50051652|69048.29025392|68909.07999131|68769.86972870
1770468600000,2026-02-07T12:50:00+00:00,2026-02-07,69238.66478261,68813.75,2,4000.0,68961.71012348|68823.23279391|68684.75546435|68546.27813478|68407.80080522
1770474900000,2026-02-07T14:35:00+00:00,2026-02-07,68924.52695652,68452.88,2,4000.0,68648.82884869|68510.97979478|68373.13074087|68235.28168695|68097.43263304
1770475500000,2026-02-07T14:45:00+00:00,2026-02-07,68793.24978261,68358.75,2,4000.0,68518.07678348|68380.49028391|68242.90378435|68105.31728478|67967.73078522
1770479400000,2026-02-07T15:50:00+00:00,2026-02-07,69348.96543478,69048.01,1,2000.0,69071.56957304|68932.87164217|68794.17371130|68655.47578043|68516.77784956
1770483900000,2026-02-07T17:05:00+00:00,2026-02-07,69070.81934783,68722.66,1,2000.0,68794.53607044|68656.39443174|68518.25279305|68380.11115435|68241.96951566
1770505500000,2026-02-07T23:05:00+00:00,2026-02-07,69239.15065217,68863.13,1,2000.0,68962.19404956|68823.71574826|68685.23744695|68546.75914565|68408.28084434
1770546000000,2026-02-08T10:20:00+00:00,2026-02-08,70286.53630435,69890.52,1,2000.0,70005.39015913|69864.81708652|69724.24401392|69583.67094131|69443.09786870
1770564300000,2026-02-08T15:25:00+00:00,2026-02-08,71202.75,70786.18,1,2000.0,70917.93900000|70775.53350000|70633.12800000|70490.72250000|70348.31700000
1770569100000,2026-02-08T16:45:00+00:00,2026-02-08,70790.39695652,70392.0,1,2000.0,70507.23536869|70365.65457478|70224.07378087|70082.49298695|69940.91219304
1770571200000,2026-02-08T17:20:00+00:00,2026-02-08,70773.2273913,70466.4,1,2000.0,70490.13448173|70348.58802695|70207.04157217|70065.49511739|69923.94866260
1770580800000,2026-02-08T20:00:00+00:00,2026-02-08,71417.78891304,70914.93,2,4000.0,71132.11775739|70989.28217956|70846.44660174|70703.61102391|70560.77544608
1770592200000,2026-02-08T23:10:00+00:00,2026-02-08,71914.92217391,71202.5,3,6000.0,71627.26248521|71483.43264087|71339.60279652|71195.77295217|71051.94310782
1770592800000,2026-02-08T23:20:00+00:00,2026-02-08,71254.19413043,70342.88,5,10000.0,70969.17735391|70826.66896565|70684.16057739|70541.65218913|70399.14380086
1770593400000,2026-02-08T23:30:00+00:00,2026-02-08,70567.4976087,70128.0,2,4000.0,70285.22761827|70144.09262305|70002.95762783|69861.82263261|69720.68763740
1770594900000,2026-02-08T23:55:00+00:00,2026-02-08,70561.365,70252.0,1,2000.0,70279.11954000|70137.99681000|69996.87408000|69855.75135000|69714.62862000
1770596700000,2026-02-09T00:25:00+00:00,2026-02-09,70734.30217391,70450.0,1,2000.0,70451.36496521|70309.89636087|70168.42775652|70026.95915217|69885.49054782
1770601200000,2026-02-09T01:40:00+00:00,2026-02-09,70488.24673913,70068.18,1,2000.0,70206.29375217|70065.31725870|69924.34076522|69783.36427174|69642.38777826
1770616800000,2026-02-09T06:00:00+00:00,2026-02-09,71037.42130435,70750.3,1,2000.0,70753.27161913|70611.19677652|70469.12193392|70327.04709131|70184.97224870
1770617700000,2026-02-09T06:15:00+00:00,2026-02-09,70895.46565217,70461.97,2,4000.0,70611.88378956|70470.09285826|70328.30192695|70186.51099565|70044.72006434
1770625800000,2026-02-09T08:30:00+00:00,2026-02-09,70092.59065217,69393.97,3,6000.0,69812.22028956|69672.03510826|69531.84992695|69391.66474565|69251.47956434
1770632100000,2026-02-09T10:15:00+00:00,2026-02-09,69558.15195652,69151.4,1,2000.0,69279.91934869|69140.80304478|69001.68674087|68862.57043695|68723.45413304
1770633000000,2026-02-09T10:30:00+00:00,2026-02-09,69036.92978261,68670.58,1,2000.0,68760.78206348|68622.70820391|68484.63434435|68346.56048478|68208.48662522
1770633600000,2026-02-09T10:40:00+00:00,2026-02-09,68704.74434783,68420.58,1,2000.0,68429.92537044|68292.51588174|68155.10639305|68017.69690435|67880.28741566
1770645900000,2026-02-09T14:05:00+00:00,2026-02-09,68718.98869565,68372.0,1,2000.0,68444.11274087|68306.67476348|68169.23678608|68031.79880869|67894.36083130
1770647400000,2026-02-09T14:30:00+00:00,2026-02-09,68992.81543478,68655.42,1,2000.0,68716.84417304|68578.85854217|68440.87291130|68302.88728043|68164.90164956
1770650400000,2026-02-09T15:20:00+00:00,2026-02-09,69370.75456522,68982.9,1,2000.0,69093.27154696|68954.53003783|68815.78852870|68677.04701957|68538.30551044
1770653100000,2026-02-09T16:05:00+00:00,2026-02-09,69488.48543478,69135.48,1,2000.0,69210.53149304|69071.55452217|68932.57755130|68793.60058043|68654.62360956
1770660300000,2026-02-09T18:05:00+00:00,2026-02-09,70842.55,70553.49,1,2000.0,70559.17980000|70417.49470000|70275.80960000|70134.12450000|69992.43940000
1770661200000,2026-02-09T18:20:00+00:00,2026-02-09,70496.43195652,70150.01,1,2000.0,70214.44622869|70073.45336478|69932.46050087|69791.46763695|69650.47477304
1770668100000,2026-02-09T20:15:00+00:00,2026-02-09,70992.36673913,70598.1,1,2000.0,70708.39727217|70566.41253870|70424.42780522|70282.44307174|70140.45833826
1770672600000,2026-02-09T21:30:00+00:00,2026-02-09,70332.7326087,69942.56,1,2000.0,70051.40167827|69910.73621305|69770.07074783|69629.40528261|69488.73981740
1770693300000,2026-02-10T03:15:00+00:00,2026-02-10,69842.95586957,69555.0,1,2000.0,69563.58404609|69423.89813435|69284.21222261|69144.52631087|69004.84039914
1770694200000,2026-02-10T03:30:00+00:00,2026-02-10,69555.93217391,69208.61,1,2000.0,69277.70844521|69138.59658087|68999.48471652|68860.37285217|68721.26098782
1770702000000,2026-02-10T05:40:00+00:00,2026-02-10,69616.925,69291.8,1,2000.0,69338.45730000|69199.22345000|69059.98960000|68920.75575000|68781.52190000
1770705900000,2026-02-10T06:45:00+00:00,2026-02-10,69038.9423913,68682.0,1,2000.0,68762.78662173|68624.70873695|68486.63085217|68348.55296739|68210.47508260
1770723600000,2026-02-10T11:40:00+00:00,2026-02-10,69001.88478261,68531.5,2,4000.0,68725.87724348|68587.87347391|68449.86970435|68311.86593478|68173.86216522
1770734100000,2026-02-10T14:35:00+00:00,2026-02-10,69125.21,68400.0,4,8000.0,68848.70916000|68710.45874000|68572.20832000|68433.95790000|68295.70748000
1770734400000,2026-02-10T14:40:00+00:00,2026-02-10,68547.47021739,67800.0,4,8000.0,68273.28033652|68136.18539609|67999.09045565|67861.99551522|67724.90057478
1770734700000,2026-02-10T14:45:00+00:00,2026-02-10,68244.30652174,67920.74,1,2000.0,67971.32929565|67834.84068261|67698.35206957|67561.86345652|67425.37484348
1770736200000,2026-02-10T15:10:00+00:00,2026-02-10,68936.37717391,68600.0,1,2000.0,68660.63166521|68522.75891087|68384.88615652|68247.01340217|68109.14064782
1770747600000,2026-02-10T18:20:00+00:00,2026-02-10,69548.0926087,69218.37,1,2000.0,69269.90023827|69130.80405305|68991.70786783|68852.61168261|68713.51549740
1770747900000,2026-02-10T18:25:00+00:00,2026-02-10,69344.36065217,68880.0,2,4000.0,69066.98320956|68928.29448826|68789.60576695|68650.91704565|68512.22832434
1770749100000,2026-02-10T18:45:00+00:00,2026-02-10,68992.39695652,68604.63,1,2000.0,68716.42736869|68578.44257478|68440.45778087|68302.47298695|68164.48819304
1770759000000,2026-02-10T21:30:00+00:00,2026-02-10,68669.24695652,68379.79,1,2000.0,68394.56996869|68257.23147478|68119.89298087|67982.55448695|67845.21599304
1770777900000,2026-02-11T02:45:00+00:00,2026-02-11,68891.14434783,68603.4,1,2000.0,68615.57977044|68477.79748174|68340.01519305|68202.23290435|68064.45061566
1770779700000,2026-02-11T03:15:00+00:00,2026-02-11,68537.07369565,68091.06,2,4000.0,68262.92540087|68125.85125348|67988.77710608|67851.70295869|67714.62881130
1770783600000,2026-02-11T04:20:00+00:00,2026-02-11,68149.1923913,67685.42,2,4000.0,67876.59562173|67740.29723695|67603.99885217|67467.70046739|67331.40208260
1770783900000,2026-02-11T04:25:00+00:00,2026-02-11,67834.48369565,67556.0,1,2000.0,67563.14576087|67427.47679348|67291.80782608|67156.13885869|67020.46989130
1770789900000,2026-02-11T06:05:00+00:00,2026-02-11,67461.31065217,67111.11,1,2000.0,67191.46540956|67056.54278826|66921.62016695|66786.69754565|66651.77492434
1770790200000,2026-02-11T06:10:00+00:00,2026-02-11,67125.21130435,66819.24,1,2000.0,66856.71045913|66722.46003652|66588.20961392|66453.95919131|66319.70876870
1770817200000,2026-02-11T13:40:00+00:00,2026-02-11,67459.47434783,67146.08,1,2000.0,67189.63645044|67054.71750174|66919.79855305|66784.87960435|66649.96065566
1770817800000,2026-02-11T13:50:00+00:00,2026-02-11,67257.47456522,66914.0,1,2000.0,66988.44466696|66853.92971783|66719.41476870|66584.89981957|66450.38487044
1770819600000,2026-02-11T14:20:00+00:00,2026-02-11,68321.20804348,67932.0,1,2000.0,68047.92321131|67911.28079522|67774.63837913|67637.99596305|67501.35354696
1770820200000,2026-02-11T14:30:00+00:00,2026-02-11,67994.15326087,67620.92,1,2000.0,67722.17664783|67586.18834130|67450.20003478|67314.21172826|67178.22342174
1770820500000,2026-02-11T14:35:00+00:00,2026-02-11,67698.87021739,67188.94,2,4000.0,67428.07473652|67292.67699609|67157.27925565|67021.88151522|66886.48377478
1770820800000,2026-02-11T14:40:00+00:00,2026-02-11,67244.23152174,66945.81,1,2000.0,66975.25459565|66840.76613261|66706.27766957|66571.78920652|66437.30074348
1770821100000,2026-02-11T14:45:00+00:00,2026-02-11,67240.89586957,66846.0,1,2000.0,66971.93228609|66837.45049435|66702.96870261|66568.48691087|66434.00511914
1770821700000,2026-02-11T14:55:00+00:00,2026-02-11,66976.98543478,66435.62,3,6000.0,66709.07749304|66575.12352217|66441.16955130|66307.21558043|66173.26160956
1770822300000,2026-02-11T15:05:00+00:00,2026-02-11,66435.27065217,65859.99,3,6000.0,66169.52956956|66036.65902826|65903.78848695|65770.91794565|65638.04740434
1770823500000,2026-02-11T15:25:00+00:00,2026-02-11,66183.12521739,65900.0,1,2000.0,65918.39271652|65786.02646609|65653.66021565|65521.29396522|65388.92771478
1770824700000,2026-02-11T15:45:00+00:00,2026-02-11,66781.09413043,66183.26,3,6000.0,66513.96975391|66380.40756565|66246.84537739|66113.28318913|65979.72100086
1770827100000,2026-02-11T16:25:00+00:00,2026-02-11,66902.29456522,66573.35,1,2000.0,66634.68538696|66500.88079783|66367.07620870|66233.27161957|66099.46703044
1770827700000,2026-02-11T16:35:00+00:00,2026-02-11,66608.21478261,66159.29,2,4000.0,66341.78192348|66208.56549391|66075.34906435|65942.13263478|65808.91620522
1770852000000,2026-02-11T23:20:00+00:00,2026-02-11,67279.6926087,66901.45,1,2000.0,67010.57383827|66876.01445305|66741.45506783|66606.89568261|66472.33629740
1770869700000,2026-02-12T04:15:00+00:00,2026-02-12,67581.2676087,67296.9,1,2000.0,67310.94253827|67175.78000305|67040.61746783|66905.45493261|66770.29239740
1770904800000,2026-02-12T14:00:00+00:00,2026-02-12,68369.56891304,67989.16,1,2000.0,68096.09063739|67959.35149956|67822.61236174|67685.87322391|67549.13408608
1770906900000,2026-02-12T14:35:00+00:00,2026-02-12,68174.18326087,67741.63,2,4000.0,67901.48652783|67765.13816130|67628.78979478|67492.44142826|67356.09306174
1770908100000,2026-02-12T14:55:00+00:00,2026-02-12,67980.56195652,67572.96,1,2000.0,67708.63970869|67572.67858478|67436.71746087|67300.75633695|67164.79521304
1770908400000,2026-02-12T15:00:00+00:00,2026-02-12,67655.40391304,67264.99,1,2000.0,67384.78229739|67249.47148956|67114.16068174|66978.84987391|66843.53906608
1770910500000,2026-02-12T15:35:00+00:00,2026-02-12,67656.45521739,67256.09,1,2000.0,67385.82939652|67250.51648609|67115.20357565|66979.89066522|66844.57775478
1770911400000,2026-02-12T15:50:00+00:00,2026-02-12,67472.975,67133.33,1,2000.0,67203.08310000|67068.13715000|66933.19120000|66798.24525000|66663.29930000
1770912300000,2026-02-12T16:05:00+00:00,2026-02-12,67193.19717391,66610.95,3,6000.0,66924.42438521|66790.03799087|66655.65159652|66521.26520217|66386.87880782
1770913200000,2026-02-12T16:20:00+00:00,2026-02-12,66554.3576087,66207.61,1,2000.0,66288.14017827|66155.03146305|66021.92274783|65888.81403261|65755.70531740
1770913500000,2026-02-12T16:25:00+00:00,2026-02-12,66297.96586957,66000.01,1,2000.0,66032.77400609|65900.17807435|65767.58214261|65634.98621087|65502.39027914
1770914700000,2026-02-12T16:45:00+00:00,2026-02-12,66289.58586957,66023.45,1,2000.0,66024.42752609|65891.84835435|65759.26918261|65626.69001087|65494.11083914
1770915000000,2026-02-12T16:50:00+00:00,2026-02-12,66157.8673913,65556.0,3,6000.0,65893.23592173|65760.92018695|65628.60445217|65496.28871739|65363.97298260
1770916200000,2026-02-12T17:10:00+00:00,2026-02-12,65951.20804348,65563.79,1,2000.0,65687.40321131|65555.50079522|65423.59837913|65291.69596305|65159.79354696
1770917400000,2026-02-12T17:30:00+00:00,2026-02-12,66127.98956522,65845.04,1,2000.0,65863.47760696|65731.22162783|65598.96564870|65466.70966957|65334.45369044
1770920100000,2026-02-12T18:15:00+00:00,2026-02-12,65681.86456522,65235.0,2,4000.0,65419.13710696|65287.77337783|65156.40964870|65025.04591957|64893.68219044
1770931200000,2026-02-12T21:20:00+00:00,2026-02-12,65776.27326087,65484.23,1,2000.0,65513.16816783|65381.61562130|65250.06307478|65118.51052826|64986.95798174
1770989700000,2026-02-13T13:35:00+00:00,2026-02-13,67520.22717391,67242.0,1,2000.0,67250.14626521|67115.10581087|66980.06535652|66845.02490217|66709.98444782
1770993600000,2026-02-13T14:40:00+00:00,2026-02-13,67396.18173913,66867.47,2,4000.0,67126.59701217|66991.80464870|66857.01228522|66722.21992174|66587.42755826
1770994200000,2026-02-13T14:50:00+00:00,2026-02-13,67886.21347826,67611.68,1,2000.0,67614.66862435|67478.89619739|67343.12377043|67207.35134348|67071.57891652
1770997500000,2026-02-13T15:45:00+00:00,2026-02-13,68735.74326087,68379.9,1,2000.0,68460.80028783|68323.32880130|68185.85731478|68048.38582826|67910.91434174
1771002300000,2026-02-13T17:05:00+00:00,2026-02-13,68939.06347826,68636.36,1,2000.0,68663.30722435|68525.42909739|68387.55097043|68249.67284348|68111.79471652
1771073100000,2026-02-14T12:45:00+00:00,2026-02-14,70082.73652174,69778.89,1,2000.0,69802.40557565|69662.24010261|69522.07462957|69381.90915652|69241.74368348
1771074900000,2026-02-14T13:15:00+00:00,2026-02-14,69713.21282609,69064.6,3,6000.0,69434.35997479|69294.93354913|69155.50712348|69016.08069783|68876.65427218
1771075200000,2026-02-14T13:20:00+00:00,2026-02-14,69492.29521739,69095.73,1,2000.0,69214.32603652|69075.34144609|68936.35685565|68797.37226522|68658.38767478
1771118400000,2026-02-15T01:20:00+00:00,2026-02-15,69837.95652174,69553.4,1,2000.0,69558.60469565|69418.92878261|69279.25286957|69139.57695652|68999.90104348
1771128000000,2026-02-15T04:00:00+00:00,2026-02-15,69957.60826087,69459.35,2,4000.0,69677.77782783|69537.86261130|69397.94739478|69258.03217826|69118.11696174
1771144200000,2026-02-15T08:30:00+00:00,2026-02-15,70577.62369565,70182.31,1,2000.0,70295.31320087|70154.15795348|70013.00270608|69871.84745869|69730.69221130
1771159500000,2026-02-15T12:45:00+00:00,2026-02-15,70257.88413043,69976.39,1,2000.0,69976.85259391|69836.33682565|69695.82105739|69555.30528913|69414.78952086
1771159800000,2026-02-15T12:50:00+00:00,2026-02-15,70001.88065217,69538.84,2,4000.0,69721.87312956|69581.86936826|69441.86560695|69301.86184565|69161.85808434
1771160100000,2026-02-15T12:55:00+00:00,2026-02-15,69620.81130435,69309.87,1,2000.0,69342.32805913|69203.08643652|69063.84481392|68924.60319131|68785.36156870
1771161900000,2026-02-15T13:25:00+00:00,2026-02-15,69431.22173913,69015.11,1,2000.0,69153.49685217|69014.63440870|68875.77196522|68736.90952174|68598.04707826
1771171500000,2026-02-15T16:05:00+00:00,2026-02-15,68995.10021739,68658.0,1,2000.0,68719.11981652|68581.12961609|68443.13941565|68305.14921522|68167.15901478
1771177500000,2026-02-15T17:45:00+00:00,2026-02-15,68851.3223913,68203.6,3,6000.0,68575.91710173|68438.21445695|68300.51181217|68162.80916739|68025.10652260
1771181100000,2026-02-15T18:45:00+00:00,2026-02-15,68701.21347826,68348.43,1,2000.0,68426.40862435|68289.00619739|68151.60377043|68014.20134348|67876.79891652
1771182300000,2026-02-15T19:05:00+00:00,2026-02-15,68334.6626087,68000.0,1,2000.0,68061.32395827|67924.65463305|67787.98530783|67651.31598261|67514.64665740
1771196400000,2026-02-15T23:00:00+00:00,2026-02-15,68967.8573913,68550.94,2,4000.0,68691.98596173|68554.05024695|68416.11453217|68278.17881739|68140.24310260
1771196700000,2026-02-15T23:05:00+00:00,2026-02-15,68682.34869565,68319.64,1,2000.0,68407.61930087|68270.25460348|68132.88990608|67995.52520869|67858.16051130
1771248000000,2026-02-16T13:20:00+00:00,2026-02-16,69612.43608696,69270.55,1,2000.0,69333.98634261|69194.76147044|69055.53659826|68916.31172609|68777.08685392
1771248300000,2026-02-16T13:25:00+00:00,2026-02-16,69313.19826087,68520.07,4,8000.0,69035.94546783|68897.31907130|68758.69267478|68620.06627826|68481.43988174
1771248900000,2026-02-16T13:35:00+00:00,2026-02-16,68617.29934783,68286.25,1,2000.0,68342.83015044|68205.59555174|68068.36095305|67931.12635435|67793.89175566
1771251900000,2026-02-16T14:25:00+00:00,2026-02-16,68641.94695652,68263.2,1,2000.0,68367.37916869|68230.09527478|68092.81138087|67955.52748695|67818.24359304
1771253400000,2026-02-16T14:50:00+00:00,2026-02-16,68599.17934783,68300.0,1,2000.0,68324.78263044|68187.58427174|68050.38591305|67913.18755435|67775.98919566
1771255800000,2026-02-16T15:30:00+00:00,2026-02-16,68248.25282609,67418.0,5,10000.0,67975.25981479|67838.76330913|67702.26680348|67565.77029783|67429.27379218
1771302600000,2026-02-17T04:30:00+00:00,2026-02-17,68611.18152174,68288.0,1,2000.0,68336.73679565|68199.51443261|68062.29206957|67925.06970652|67787.84734348
1771323300000,2026-02-17T10:15:00+00:00,2026-02-17,68091.885,67800.0,1,2000.0,67819.51746000|67683.33369000|67547.14992000|67410.96615000|67274.78238000
1771338900000,2026-02-17T14:35:00+00:00,2026-02-17,68093.25108696,67474.61,3,6000.0,67820.87808261|67684.69158044|67548.50507826|67412.31857609|67276.13207392
1771339200000,2026-02-17T14:40:00+00:00,2026-02-17,67625.01869565,66902.15,4,8000.0,67354.51862087|67219.26858348|67084.01854608|66948.76850869|66813.51847130
1771339500000,2026-02-17T14:45:00+00:00,2026-02-17,67108.01521739,66811.01,1,2000.0,66839.58315652|66705.36712609|66571.15109565|66436.93506522|66302.71903478
1771339800000,2026-02-17T14:50:00+00:00,2026-02-17,67073.46891304,66734.3,1,2000.0,66805.17503739|66671.02809956|66536.88116174|66402.73422391|66268.58728608
1771345200000,2026-02-17T16:20:00+00:00,2026-02-17,67930.15913043,67600.0,1,2000.0,67658.43849391|67522.57817565|67386.71785739|67250.85753913|67114.99722086
1771346400000,2026-02-17T16:40:00+00:00,2026-02-17,67974.05217391,67696.34,1,2000.0,67702.15596521|67566.20786087|67430.25975652|67294.31165217|67158.36354782
1771348200000,2026-02-17T17:10:00+00:00,2026-02-17,67502.61543478,67072.07,2,4000.0,67232.60497304|67097.59974217|66962.59451130|66827.58928043|66692.58404956
1771349400000,2026-02-17T17:30:00+00:00,2026-02-17,67463.84021739,67051.12,2,4000.0,67193.98485652|67059.05717609|66924.12949565|66789.20181522|66654.27413478
1771355700000,2026-02-17T19:15:00+00:00,2026-02-17,68181.86173913,67888.89,1,2000.0,67909.13429217|67772.77056870|67636.40684522|67500.04312174|67363.67939826
1771412700000,2026-02-18T11:05:00+00:00,2026-02-18,67783.24978261,67133.75,3,6000.0,67512.11678348|67376.55028391|67240.98378435|67105.41728478|66969.85078522
1771425900000,2026-02-18T14:45:00+00:00,2026-02-18,67139.13282609,66717.3,2,4000.0,66870.57629479|66736.29802913|66602.01976348|66467.74149783|66333.46323218
1771430400000,2026-02-18T16:00:00+00:00,2026-02-18,67695.35934783,67161.77,2,4000.0,67424.57791044|67289.18719174|67153.79647305|67018.40575435|66883.01503566
1771430700000,2026-02-18T16:05:00+00:00,2026-02-18,67396.68913043,67089.47,1,2000.0,67127.10237391|66992.30899565|66857.51561739|66722.72223913|66587.92886086
1771440000000,2026-02-18T18:40:00+00:00,2026-02-18,66884.86282609,66307.6,3,6000.0,66617.32337479|66483.55364913|66349.78392348|66216.01419783|66082.24447218
1771447800000,2026-02-18T20:50:00+00:00,2026-02-18,66466.18804348,66160.96,1,2000.0,66200.32329131|66067.39091522|65934.45853913|65801.52616305|65668.59378696
1771494300000,2026-02-19T09:45:00+00:00,2026-02-19,67076.94025,66754.23,1,2000.0,66808.63248900|66674.47860850|66540.32472800|66406.17084750|66272.01696700
1771511400000,2026-02-19T14:30:00+00:00,2026-02-19,65979.91173913,65653.82,1,2000.0,65715.99209217|65584.03226870|65452.07244522|65320.11262174|65188.15279826
1771513800000,2026-02-19T15:10:00+00:00,2026-02-19,66399.3573913,66036.36,1,2000.0,66133.75996173|66000.96124695|65868.16253217|65735.36381739|65602.56510260
1771516800000,2026-02-19T16:00:00+00:00,2026-02-19,66401.36913043,66114.3,1,2000.0,66135.76365391|66002.96091565|65870.15817739|65737.35543913|65604.55270086
1771523400000,2026-02-19T17:50:00+00:00,2026-02-19,66469.44434783,66173.15,1,2000.0,66203.56657044|66070.62768174|65937.68879305|65804.74990435|65671.81101566
1771587600000,2026-02-20T11:40:00+00:00,2026-02-20,67709.00695652,67388.39,1,2000.0,67438.17092869|67302.75291478|67167.33490087|67031.91688695|66896.49887304
1771592400000,2026-02-20T13:00:00+00:00,2026-02-20,67542.36586957,67084.71,2,4000.0,67272.19640609|67137.11167435|67002.02694261|66866.94221087|66731.85747914
1771594200000,2026-02-20T13:30:00+00:00,2026-02-20,67205.31652174,66833.45,1,2000.0,66936.49525565|66802.08462261|66667.67398957|66533.26335652|66398.85272348
1771594500000,2026-02-20T13:35:00+00:00,2026-02-20,66877.845,66280.2,3,6000.0,66610.33362000|66476.57793000|66342.82224000|66209.06655000|66075.31086000
1771595700000,2026-02-20T13:55:00+00:00,2026-02-20,66945.16717391,66500.0,2,4000.0,66677.38650521|66543.49617087|66409.60583652|66275.71550217|66141.82516782
1771596900000,2026-02-20T14:15:00+00:00,2026-02-20,66922.40804348,66651.36,1,2000.0,66654.71841131|66520.87359522|66387.02877913|66253.18396305|66119.33914696
1771599900000,2026-02-20T15:05:00+00:00,2026-02-20,67394.91413043,67105.26,1,2000.0,67125.33447391|66990.54464565|66855.75481739|66720.96498913|66586.17516086
1771600200000,2026-02-20T15:10:00+00:00,2026-02-20,67383.02826087,66866.88,2,4000.0,67113.49614783|66978.73009130|66843.96403478|66709.19797826|66574.43192174
1771600500000,2026-02-20T15:15:00+00:00,2026-02-20,66896.26608696,66536.64,1,2000.0,66628.68102261|66494.88849044|66361.09595826|66227.30342609|66093.51089392
1771601400000,2026-02-20T15:30:00+00:00,2026-02-20,67457.20152174,67000.0,2,4000.0,67187.37271565|67052.45831261|66917.54390957|66782.62950652|66647.71510348
1771604700000,2026-02-20T16:25:00+00:00,2026-02-20,67841.62956522,67307.29,2,4000.0,67570.26304696|67434.57978783|67298.89652870|67163.21326957|67027.53001044
1771607100000,2026-02-20T17:05:00+00:00,2026-02-20,67694.07608696,67273.16,2,4000.0,67423.29978261|67287.91163044|67152.52347826|67017.13532609|66881.74717392
1771612500000,2026-02-20T18:35:00+00:00,2026-02-20,67878.32673913,67527.01,1,2000.0,67606.81343217|67471.05677870|67335.30012522|67199.54347174|67063.78681826
1771642800000,2026-02-21T03:00:00+00:00,2026-02-21,68003.5676087,67725.05,1,2000.0,67731.55333827|67595.54620305|67459.53906783|67323.53193261|67187.52479740
1771781400000,2026-02-22T17:30:00+00:00,2026-02-22,67498.86630435,67203.98,1,2000.0,67228.87083913|67093.87310652|66958.87537392|66823.87764131|66688.87990870
1771808100000,2026-02-23T00:55:00+00:00,2026-02-23,67143.96413043,66715.01,2,4000.0,66875.38827391|66741.10034565|66606.81241739|66472.52448913|66338.23656086
1771808400000,2026-02-23T01:00:00+00:00,2026-02-23,66738.51869565,66039.73,4,8000.0,66471.56462087|66338.08758348|66204.61054608|66071.13350869|65937.65647130
1771808700000,2026-02-23T01:05:00+00:00,2026-02-23,66438.8023913,65364.13,5,10000.0,66173.04718173|66040.16957695|65907.29197217|65774.41436739|65641.53676260
1771809000000,2026-02-23T01:10:00+00:00,2026-02-23,65577.91413043,65264.16,1,2000.0,65315.60247391|65184.44664565|65053.29081739|64922.13498913|64790.97916086
1771809300000,2026-02-23T01:15:00+00:00,2026-02-23,65486.18521739,65108.0,1,2000.0,65224.24047652|65093.26810609|64962.29573565|64831.32336522|64700.35099478
1771811100000,2026-02-23T01:45:00+00:00,2026-02-23,65131.57413043,64290.71,5,10000.0,64871.04783391|64740.78468565|64610.52153739|64480.25838913|64349.99524086
1771811400000,2026-02-23T01:50:00+00:00,2026-02-23,64672.83217391,64372.54,1,2000.0,64414.14084521|64284.79518087|64155.44951652|64026.10385217|63896.75818782
1771857600000,2026-02-23T14:40:00+00:00,2026-02-23,65860.22391304,65529.73,1,2000.0,65596.78301739|65465.06256956|65333.34212174|65201.62167391|65069.90122608
1771862400000,2026-02-23T16:00:00+00:00,2026-02-23,65668.42326087,65372.91,1,2000.0,65405.74956783|65274.41272130|65143.07587478|65011.73902826|64880.40218174
1771866600000,2026-02-23T17:10:00+00:00,2026-02-23,65359.35847826,65043.51,1,2000.0,65097.92104435|64967.20232739|64836.48361043|64705.76489348|64575.04617652
1771866900000,2026-02-23T17:15:00+00:00,2026-02-23,65083.93152174,64730.42,1,2000.0,64823.59579565|64693.42793261|64563.26006957|64433.09220652|64302.92434348
1771869000000,2026-02-23T17:50:00+00:00,2026-02-23,64444.98456522,64152.04,1,2000.0,64187.20462696|64058.31465783|63929.42468870|63800.53471957|63671.64475044
1771874400000,2026-02-23T19:20:00+00:00,2026-02-23,64616.44630435,64354.27,1,2000.0,64357.98051913|64228.74762652|64099.51473392|63970.28184131|63841.04894870
1771875300000,2026-02-23T19:35:00+00:00,2026-02-23,64340.15195652,64048.71,1,2000.0,64082.79134869|63954.11104478|63825.43074087|63696.75043695|63568.07013304
1771877400000,2026-02-23T20:10:00+00:00,2026-02-23,64186.85478261,63915.82,1,2000.0,63930.10736348|63801.73365391|63673.35994435|63544.98623478|63416.61252522
1771895400000,2026-02-24T01:10:00+00:00,2026-02-24,64647.81869565,64240.49,2,4000.0,64389.22742087|64259.93178348|64130.63614608|64001.34050869|63872.04487130
1771895700000,2026-02-24T01:15:00+00:00,2026-02-24,64325.07195652,63433.84,5,10000.0,64067.77166869|63939.12152478|63810.47138087|63681.82123695|63553.17109304
1771896900000,2026-02-24T01:35:00+00:00,2026-02-24,64512.12913043,64125.21,1,2000.0,64254.08061391|64125.05635565|63996.03209739|63867.00783913|63737.98358086
1771897500000,2026-02-24T01:45:00+00:00,2026-02-24,64341.29891304,64067.41,1,2000.0,64083.93371739|63955.25111956|63826.56852174|63697.88592391|63569.20332608
1771902000000,2026-02-24T03:00:00+00:00,2026-02-24,64119.46217391,63604.43,3,6000.0,63862.98432521|63734.74540087|63606.50647652|63478.26755217|63350.02862782
1771905900000,2026-02-24T04:05:00+00:00,2026-02-24,63505.44782609,63232.0,1,2000.0,63251.42603479|63124.41513913|62997.40424348|62870.39334783|62743.38245218
1771906200000,2026-02-24T04:10:00+00:00,2026-02-24,63300.91630435,63000.0,1,2000.0,63047.71263913|62921.11080652|62794.50897392|62667.90714131|62541.30530870
1771910100000,2026-02-24T05:15:00+00:00,2026-02-24,63500.10543478,63244.26,1,2000.0,63246.10501304|63119.10480217|62992.10459130|62865.10438043|62738.10416956
1771910400000,2026-02-24T05:20:00+00:00,2026-02-24,63266.96391304,62700.8,3,6000.0,63013.89605739|62887.36212956|62760.82820174|62634.29427391|62507.76034608
1771939800000,2026-02-24T13:30:00+00:00,2026-02-24,62920.81,62510.28,2,4000.0,62669.12676000|62543.28514000|62417.44352000|62291.60190000|62165.76028000
1771950600000,2026-02-24T16:30:00+00:00,2026-02-24,63953.44347826,63689.54,1,2000.0,63697.62970435|63569.72281739|63441.81593043|63313.90904348|63186.00215652
1771956600000,2026-02-24T18:10:00+00:00,2026-02-24,64207.32195652,63872.72,1,2000.0,63950.49266869|63822.07802478|63693.66338087|63565.24873695|63436.83409304
1771960200000,2026-02-24T19:10:00+00:00,2026-02-24,64569.58326087,64259.1,1,2000.0,64311.30492783|64182.16576130|64053.02659478|63923.88742826|63794.74826174
1771966800000,2026-02-24T21:00:00+00:00,2026-02-24,64460.78673913,64134.97,1,2000.0,64202.94359217|64074.02201870|63945.10044522|63816.17887174|63687.25729826
1771967700000,2026-02-24T21:15:00+00:00,2026-02-24,64241.18978261,63932.5,1,2000.0,63984.22502348|63855.74264391|63727.26026435|63598.77788478|63470.29550522
1771983600000,2026-02-25T01:40:00+00:00,2026-02-25,66148.91717391,65769.46,1,2000.0,65884.32150521|65752.02367087|65619.72583652|65487.42800217|65355.13016782
1771989300000,2026-02-25T03:15:00+00:00,2026-02-25,65833.13086957,65552.94,1,2000.0,65569.79834609|65438.13208435|65306.46582261|65174.79956087|65043.13329914
1771992000000,2026-02-25T04:00:00+00:00,2026-02-25,65396.14847826,65116.65,1,2000.0,65134.56388435|65003.77158739|64872.97929043|64742.18699348|64611.39469652
1772027400000,2026-02-25T13:50:00+00:00,2026-02-25,66657.22347826,66302.14,1,2000.0,66390.59458435|66257.28013739|66123.96569043|65990.65124348|65857.33679652
1772030100000,2026-02-25T14:35:00+00:00,2026-02-25,66550.03282609,66228.24,1,2000.0,66283.83269479|66150.73262913|66017.63256348|65884.53249783|65751.43243218
1772031900000,2026-02-25T15:05:00+00:00,2026-02-25,67133.10673913,66793.67,1,2000.0,66864.57431217|66730.30809870|66596.04188522|66461.77567174|66327.50945826
1772042400000,2026-02-25T18:00:00+00:00,2026-02-25,68677.65608696,68373.33,1,2000.0,68402.94546261|68265.59015044|68128.23483826|67990.87952609|67853.52421392
1772046000000,2026-02-25T19:00:00+00:00,2026-02-25,69329.52217391,69039.03,1,2000.0,69052.20408521|68913.54504087|68774.88599652|68636.22695217|68497.56790782
1772046600000,2026-02-25T19:10:00+00:00,2026-02-25,69071.44891304,68764.94,1,2000.0,68795.16311739|68657.02021956|68518.87732174|68380.73442391|68242.59152608
1772050200000,2026-02-25T20:10:00+00:00,2026-02-25,68911.08630435,68619.22,1,2000.0,68635.44195913|68497.61978652|68359.79761392|68221.97544131|68084.15326870
1772055900000,2026-02-25T21:45:00+00:00,2026-02-25,69223.00369565,68814.37,1,2000.0,68946.11168087|68807.66567348|68669.21966608|68530.77365869|68392.32765130
1772059200000,2026-02-25T22:40:00+00:00,2026-02-25,68682.25891304,68268.53,2,4000.0,68407.52987739|68270.16535956|68132.80084174|67995.43632391|67858.07180608
1772059800000,2026-02-25T22:50:00+00:00,2026-02-25,68455.11782609,68055.91,1,2000.0,68181.29735479|68044.38711913|67907.47688348|67770.56664783|67633.65641218
1772062800000,2026-02-25T23:40:00+00:00,2026-02-25,68037.70065217,67600.0,2,4000.0,67765.54984956|67629.47444826|67493.39904695|67357.32364565|67221.24824434
1772066100000,2026-02-26T00:35:00+00:00,2026-02-26,68474.72326087,68145.5,1,2000.0,68200.82436783|68063.87492130|67926.92547478|67789.97602826|67653.02658174
1772071200000,2026-02-26T02:00:00+00:00,2026-02-26,68246.73782609,67940.2,1,2000.0,67973.75087479|67837.25739913|67700.76392348|67564.27044783|67427.77697218
1772116200000,2026-02-26T14:30:00+00:00,2026-02-26,68116.955,67738.43,1,2000.0,67844.48718000|67708.25327000|67572.01936000|67435.78545000|67299.55154000
1772117100000,2026-02-26T14:45:00+00:00,2026-02-26,67810.73282609,67289.37,2,4000.0,67539.48989479|67403.86842913|67268.24696348|67132.62549783|66997.00403218
1772118900000,2026-02-26T15:15:00+00:00,2026-02-26,67379.58304348,66913.47,2,4000.0,67110.06471131|66975.30554522|66840.54637913|66705.78721305|66571.02804696
1772121900000,2026-02-26T16:05:00+00:00,2026-02-26,67342.43934783,67071.38,1,2000.0,67073.06959044|66938.38471174|66803.69983305|66669.01495435|66534.33007566
1772123400000,2026-02-26T16:30:00+00:00,2026-02-26,67449.51934783,67055.61,1,2000.0,67179.72127044|67044.82223174|66909.92319305|66775.02415435|66640.12511566
1772123700000,2026-02-26T16:35:00+00:00,2026-02-26,67192.27630435,66909.09,1,2000.0,66923.50719913|66789.12264652|66654.73809392|66520.35354131|66385.96898870
1772124300000,2026-02-26T16:45:00+00:00,2026-02-26,67038.89108696,66705.71,1,2000.0,66770.73552261|66636.65774044|66502.57995826|66368.50217609|66234.42439392
1772124600000,2026-02-26T16:50:00+00:00,2026-02-26,67016.50717391,66600.0,2,4000.0,66748.44114521|66614.40813087|66480.37511652|66346.34210217|66212.30908782
1772129100000,2026-02-26T18:05:00+00:00,2026-02-26,66847.20586957,66575.73,1,2000.0,66579.81704609|66446.12263435|66312.42822261|66178.73381087|66045.03939914
1772138100000,2026-02-26T20:35:00+00:00,2026-02-26,67545.74565217,67269.42,1,2000.0,67275.56266956|67140.47117826|67005.37968695|66870.28819565|66735.19670434
1772185500000,2026-02-27T09:45:00+00:00,2026-02-27,67622.03108696,67331.91,1,2000.0,67351.54296261|67216.29890044|67081.05483826|66945.81077609|66810.56671392
1772187000000,2026-02-27T10:10:00+00:00,2026-02-27,67272.16369565,66837.18,2,4000.0,67003.07504087|66868.53071348|66733.98638608|66599.44205869|66464.89773130
1772187600000,2026-02-27T10:20:00+00:00,2026-02-27,66994.89782609,66688.91,1,2000.0,66726.91823479|66592.92843913|66458.93864348|66324.94884783|66190.95905218
1772190900000,2026-02-27T11:15:00+00:00,2026-02-27,66703.61565217,66361.0,1,2000.0,66436.80118956|66303.39395826|66169.98672695|66036.57949565|65903.17226434
1772192100000,2026-02-27T11:35:00+00:00,2026-02-27,66463.36108696,66084.44,1,2000.0,66197.50764261|66064.58092044|65931.65419826|65798.72747609|65665.80075392
1772203200000,2026-02-27T14:40:00+00:00,2026-02-27,66261.68130435,65790.0,2,4000.0,65996.63457913|65864.11121652|65731.58785392|65599.06449131|65466.54112870
1772208300000,2026-02-27T16:05:00+00:00,2026-02-27,66042.68391304,65755.4,1,2000.0,65778.51317739|65646.42780956|65514.34244174|65382.25707391|65250.17170608
1772231400000,2026-02-27T22:30:00+00:00,2026-02-27,65470.37413043,64914.46,3,6000.0,65208.49263391|65077.55188565|64946.61113739|64815.67038913|64684.72964086
1772259300000,2026-02-28T06:15:00+00:00,2026-02-28,65496.34282609,64501.11,5,10000.0,65234.35745479|65103.36476913|64972.37208348|64841.37939783|64710.38671218
1772259900000,2026-02-28T06:25:00+00:00,2026-02-28,64973.31652174,64400.0,3,6000.0,64713.42325565|64583.47662261|64453.52998957|64323.58335652|64193.63672348
1772260200000,2026-02-28T06:30:00+00:00,2026-02-28,64552.10478261,64074.14,2,4000.0,64293.89636348|64164.79215391|64035.68794435|63906.58373478|63777.47952522
1772260500000,2026-02-28T06:35:00+00:00,2026-02-28,64085.51695652,63574.51,2,4000.0,63829.17488869|63701.00385478|63572.83282087|63444.66178695|63316.49075304
1772261100000,2026-02-28T06:45:00+00:00,2026-02-28,64029.16195652,63750.17,1,2000.0,63773.04530869|63644.98698478|63516.92866087|63388.87033695|63260.81201304
1772261400000,2026-02-28T06:50:00+00:00,2026-02-28,63776.12956522,63393.15,2,4000.0,63521.02504696|63393.47278783|63265.92052870|63138.36826957|63010.81601044
1772261700000,2026-02-28T06:55:00+00:00,2026-02-28,63420.8626087,63030.0,2,4000.0,63167.17915827|63040.33743305|62913.49570783|62786.65398261|62659.81225740
1772263200000,2026-02-28T07:20:00+00:00,2026-02-28,63770.6273913,63351.18,2,4000.0,63515.54488173|63388.00362695|63260.46237217|63132.92111739|63005.37986260
1772264700000,2026-02-28T07:45:00+00:00,2026-02-28,64082.85282609,63816.05,1,2000.0,63826.52141479|63698.35570913|63570.19000348|63442.02429783|63313.85859218
1772265900000,2026-02-28T08:05:00+00:00,2026-02-28,63819.04478261,63540.03,1,2000.0,63563.76860348|63436.13051391|63308.49242435|63180.85433478|63053.21624522
1772287200000,2026-02-28T14:00:00+00:00,2026-02-28,65109.33326087,64758.0,1,2000.0,64848.89592783|64718.67726130|64588.45859478|64458.23992826|64328.02126174
1772290200000,2026-02-28T14:50:00+00:00,2026-02-28,64746.61652174,64394.9,1,2000.0,64487.63005565|64358.13682261|64228.64358957|64099.15035652|63969.65712348
1772307600000,2026-02-28T19:40:00+00:00,2026-02-28,66574.07891304,66267.72,1,2000.0,66307.78259739|66174.63443956|66041.48628174|65908.33812391|65775.18996608
1772312400000,2026-02-28T21:00:00+00:00,2026-02-28,66953.30282609,66445.24,2,4000.0,66685.48961479|66551.58300913|66417.67640348|66283.76979783|66149.86319218
1772318400000,2026-02-28T22:40:00+00:00,2026-02-28,67533.56891304,67178.0,1,2000.0,67263.43463739|67128.36749956|66993.30036174|66858.23322391|66723.16608608
1772319000000,2026-02-28T22:50:00+00:00,2026-02-28,67506.32,67209.04,1,2000.0,67236.29472000|67101.28208000|66966.26944000|66831.25680000|66696.24416000
1772320200000,2026-02-28T23:10:00+00:00,2026-02-28,67189.31913043,66916.77,1,2000.0,66920.56185391|66786.18321565|66651.80457739|66517.42593913|66383.04730086
1772327400000,2026-03-01T01:10:00+00:00,2026-03-01,66467.1126087,66184.61,1,2000.0,66201.24415827|66068.30993305|65935.37570783|65802.44148261|65669.50725740
1772330700000,2026-03-01T02:05:00+00:00,2026-03-01,68021.20543478,67688.0,1,2000.0,67749.12061304|67613.07820217|67477.03579130|67340.99338043|67204.95096956
1772333100000,2026-03-01T02:45:00+00:00,2026-03-01,68070.32826087,67733.63,1,2000.0,67798.04694783|67661.90629130|67525.76563478|67389.62497826|67253.48432174
1772335200000,2026-03-01T03:20:00+00:00,2026-03-01,67693.06891304,67407.34,1,2000.0,67422.29663739|67286.91049956|67151.52436174|67016.13822391|66880.75208608
1772355000000,2026-03-01T08:50:00+00:00,2026-03-01,66974.76543478,66389.33,3,6000.0,66706.86637304|66572.91684217|66438.96731130|66305.01778043|66171.06824956
1772373300000,2026-03-01T13:55:00+00:00,2026-03-01,67162.09869565,66881.87,1,2000.0,66893.45030087|66759.12610348|66624.80190608|66490.47770869|66356.15351130
1772380500000,2026-03-01T15:55:00+00:00,2026-03-01,67100.07782609,66828.6,1,2000.0,66831.67751479|66697.47735913|66563.27720348|66429.07704783|66294.87689218
1772383500000,2026-03-01T16:45:00+00:00,2026-03-01,66843.61956522,65860.92,5,10000.0,66576.24508696|66442.55784783|66308.87060870|66175.18336957|66041.49613044
1772383800000,2026-03-01T16:50:00+00:00,2026-03-01,66097.68065217,65730.28,1,2000.0,65833.28992956|65701.09456826|65568.89920695|65436.70384565|65304.50848434
1772385300000,2026-03-01T17:15:00+00:00,2026-03-01,66109.0026087,65699.98,2,4000.0,65844.56659827|65712.34859305|65580.13058783|65447.91258261|65315.69457740
1772395500000,2026-03-01T20:05:00+00:00,2026-03-01,65913.58043478,65576.08,1,2000.0,65649.92611304|65518.09895217|65386.27179130|65254.44463043|65122.61746956
1772403900000,2026-03-01T22:25:00+00:00,2026-03-01,66122.36673913,65770.0,1,2000.0,65857.87727217|65725.63253870|65593.38780522|65461.14307174|65328.89833826
1772404200000,2026-03-01T22:30:00+00:00,2026-03-01,65869.21869565,65270.67,3,6000.0,65605.74182087|65474.00338348|65342.26494608|65210.52650869|65078.78807130
1772405100000,2026-03-01T22:45:00+00:00,2026-03-01,65399.46347826,65056.0,1,2000.0,65137.86562435|65007.06669739|64876.26777043|64745.46884348|64614.66991652
1772417100000,2026-03-02T02:05:00+00:00,2026-03-02,66545.50391304,66132.38,2,4000.0,66279.32189739|66146.23088956|66013.13988174|65880.04887391|65746.95786608
1772417400000,2026-03-02T02:10:00+00:00,2026-03-02,66180.6923913,65890.5,1,2000.0,65915.96962173|65783.60823695|65651.24685217|65518.88546739|65386.52408260
1772426100000,2026-03-02T04:35:00+00:00,2026-03-02,66923.11326087,66633.32,1,2000.0,66655.42080783|66521.57458130|66387.72835478|66253.88212826|66120.03590174
1772432100000,2026-03-02T06:15:00+00:00,2026-03-02,66608.34086957,66230.03,1,2000.0,66341.90750609|66208.69082435|66075.47414261|65942.25746087|65809.04077914
1772435100000,2026-03-02T07:05:00+00:00,2026-03-02,65992.48456522,65625.01,1,2000.0,65728.51462696|65596.52965783|65464.54468870|65332.55971957|65200.57475044
1772439600000,2026-03-02T08:20:00+00:00,2026-03-02,65988.00456522,65713.42,1,2000.0,65724.05254696|65592.07653783|65460.10052870|65328.12451957|65196.14851044
1772457900000,2026-03-02T13:25:00+00:00,2026-03-02,66047.57956522,65760.34,1,2000.0,65783.38924696|65651.29408783|65519.19892870|65387.10376957|65255.00861044
1772466600000,2026-03-02T15:50:00+00:00,2026-03-02,69308.96717391,68791.59,2,4000.0,69031.73130521|68893.11337087|68754.49543652|68615.87750217|68477.25956782
1772468700000,2026-03-02T16:25:00+00:00,2026-03-02,69590.09413043,69278.7,1,2000.0,69311.73375391|69172.55356565|69033.37337739|68894.19318913|68755.01300086
1772473200000,2026-03-02T17:40:00+00:00,2026-03-02,69121.39782609,68803.18,1,2000.0,68844.91223479|68706.66943913|68568.42664348|68430.18384783|68291.94105218
1772474400000,2026-03-02T18:00:00+00:00,2026-03-02,69191.845,68727.83,2,4000.0,68915.07762000|68776.69393000|68638.31024000|68499.92655000|68361.54286000
1772478300000,2026-03-02T19:05:00+00:00,2026-03-02,68890.06608696,68590.6,1,2000.0,68614.50582261|68476.72569044|68338.94555826|68201.16542609|68063.38529392
1772481900000,2026-03-02T20:05:00+00:00,2026-03-02,69140.84913043,68798.71,1,2000.0,68864.28573391|68726.00403565|68587.72233739|68449.44063913|68311.15894086
1772482200000,2026-03-02T20:10:00+00:00,2026-03-02,68887.84782609,68584.9,1,2000.0,68612.29643479|68474.52073913|68336.74504348|68198.96934783|68061.19365218
1772503200000,2026-03-03T02:00:00+00:00,2026-03-03,68762.07152174,68408.08,1,2000.0,68487.02323565|68349.49909261|68211.97494957|68074.45080652|67936.92666348
1772504400000,2026-03-03T02:20:00+00:00,2026-03-03,68532.54695652,68210.71,1,2000.0,68258.41676869|68121.35167478|67984.28658087|67847.22148695|67710.15639304
1772515800000,2026-03-03T05:30:00+00:00,2026-03-03,68411.76630435,68094.55,1,2000.0,68138.11923913|68001.29570652|67864.47217392|67727.64864131|67590.82510870
1772529900000,2026-03-03T09:25:00+00:00,2026-03-03,66995.44347826,66589.87,2,4000.0,66727.46170435|66593.47081739|66459.47993043|66325.48904348|66191.49815652
1772530200000,2026-03-03T09:30:00+00:00,2026-03-03,66634.52695652,66340.14,1,2000.0,66367.98884869|66234.71979478|66101.45074087|65968.18168695|65834.91263304
1772548200000,2026-03-03T14:30:00+00:00,2026-03-03,67128.19978261,66810.89,1,2000.0,66859.68698348|66725.43058391|66591.17418435|66456.91778478|66322.66138522
1772548800000,2026-03-03T14:40:00+00:00,2026-03-03,67028.58782609,66367.1,3,6000.0,66760.47347479|66626.41629913|66492.35912348|66358.30194783|66224.24477218
1772549100000,2026-03-03T14:45:00+00:00,2026-03-03,66458.10108696,66158.0,1,2000.0,66192.26868261|66059.35248044|65926.43627826|65793.52007609|65660.60387392
1772550900000,2026-03-03T15:15:00+00:00,2026-03-03,66857.82086957,66562.02,1,2000.0,66590.38958609|66456.67394435|66322.95830261|66189.24266087|66055.52701914
1772554200000,2026-03-03T16:10:00+00:00,2026-03-03,68542.71847826,68226.91,1,2000.0,68268.54760435|68131.46216739|67994.37673043|67857.29129348|67720.20585652
1772555400000,2026-03-03T16:30:00+00:00,2026-03-03,68837.36173913,68252.0,3,6000.0,68562.01229217|68424.33756870|68286.66284522|68148.98812174|68011.31339826
1772555700000,2026-03-03T16:35:00+00:00,2026-03-03,68384.97065217,67783.92,3,6000.0,68111.43076956|67974.66082826|67837.89088695|67701.12094565|67564.35100434
1772556000000,2026-03-03T16:40:00+00:00,2026-03-03,67855.71695652,67473.09,1,2000.0,67584.29408869|67448.58265478|67312.87122087|67177.15978695|67041.44835304
1772557200000,2026-03-03T17:00:00+00:00,2026-03-03,68176.30217391,67797.87,1,2000.0,67903.59696521|67767.24436087|67630.89175652|67494.53915217|67358.18654782
1772557800000,2026-03-03T17:10:00+00:00,2026-03-03,67919.76978261,67626.53,1,2000.0,67648.09070348|67512.25116391|67376.41162435|67240.57208478|67104.73254522
1772559000000,2026-03-03T17:30:00+00:00,2026-03-03,68240.93108696,67766.5,2,4000.0,67967.96736261|67831.48550044|67695.00363826|67558.52177609|67422.03991392
1772561400000,2026-03-03T18:10:00+00:00,2026-03-03,68253.82565217,67976.47,1,2000.0,67980.81034956|67844.30269826|67707.79504695|67571.28739565|67434.77974434
1772571000000,2026-03-03T20:50:00+00:00,2026-03-03,68415.00673913,68092.1,1,2000.0,68141.34671217|68004.51669870|67867.68668522|67730.85667174|67594.02665826
1772584200000,2026-03-04T00:30:00+00:00,2026-03-04,68296.72456522,68000.0,1,2000.0,68023.53766696|67886.94421783|67750.35076870|67613.75731957|67477.16387044
1772588700000,2026-03-04T01:45:00+00:00,2026-03-04,68716.8526087,68389.51,1,2000.0,68441.98519827|68304.55149305|68167.11778783|68029.68408261|67892.25037740
1772595000000,2026-03-04T03:30:00+00:00,2026-03-04,67983.015,67492.72,2,4000.0,67711.08294000|67575.11691000|67439.15088000|67303.18485000|67167.21882000
1772611800000,2026-03-04T08:10:00+00:00,2026-03-04,69698.35782609,69377.68,1,2000.0,69419.56439479|69280.16767913|69140.77096348|69001.37424783|68861.97753218
1772617800000,2026-03-04T09:50:00+00:00,2026-03-04,71822.99565217,71430.7,1,2000.0,71535.70366956|71392.05767826|71248.41168695|71104.76569565|70961.11970434
1772634900000,2026-03-04T14:35:00+00:00,2026-03-04,72413.50282609,71735.73,3,6000.0,72123.84881479|71979.02180913|71834.19480348|71689.36779783|71544.54079218
1772635200000,2026-03-04T14:40:00+00:00,2026-03-04,71908.08173913,71408.9,2,4000.0,71620.44941217|71476.63324870|71332.81708522|71189.00092174|71045.18475826
1772640300000,2026-03-04T16:05:00+00:00,2026-03-04,73288.58108696,72890.9,1,2000.0,72995.42676261|72848.84960044|72702.27243826|72555.69527609|72409.11811392
1772644800000,2026-03-04T17:20:00+00:00,2026-03-04,73304.0073913,72932.8,1,2000.0,73010.79136173|72864.18334695|72717.57533217|72570.96731739|72424.35930260
1772647800000,2026-03-04T18:10:00+00:00,2026-03-04,73319.75608696,72912.11,1,2000.0,73026.47706261|72879.83755044|72733.19803826|72586.55852609|72439.91901392
1772652000000,2026-03-04T19:20:00+00:00,2026-03-04,73958.74608696,73616.0,1,2000.0,73662.91110261|73514.99361044|73367.07611826|73219.15862609|73071.24113392
1772690700000,2026-03-05T06:05:00+00:00,2026-03-05,72384.50195652,72092.93,1,2000.0,72094.96394869|71950.19494478|71805.42594087|71660.65693695|71515.88793304
1772697000000,2026-03-05T07:50:00+00:00,2026-03-05,72161.41934783,71768.0,1,2000.0,71872.77367044|71728.45083174|71584.12799305|71439.80515435|71295.48231566
1772717400000,2026-03-05T13:30:00+00:00,2026-03-05,72509.64521739,72189.7,1,2000.0,72219.60663652|72074.58734609|71929.56805565|71784.54876522|71639.52947478
1772721300000,2026-03-05T14:35:00+00:00,2026-03-05,72685.40630435,72153.39,2,4000.0,72394.66467913|72249.29386652|72103.92305392|71958.55224131|71813.18142870
1772722800000,2026-03-05T15:00:00+00:00,2026-03-05,72605.42565217,72237.91,1,2000.0,72315.00394956|72169.79309826|72024.58224695|71879.37139565|71734.16054434
1772723100000,2026-03-05T15:05:00+00:00,2026-03-05,72279.465,71824.58,2,4000.0,71990.34714000|71845.78821000|71701.22928000|71556.67035000|71412.11142000
1772723700000,2026-03-05T15:15:00+00:00,2026-03-05,71817.43086957,71514.51,1,2000.0,71530.16114609|71386.52628435|71242.89142261|71099.25656087|70955.62169914
1772726400000,2026-03-05T16:00:00+00:00,2026-03-05,71627.80673913,71303.38,1,2000.0,71341.29551217|71198.03989870|71054.78428522|70911.52867174|70768.27305826
1772726700000,2026-03-05T16:05:00+00:00,2026-03-05,71340.81782609,70851.0,2,4000.0,71055.45455479|70912.77291913|70770.09128348|70627.40964783|70484.72801218
1772730300000,2026-03-05T17:05:00+00:00,2026-03-05,71543.43217391,71072.26,2,4000.0,71257.25844521|71114.17158087|70971.08471652|70827.99785217|70684.91098782
1772746500000,2026-03-05T21:35:00+00:00,2026-03-05,71426.00282609,71113.33,1,2000.0,71140.29881479|70997.44680913|70854.59480348|70711.74279783|70568.89079218
1772753400000,2026-03-05T23:30:00+00:00,2026-03-05,71234.76934783,70811.44,1,2000.0,70949.83027044|70807.36073174|70664.89119305|70522.42165435|70379.95211566
1772760300000,2026-03-06T01:25:00+00:00,2026-03-06,70839.65717391,70344.03,2,4000.0,70556.29854521|70414.61923087|70272.93991652|70131.26060217|69989.58128782
1772772000000,2026-03-06T04:40:00+00:00,2026-03-06,70722.33847826,70270.21,2,4000.0,70439.44912435|70298.00444739|70156.55977043|70015.11509348|69873.67041652
1772798700000,2026-03-06T12:05:00+00:00,2026-03-06,70163.82521739,69795.87,1,2000.0,69883.16991652|69742.84226609|69602.51461565|69462.18696522|69321.85931478
1772803800000,2026-03-06T13:30:00+00:00,2026-03-06,70082.05847826,69750.0,1,2000.0,69801.73024435|69661.56612739|69521.40201043|69381.23789348|69241.07377652
1772805300000,2026-03-06T13:55:00+00:00,2026-03-06,69964.90086957,69208.0,4,8000.0,69685.04126609|69545.11146435|69405.18166261|69265.25186087|69125.32205914
1772805600000,2026-03-06T14:00:00+00:00,2026-03-06,69238.47652174,68893.0,1,2000.0,68961.52261565|68823.04566261|68684.56870957|68546.09175652|68407.61480348
1772805900000,2026-03-06T14:05:00+00:00,2026-03-06,69186.89652174,68654.18,2,4000.0,68910.14893565|68771.77514261|68633.40134957|68495.02755652|68356.65376348
1772807700000,2026-03-06T14:35:00+00:00,2026-03-06,68876.94434783,68400.0,2,4000.0,68601.43657044|68463.68268174|68325.92879305|68188.17490435|68050.42101566
1772808300000,2026-03-06T14:45:00+00:00,2026-03-06,68741.81956522,68405.0,1,2000.0,68466.85228696|68329.36864783|68191.88500870|68054.40136957|67916.91773044
1772812200000,2026-03-06T15:50:00+00:00,2026-03-06,68597.48217391,68306.0,1,2000.0,68323.09224521|68185.89728087|68048.70231652|67911.50735217|67774.31238782
1772813100000,2026-03-06T16:05:00+00:00,2026-03-06,68750.31086957,68388.02,1,2000.0,68475.30962609|68337.80900435|68200.30838261|68062.80776087|67925.30713914
1772818500000,2026-03-06T17:35:00+00:00,2026-03-06,68163.06608696,67792.54,1,2000.0,67890.41382261|67754.08769044|67617.76155826|67481.43542609|67345.10929392
1772856000000,2026-03-07T04:00:00+00:00,2026-03-07,68120.2273913,67817.0,1,2000.0,67847.74648173|67711.50602695|67575.26557217|67439.02511739|67302.78466260
1772866200000,2026-03-07T06:50:00+00:00,2026-03-07,67894.75956522,67612.21,1,2000.0,67623.18052696|67487.39100783|67351.60148870|67215.81196957|67080.02245044
1772906400000,2026-03-07T18:00:00+00:00,2026-03-07,67787.41195652,67480.0,1,2000.0,67516.26230869|67380.68748478|67245.11266087|67109.53783695|66973.96301304
1772937900000,2026-03-08T02:45:00+00:00,2026-03-08,67390.63652174,67071.7,1,2000.0,67121.07397565|66986.29270261|66851.51142957|66716.73015652|66581.94888348
1772967900000,2026-03-08T11:05:00+00:00,2026-03-08,67756.25391304,67456.88,1,2000.0,67485.22889739|67349.71638956|67214.20388174|67078.69137391|66943.17886608
1772971500000,2026-03-08T12:05:00+00:00,2026-03-08,67621.23586957,67259.18,1,2000.0,67350.75092609|67215.50845435|67080.26598261|66945.02351087|66809.78103914
1772971800000,2026-03-08T12:10:00+00:00,2026-03-08,67312.03652174,67000.0,1,2000.0,67042.78837565|66908.16430261|66773.54022957|66638.91615652|66504.29208348
1772975400000,2026-03-08T13:10:00+00:00,2026-03-08,67283.23847826,66950.0,1,2000.0,67014.10552435|66879.53904739|66744.97257043|66610.40609348|66475.83961652
1772977200000,2026-03-08T13:40:00+00:00,2026-03-08,67063.46086957,66761.68,1,2000.0,66795.20702609|66661.08010435|66526.95318261|66392.82626087|66258.69933914
1773003900000,2026-03-08T21:05:00+00:00,2026-03-08,67215.98195652,66925.52,1,2000.0,66947.11802869|66812.68606478|66678.25410087|66543.82213695|66409.39017304
1773007200000,2026-03-08T22:00:00+00:00,2026-03-08,67002.38173913,65741.28,5,10000.0,66734.37221217|66600.36744870|66466.36268522|66332.35792174|66198.35315826
1773007800000,2026-03-08T22:10:00+00:00,2026-03-08,66053.22043478,65684.77,1,2000.0,65789.00755304|65656.90111217|65524.79467130|65392.68823043|65260.58178956
1773008100000,2026-03-08T22:15:00+00:00,2026-03-08,66059.47782609,65720.41,1,2000.0,65795.23991479|65663.12095913|65531.00200348|65398.88304783|65266.76409218
1773015600000,2026-03-09T00:20:00+00:00,2026-03-09,66251.87347826,65970.0,1,2000.0,65986.86598435|65854.36223739|65721.85849043|65589.35474348|65456.85099652
1773026400000,2026-03-09T03:20:00+00:00,2026-03-09,67625.85369565,67100.13,2,4000.0,67355.35028087|67220.09857348|67084.84686608|66949.59515869|66814.34345130
1773032100000,2026-03-09T04:55:00+00:00,2026-03-09,67385.95086957,67093.09,1,2000.0,67116.40706609|66981.63516435|66846.86326261|66712.09136087|66577.31945914
1773040500000,2026-03-09T07:15:00+00:00,2026-03-09,67202.43195652,66853.48,1,2000.0,66933.62222869|66799.21736478|66664.81250087|66530.40763695|66396.00277304
1773054900000,2026-03-09T11:15:00+00:00,2026-03-09,67708.3623913,67417.8,1,2000.0,67437.52894173|67302.11221695|67166.69549217|67031.27876739|66895.86204260
1773063900000,2026-03-09T13:45:00+00:00,2026-03-09,69230.30434783,68933.85,1,2000.0,68953.38313044|68814.92252174|68676.46191305|68538.00130435|68399.54069566
1773065100000,2026-03-09T14:05:00+00:00,2026-03-09,69064.71934783,68709.68,1,2000.0,68788.46047044|68650.33103174|68512.20159305|68374.07215435|68235.94271566
1773073800000,2026-03-09T16:30:00+00:00,2026-03-09,68963.90456522,68614.47,1,2000.0,68688.04894696|68550.12113783|68412.19332870|68274.26551957|68136.33771044
1773085200000,2026-03-09T19:40:00+00:00,2026-03-09,69065.85847826,68780.0,1,2000.0,68789.59504435|68651.46332739|68513.33161043|68375.19989348|68237.06817652
1773092400000,2026-03-09T21:40:00+00:00,2026-03-09,68937.39521739,68660.94,1,2000.0,68661.64563652|68523.77084609|68385.89605565|68248.02126522|68110.14647478
1773114300000,2026-03-10T03:45:00+00:00,2026-03-10,69862.07673913,69436.0,2,4000.0,69582.62843217|69442.90427870|69303.18012522|69163.45597174|69023.73181826
1773149400000,2026-03-10T13:30:00+00:00,2026-03-10,70862.29695652,70221.42,3,6000.0,70578.84776869|70437.12317478|70295.39858087|70153.67398695|70011.94939304
1773149700000,2026-03-10T13:35:00+00:00,2026-03-10,70274.05173913,69746.82,2,4000.0,69992.95553217|69852.40742870|69711.85932522|69571.31122174|69430.76311826
1773150900000,2026-03-10T13:55:00+00:00,2026-03-10,70189.2676087,69872.68,1,2000.0,69908.51053827|69768.13200305|69627.75346783|69487.37493261|69346.99639740
1773151200000,2026-03-10T14:00:00+00:00,2026-03-10,69918.71173913,69606.34,1,2000.0,69639.03689217|69499.19946870|69359.36204522|69219.52462174|69079.68719826
1773151500000,2026-03-10T14:05:00+00:00,2026-03-10,69979.1926087,69486.66,2,4000.0,69699.27583827|69559.31745305|69419.35906783|69279.40068261|69139.44229740
1773155100000,2026-03-10T15:05:00+00:00,2026-03-10,71722.94326087,71148.28,3,6000.0,71436.05148783|71292.60560130|71149.15971478|71005.71382826|70862.26794174
1773164100000,2026-03-10T17:35:00+00:00,2026-03-10,71099.46630435,70567.58,2,4000.0,70815.06843913|70672.86950652|70530.67057392|70388.47164131|70246.27270870
1773166200000,2026-03-10T18:10:00+00:00,2026-03-10,70730.37543478,70364.73,1,2000.0,70447.45393304|70305.99318217|70164.53243130|70023.07168043|69881.61092956
1773207600000,2026-03-11T05:40:00+00:00,2026-03-11,69780.805,69420.0,1,2000.0,69501.68178000|69362.12017000|69222.55856000|69082.99695000|68943.43534000
1773236400000,2026-03-11T13:40:00+00:00,2026-03-11,71012.60826087,70442.0,3,6000.0,70728.55782783|70586.53261130|70444.50739478|70302.48217826|70160.45696174
1773236700000,2026-03-11T13:45:00+00:00,2026-03-11,70470.81217391,70136.49,1,2000.0,70188.92892521|70047.98730087|69907.04567652|69766.10405217|69625.16242782
1773237000000,2026-03-11T13:50:00+00:00,2026-03-11,70324.40478261,69951.33,1,2000.0,70043.10716348|69902.45835391|69761.80954435|69621.16073478|69480.51192522
1773238200000,2026-03-11T14:10:00+00:00,2026-03-11,70219.98130435,69906.77,1,2000.0,69939.10137913|69798.66141652|69658.22145392|69517.78149131|69377.34152870
1773241800000,2026-03-11T15:10:00+00:00,2026-03-11,70306.04282609,69994.73,1,2000.0,70024.81865479|69884.20656913|69743.59448348|69602.98239783|69462.37031218
1773243000000,2026-03-11T15:30:00+00:00,2026-03-11,70215.55978261,69702.25,2,4000.0,69934.69754348|69794.26642391|69653.83530435|69513.40418478|69372.97306522
1773250500000,2026-03-11T17:35:00+00:00,2026-03-11,70973.64478261,70512.01,2,4000.0,70689.75020348|70547.80291391|70405.85562435|70263.90833478|70121.96104522
1773287100000,2026-03-12T03:45:00+00:00,2026-03-12,69565.08391304,69285.71,1,2000.0,69286.82357739|69147.69340956|69008.56324174|68869.43307391|68730.30290608
1773308700000,2026-03-12T09:45:00+00:00,2026-03-12,70295.37543478,69854.71,2,4000.0,70014.19393304|69873.60318217|69733.01243130|69592.42168043|69451.83092956
1773323100000,2026-03-12T13:45:00+00:00,2026-03-12,70081.10521739,69645.0,2,4000.0,69800.78079652|69660.61858609|69520.45637565|69380.29416522|69240.13195478
1773325500000,2026-03-12T14:25:00+00:00,2026-03-12,70210.19717391,69923.03,1,2000.0,69929.35638521|69788.93599087|69648.51559652|69508.09520217|69367.67480782
1773325800000,2026-03-12T14:30:00+00:00,2026-03-12,69967.39630435,69664.21,1,2000.0,69687.52671913|69547.59192652|69407.65713392|69267.72234131|69127.78754870
1773331500000,2026-03-12T16:05:00+00:00,2026-03-12,70414.93630435,69905.71,2,4000.0,70133.27655913|69992.44668652|69851.61681392|69710.78694131|69569.95706870
1773408900000,2026-03-13T13:35:00+00:00,2026-03-13,73068.64217391,72750.27,1,2000.0,72776.36760521|72630.23032087|72484.09303652|72337.95575217|72191.81846782
1773412500000,2026-03-13T14:35:00+00:00,2026-03-13,73775.83326087,73418.0,1,2000.0,73480.72992783|73333.17826130|73185.62659478|73038.07492826|72890.52326174
1773412800000,2026-03-13T14:40:00+00:00,2026-03-13,73481.30695652,72940.0,2,4000.0,73187.38172869|73040.41911478|72893.45650087|72746.49388695|72599.53127304
1773416100000,2026-03-13T15:35:00+00:00,2026-03-13,72555.10913043,72244.96,1,2000.0,72264.88869391|72119.77847565|71974.66825739|71829.55803913|71684.44782086
1773416400000,2026-03-13T15:40:00+00:00,2026-03-13,72365.1873913,71877.1,2,4000.0,72075.72664173|71930.99626695|71786.26589217|71641.53551739|71496.80514260
1773418500000,2026-03-13T16:15:00+00:00,2026-03-13,71732.88434783,71361.82,1,2000.0,71445.95281044|71302.48704174|71159.02127305|71015.55550435|70872.08973566
1773422700000,2026-03-13T17:25:00+00:00,2026-03-13,71887.26326087,71595.71,1,2000.0,71599.71420783|71455.93968130|71312.16515478|71168.39062826|71024.61610174
1773423600000,2026-03-13T17:40:00+00:00,2026-03-13,71456.46717391,71058.82,1,2000.0,71170.64130521|71027.72837087|70884.81543652|70741.90250217|70598.98956782
1773425700000,2026-03-13T18:15:00+00:00,2026-03-13,71218.30717391,70841.23,1,2000.0,70933.43394521|70790.99733087|70648.56071652|70506.12410217|70363.68748782
1773439200000,2026-03-13T22:00:00+00:00,2026-03-13,71112.07826087,70681.76,2,4000.0,70827.62994783|70685.40579130|70543.18163478|70400.95747826|70258.73332174
1773616800000,2026-03-15T23:20:00+00:00,2026-03-15,72877.74608696,72479.8,1,2000.0,72586.23510261|72440.47961044|72294.72411826|72148.96862609|72003.21313392
1773636900000,2026-03-16T04:55:00+00:00,2026-03-16,74371.65282609,73806.74,2,4000.0,74074.16621479|73925.42290913|73776.67960348|73627.93629783|73479.19299218
1773650400000,2026-03-16T08:40:00+00:00,2026-03-16,73205.74913043,72892.04,1,2000.0,72912.92613391|72766.51463565|72620.10313739|72473.69163913|72327.28014086
1773668400000,2026-03-16T13:40:00+00:00,2026-03-16,74349.08,73980.0,1,2000.0,74051.68368000|73902.98552000|73754.28736000|73605.58920000|73456.89104000
1773671100000,2026-03-16T14:25:00+00:00,2026-03-16,74167.98086957,73604.85,2,4000.0,73871.30894609|73722.97298435|73574.63702261|73426.30106087|73277.96509914
1773671400000,2026-03-16T14:30:00+00:00,2026-03-16,73641.78152174,73269.0,1,2000.0,73347.21439565|73199.93083261|73052.64726957|72905.36370652|72758.08014348
1773671700000,2026-03-16T14:35:00+00:00,2026-03-16,73437.17282609,73102.59,1,2000.0,73143.42413479|72996.54978913|72849.67544348|72702.80109783|72555.92675218
1773695100000,2026-03-16T21:05:00+00:00,2026-03-16,74458.02043478,74151.18,1,2000.0,74160.18835304|74011.27231217|73862.35627130|73713.44023043|73564.52418956
1773702000000,2026-03-16T23:00:00+00:00,2026-03-16,74761.37978261,74367.55,1,2000.0,74462.33426348|74312.81150391|74163.28874435|74013.76598478|73864.24322522
1773706800000,2026-03-17T00:20:00+00:00,2026-03-17,75226.0573913,74921.59,1,2000.0,74925.15316173|74774.70104695|74624.24893217|74473.79681739|74323.34470260
1773713100000,2026-03-17T02:05:00+00:00,2026-03-17,75593.93652174,75176.52,1,2000.0,75291.56077565|75140.37290261|74989.18502957|74837.99715652|74686.80928348
1773718200000,2026-03-17T03:30:00+00:00,2026-03-17,74829.80326087,74527.99,1,2000.0,74530.48404783|74380.82444130|74231.16483478|74081.50522826|73931.84562174
1773741900000,2026-03-17T10:05:00+00:00,2026-03-17,73924.13347826,73560.98,1,2000.0,73628.43694435|73480.58867739|73332.74041043|73184.89214348|73037.04387652
1773754800000,2026-03-17T13:40:00+00:00,2026-03-17,74019.00304348,73721.07,1,2000.0,73722.92703131|73574.88902522|73426.85101913|73278.81301305|73130.77500696
1773755400000,2026-03-17T13:50:00+00:00,2026-03-17,73797.03717391,73399.19,1,2000.0,73501.84902521|73354.25495087|73206.66087652|73059.06680217|72911.47272782
1773759900000,2026-03-17T15:05:00+00:00,2026-03-17,74685.57173913,74360.0,1,2000.0,74386.82945217|74237.45830870|74088.08716522|73938.71602174|73789.34487826
1773786900000,2026-03-17T22:35:00+00:00,2026-03-17,74271.93521739,73938.01,1,2000.0,73974.84747652|73826.30360609|73677.75973565|73529.21586522|73380.67199478
1773833100000,2026-03-18T11:25:00+00:00,2026-03-18,73921.07673913,73577.32,1,2000.0,73625.39243217|73477.55027870|73329.70812522|73181.86597174|73034.02381826
1773833400000,2026-03-18T11:30:00+00:00,2026-03-18,73597.73913043,73058.01,2,4000.0,73303.34817391|73156.15269565|73008.95721739|72861.76173913|72714.56626086
1773833700000,2026-03-18T11:35:00+00:00,2026-03-18,73218.13413043,72813.0,1,2000.0,72925.26159391|72778.82532565|72632.38905739|72485.95278913|72339.51652086
1773837000000,2026-03-18T12:30:00+00:00,2026-03-18,72814.89717391,72306.0,2,4000.0,72523.63758521|72378.00779087|72232.37799652|72086.74820217|71941.11840782
1773843900000,2026-03-18T14:25:00+00:00,2026-03-18,71992.50978261,71620.0,1,2000.0,71704.53974348|71560.55472391|71416.56970435|71272.58468478|71128.59966522
1773846000000,2026-03-18T15:00:00+00:00,2026-03-18,71183.81826087,70857.21,1,2000.0,70899.08298783|70756.71535130|70614.34771478|70471.98007826|70329.61244174
1773846600000,2026-03-18T15:10:00+00:00,2026-03-18,71338.52,70978.49,1,2000.0,71053.16592000|70910.48888000|70767.81184000|70625.13480000|70482.45776000
1773859800000,2026-03-18T18:50:00+00:00,2026-03-18,71429.72086957,71085.95,1,2000.0,71144.00198609|71001.14254435|70858.28310261|70715.42366087|70572.56421914
1773864300000,2026-03-18T20:05:00+00:00,2026-03-18,70955.10934783,70603.23,1,2000.0,70671.28891044|70529.37869174|70387.46847305|70245.55825435|70103.64803566
1773893100000,2026-03-19T04:05:00+00:00,2026-03-19,71136.36456522,70738.2,1,2000.0,70851.81910696|70709.54637783|70567.27364870|70425.00091957|70282.72819044
1773904200000,2026-03-19T07:10:00+00:00,2026-03-19,70305.25826087,69990.0,1,2000.0,70024.03722783|69883.42671130|69742.81619478|69602.20567826|69461.59516174
1773904800000,2026-03-19T07:20:00+00:00,2026-03-19,69863.77695652,69478.51,1,2000.0,69584.32184869|69444.59429478|69304.86674087|69165.13918695|69025.41163304
1773924600000,2026-03-19T12:50:00+00:00,2026-03-19,69512.41173913,69105.49,1,2000.0,69234.36209217|69095.33726870|68956.31244522|68817.28762174|68678.26279826
1773925800000,2026-03-19T13:10:00+00:00,2026-03-19,69407.06065217,69081.51,1,2000.0,69129.43240956|68990.61828826|68851.80416695|68712.99004565|68574.17592434
1773933300000,2026-03-19T15:15:00+00:00,2026-03-19,69696.66195652,69371.07,1,2000.0,69417.87530869|69278.48198478|69139.08866087|68999.69533695|68860.30201304
1773934800000,2026-03-19T15:40:00+00:00,2026-03-19,69252.90304348,68900.0,1,2000.0,68975.89143131|68837.38562522|68698.87981913|68560.37401305|68421.86820696
1773948300000,2026-03-19T19:25:00+00:00,2026-03-19,70542.62826087,70229.28,1,2000.0,70260.45774783|70119.37249130|69978.28723478|69837.20197826|69696.11672174
1773981000000,2026-03-20T04:30:00+00:00,2026-03-20,70924.52,70613.01,1,2000.0,70640.82192000|70498.97288000|70357.12384000|70215.27480000|70073.42576000
1773990000000,2026-03-20T07:00:00+00:00,2026-03-20,70495.115,70160.06,1,2000.0,70213.13454000|70072.14431000|69931.15408000|69790.16385000|69649.17362000
1774006500000,2026-03-20T11:35:00+00:00,2026-03-20,70704.82043478,70312.5,1,2000.0,70422.00115304|70280.59151217|70139.18187130|69997.77223043|69856.36258956
1774013400000,2026-03-20T13:30:00+00:00,2026-03-20,70484.88608696,69952.64,2,4000.0,70202.94654261|70061.97677044|69921.00699826|69780.03722609|69639.06745392
1774014600000,2026-03-20T13:50:00+00:00,2026-03-20,70300.42130435,69936.07,1,2000.0,70019.21961913|69878.61877652|69738.01793392|69597.41709131|69456.81624870
1774018200000,2026-03-20T14:50:00+00:00,2026-03-20,69944.21282609,69650.0,1,2000.0,69664.43597479|69524.54754913|69384.65912348|69244.77069783|69104.88227218
1774136700000,2026-03-21T23:45:00+00:00,2026-03-21,70165.38543478,69568.95,3,6000.0,69884.72389304|69744.39312217|69604.06235130|69463.73158043|69323.40080956
1774137000000,2026-03-21T23:50:00+00:00,2026-03-21,69584.2,68924.0,3,6000.0,69305.86320000|69166.69480000|69027.52640000|68888.35800000|68749.18960000
1774137300000,2026-03-21T23:55:00+00:00,2026-03-21,69125.29086957,68571.42,3,6000.0,68848.78970609|68710.53912435|68572.28854261|68434.03796087|68295.78737914
1774137600000,2026-03-22T00:00:00+00:00,2026-03-22,68909.56869565,68228.5,3,6000.0,68633.93042087|68496.11128348|68358.29214608|68220.47300869|68082.65387130
1774140600000,2026-03-22T00:50:00+00:00,2026-03-22,69064.86347826,68779.08,1,2000.0,68788.60402435|68650.47429739|68512.34457043|68374.21484348|68236.08511652
1774167900000,2026-03-22T08:25:00+00:00,2026-03-22,68884.35391304,68560.27,1,2000.0,68608.81649739|68471.04778956|68333.27908174|68195.51037391|68057.74166608
1774213500000,2026-03-22T21:05:00+00:00,2026-03-22,68106.35847826,67552.03,3,6000.0,67833.93304435|67697.72032739|67561.50761043|67425.29489348|67289.08217652
1774214100000,2026-03-22T21:15:00+00:00,2026-03-22,67772.9926087,67396.48,1,2000.0,67501.90063827|67366.35465305|67230.80866783|67095.26268261|66959.71669740
1774216800000,2026-03-22T22:00:00+00:00,2026-03-22,67892.85782609,67571.67,1,2000.0,67621.28639479|67485.50067913|67349.71496348|67213.92924783|67078.14353218
1774247700000,2026-03-23T06:35:00+00:00,2026-03-23,68444.40978261,68032.03,2,4000.0,68170.63214348|68033.74332391|67896.85450435|67759.96568478|67623.07686522
1774248000000,2026-03-23T06:40:00+00:00,2026-03-23,68112.14043478,67706.42,1,2000.0,67839.69187304|67703.46759217|67567.24331130|67431.01903043|67294.79474956
1774250400000,2026-03-23T07:20:00+00:00,2026-03-23,67987.17608696,67650.01,1,2000.0,67715.22738261|67579.25303044|67443.27867826|67307.30432609|67171.32997392
1774264200000,2026-03-23T11:10:00+00:00,2026-03-23,71167.58391304,70842.44,1,2000.0,70882.91357739|70740.57840956|70598.24324174|70455.90807391|70313.57290608
1774264800000,2026-03-23T11:20:00+00:00,2026-03-23,70731.1223913,70289.58,2,4000.0,70448.19790173|70306.73565695|70165.27341217|70023.81116739|69882.34892260
1774265700000,2026-03-23T11:35:00+00:00,2026-03-23,71025.9726087,70389.54,3,6000.0,70741.86871827|70599.81677305|70457.76482783|70315.71288261|70173.66093740
1774266300000,2026-03-23T11:45:00+00:00,2026-03-23,70683.46978261,70082.02,3,6000.0,70400.73590348|70259.36896391|70118.00202435|69976.63508478|69835.26814522
1774266900000,2026-03-23T11:55:00+00:00,2026-03-23,70497.37804348,70053.43,2,4000.0,70215.38853131|70074.39377522|69933.39901913|69792.40426305|69651.40950696
1774267200000,2026-03-23T12:00:00+00:00,2026-03-23,70102.81065217,69671.95,2,4000.0,69822.39940956|69682.19378826|69541.98816695|69401.78254565|69261.57692434
1774281000000,2026-03-23T15:50:00+00:00,2026-03-23,70817.20543478,70282.54,2,4000.0,70533.93661304|70392.30220217|70250.66779130|70109.03338043|69967.39896956
1774316100000,2026-03-24T01:35:00+00:00,2026-03-24,70808.29,70447.81,1,2000.0,70525.05684000|70383.44026000|70241.82368000|70100.20710000|69958.59052000
1774350000000,2026-03-24T11:00:00+00:00,2026-03-24,71272.03086957,70984.18,1,2000.0,70986.94274609|70844.39868435|70701.85462261|70559.31056087|70416.76649914
1774357500000,2026-03-24T13:05:00+00:00,2026-03-24,70982.95826087,70649.6,1,2000.0,70699.02642783|70557.06051130|70415.09459478|70273.12867826|70131.16276174
1774361400000,2026-03-24T14:10:00+00:00,2026-03-24,70321.14021739,69747.22,3,6000.0,70039.85565652|69899.21337609|69758.57109565|69617.92881522|69477.28653478
1774370100000,2026-03-24T16:35:00+00:00,2026-03-24,69726.10130435,69340.08,1,2000.0,69447.19689913|69307.74469652|69168.29249392|69028.84029131|68889.38808870
1774374000000,2026-03-24T17:40:00+00:00,2026-03-24,69268.45217391,68923.87,1,2000.0,68991.37836521|68852.84146087|68714.30455652|68575.76765217|68437.23074782
1774440900000,2026-03-25T12:15:00+00:00,2026-03-25,71751.38630435,71326.34,1,2000.0,71464.38075913|71320.87798652|71177.37521392|71033.87244131|70890.36966870
1774441200000,2026-03-25T12:20:00+00:00,2026-03-25,71430.28826087,71105.43,1,2000.0,71144.56710783|71001.70653130|70858.84595478|70715.98537826|70573.12480174
1774451100000,2026-03-25T15:05:00+00:00,2026-03-25,71267.89652174,70900.0,1,2000.0,70982.82493565|70840.28914261|70697.75334957|70555.21755652|70412.68176348
1774451700000,2026-03-25T15:15:00+00:00,2026-03-25,70825.84673913,70530.47,1,2000.0,70542.54335217|70400.89165870|70259.23996522|70117.58827174|69975.93657826
1774464900000,2026-03-25T18:55:00+00:00,2026-03-25,70967.46434783,70681.07,1,2000.0,70683.59449044|70541.65956174|70399.72463305|70257.78970435|70115.85477566
1774501500000,2026-03-26T05:05:00+00:00,2026-03-26,70764.01782609,70446.79,1,2000.0,70480.96175479|70339.43371913|70197.90568348|70056.37764783|69914.84961218
1774517400000,2026-03-26T09:30:00+00:00,2026-03-26,70032.64,69454.65,3,6000.0,69752.50944000|69612.44416000|69472.37888000|69332.31360000|69192.24832000
1774533300000,2026-03-26T13:55:00+00:00,2026-03-26,69793.98065217,69502.0,1,2000.0,69514.80472956|69375.21676826|69235.62880695|69096.04084565|68956.45288434
1774537500000,2026-03-26T15:05:00+00:00,2026-03-26,69366.13456522,69005.17,1,2000.0,69088.67002696|68949.93775783|68811.20548870|68672.47321957|68533.74095044
1774538100000,2026-03-26T15:15:00+00:00,2026-03-26,68977.88391304,68632.4,1,2000.0,68701.97237739|68564.01660956|68426.06084174|68288.10507391|68150.14930608
1774547100000,2026-03-26T17:45:00+00:00,2026-03-26,68957.89369565,68649.0,1,2000.0,68682.06212087|68544.14633348|68406.23054608|68268.31475869|68130.39897130
1774547700000,2026-03-26T17:55:00+00:00,2026-03-26,68765.36934783,68377.83,1,2000.0,68490.30787044|68352.77713174|68215.24639305|68077.71565435|67940.18491566
1774558200000,2026-03-26T20:50:00+00:00,2026-03-26,69148.91086957,68865.2,1,2000.0,68872.31522609|68734.01740435|68595.71958261|68457.42176087|68319.12393914
1774584000000,2026-03-27T04:00:00+00:00,2026-03-27,68769.77586957,68417.14,1,2000.0,68494.69676609|68357.15721435|68219.61766261|68082.07811087|67944.53855914
1774600500000,2026-03-27T08:35:00+00:00,2026-03-27,68228.57195652,67609.29,3,6000.0,67955.65766869|67819.20052478|67682.74338087|67546.28623695|67409.82909304
1774607700000,2026-03-27T10:35:00+00:00,2026-03-27,67699.43652174,66862.06,5,10000.0,67428.63877565|67293.23990261|67157.84102957|67022.44215652|66887.04328348
1774608600000,2026-03-27T10:50:00+00:00,2026-03-27,66832.59021739,66558.0,1,2000.0,66565.25985652|66431.59467609|66297.92949565|66164.26431522|66030.59913478
1774608900000,2026-03-27T10:55:00+00:00,2026-03-27,66653.53978261,66326.38,1,2000.0,66386.92562348|66253.61854391|66120.31146435|65987.00438478|65853.69730522
1774609200000,2026-03-27T11:00:00+00:00,2026-03-27,66500.6473913,66231.96,1,2000.0,66234.64480173|66101.64350695|65968.64221217|65835.64091739|65702.63962260
1774618200000,2026-03-27T13:30:00+00:00,2026-03-27,66694.625,66355.22,1,2000.0,66427.84650000|66294.45725000|66161.06800000|66027.67875000|65894.28950000
1774621200000,2026-03-27T14:20:00+00:00,2026-03-27,66113.95391304,65821.53,1,2000.0,65849.49809739|65717.27018956|65585.04228174|65452.81437391|65320.58646608
1774633200000,2026-03-27T17:40:00+00:00,2026-03-27,65877.0673913,65600.0,1,2000.0,65613.55912173|65481.80498695|65350.05085217|65218.29671739|65086.54258260
1774739400000,2026-03-28T23:10:00+00:00,2026-03-28,66578.23804348,66289.43,1,2000.0,66311.92509131|66178.76861522|66045.61213913|65912.45566305|65779.29918696
1774789500000,2026-03-29T13:05:00+00:00,2026-03-29,66825.29978261,66524.28,1,2000.0,66557.99858348|66424.34798391|66290.69738435|66157.04678478|66023.39618522
1774821600000,2026-03-29T22:00:00+00:00,2026-03-29,66712.80521739,66360.85,1,2000.0,66445.95399652|66312.52838609|66179.10277565|66045.67716522|65912.25155478
1774824000000,2026-03-29T22:40:00+00:00,2026-03-29,66254.81152174,65638.44,3,6000.0,65989.79227565|65857.28265261|65724.77302957|65592.26340652|65459.75378348
1774824300000,2026-03-29T22:45:00+00:00,2026-03-29,65680.54108696,65000.0,4,8000.0,65417.81892261|65286.45784044|65155.09675826|65023.73567609|64892.37459392
1774880100000,2026-03-30T14:15:00+00:00,2026-03-30,67680.46804348,67372.12,1,2000.0,67409.74617131|67274.38523522|67139.02429913|67003.66336305|66868.30242696
1774891200000,2026-03-30T17:20:00+00:00,2026-03-30,67133.02956522,66806.09,1,2000.0,66864.49744696|66730.23138783|66595.96532870|66461.69926957|66327.43321044
1774911600000,2026-03-30T23:00:00+00:00,2026-03-30,66786.14478261,66459.9,1,2000.0,66519.00020348|66385.42791391|66251.85562435|66118.28333478|65984.71104522
1774921200000,2026-03-31T01:40:00+00:00,2026-03-31,68178.9773913,67902.1,1,2000.0,67906.26148173|67769.90352695|67633.54557217|67497.18761739|67360.82966260
1774931100000,2026-03-31T04:25:00+00:00,2026-03-31,67761.36847826,67405.89,1,2000.0,67490.32300435|67354.80026739|67219.27753043|67083.75479348|66948.23205652
1774950900000,2026-03-31T09:55:00+00:00,2026-03-31,66380.78913043,65998.05,1,2000.0,66115.26597391|65982.50439565|65849.74281739|65716.98123913|65584.21966086
1774968300000,2026-03-31T14:45:00+00:00,2026-03-31,67208.72152174,66875.56,1,2000.0,66939.88663565|66805.46919261|66671.05174957|66536.63430652|66402.21686348
1774968600000,2026-03-31T14:50:00+00:00,2026-03-31,66920.85826087,66480.6,2,4000.0,66653.17482783|66519.33311130|66385.49139478|66251.64967826|66117.80796174
1774970700000,2026-03-31T15:25:00+00:00,2026-03-31,67264.84630435,66903.01,1,2000.0,66995.78691913|66861.25722652|66726.72753392|66592.19784131|66457.66814870
1774972500000,2026-03-31T15:55:00+00:00,2026-03-31,66981.26065217,66703.3,1,2000.0,66713.33560956|66579.37308826|66445.41056695|66311.44804565|66177.48552434
1774975500000,2026-03-31T16:45:00+00:00,2026-03-31,67775.29413043,67490.12,1,2000.0,67504.19295391|67368.64236565|67233.09177739|67097.54118913|66961.99060086
1774977900000,2026-03-31T17:25:00+00:00,2026-03-31,68321.24543478,67989.02,1,2000.0,68047.96045304|67911.31796217|67774.67547130|67638.03298043|67501.39048956
1774978500000,2026-03-31T17:35:00+00:00,2026-03-31,68037.97043478,67678.65,1,2000.0,67765.81855304|67629.74261217|67493.66667130|67357.59073043|67221.51478956
1775050800000,2026-04-01T13:40:00+00:00,2026-04-01,68525.98086957,67918.83,3,6000.0,68251.87694609|68114.82498435|67977.77302261|67840.72106087|67703.66909914
1775066400000,2026-04-01T18:00:00+00:00,2026-04-01,68266.67434783,67939.28,1,2000.0,67993.60765044|67857.07430174|67720.54095305|67584.00760435|67447.47425566
1775091600000,2026-04-02T01:00:00+00:00,2026-04-02,68600.87673913,68070.46,2,4000.0,68326.47323217|68189.27147870|68052.06972522|67914.86797174|67777.66621826
1775091900000,2026-04-02T01:05:00+00:00,2026-04-02,68123.1776087,67638.74,2,4000.0,67850.68489827|67714.43854305|67578.19218783|67441.94583261|67305.69947740
1775092500000,2026-04-02T01:15:00+00:00,2026-04-02,68141.38826087,67447.82,4,8000.0,67868.82270783|67732.53993130|67596.25715478|67459.97437826|67323.69160174
1775092800000,2026-04-02T01:20:00+00:00,2026-04-02,67596.3926087,67263.08,1,2000.0,67326.00703827|67190.81425305|67055.62146783|66920.42868261|66785.23589740
1775093400000,2026-04-02T01:30:00+00:00,2026-04-02,67614.11108696,67202.0,2,4000.0,67343.65464261|67208.42642044|67073.19819826|66937.96997609|66802.74175392
1775095800000,2026-04-02T02:10:00+00:00,2026-04-02,67149.19891304,66854.5,1,2000.0,66880.60211739|66746.30371956|66612.00532174|66477.70692391|66343.40852608
1775097600000,2026-04-02T02:40:00+00:00,2026-04-02,66903.65021739,66624.64,1,2000.0,66636.03561652|66502.22831609|66368.42101565|66234.61371522|66100.80641478
1775120100000,2026-04-02T08:55:00+00:00,2026-04-02,66493.74673913,66180.0,1,2000.0,66227.77175217|66094.78425870|65961.79676522|65828.80927174|65695.82177826
1775141100000,2026-04-02T14:45:00+00:00,2026-04-02,67028.58304348,66750.0,1,2000.0,66760.46871131|66626.41154522|66492.35437913|66358.29721305|66224.24004696
1775151000000,2026-04-02T17:30:00+00:00,2026-04-02,67248.60804348,66972.67,1,2000.0,66979.61361131|66845.11639522|66710.61917913|66576.12196305|66441.62474696
1775180100000,2026-04-03T01:35:00+00:00,2026-04-03,66830.54891304,66483.9,1,2000.0,66563.22671739|66429.56561956|66295.90452174|66162.24342391|66028.58232608
1775486100000,2026-04-06T14:35:00+00:00,2026-04-06,69627.28913043,69315.38,1,2000.0,69348.77997391|69209.52539565|69070.27081739|68931.01623913|68791.76166086
1775494800000,2026-04-06T17:00:00+00:00,2026-04-06,69806.50913043,69480.18,1,2000.0,69527.28309391|69387.67007565|69248.05705739|69108.44403913|68968.83102086
1775495400000,2026-04-06T17:10:00+00:00,2026-04-06,69645.105,69314.44,1,2000.0,69366.52458000|69227.23437000|69087.94416000|68948.65395000|68809.36374000
1775515800000,2026-04-06T22:50:00+00:00,2026-04-06,69183.98869565,68900.62,1,2000.0,68907.25274087|68768.88476348|68630.51678608|68492.14880869|68353.78083130
1775516700000,2026-04-06T23:05:00+00:00,2026-04-06,68665.16978261,68300.0,1,2000.0,68390.50910348|68253.17876391|68115.84842435|67978.51808478|67841.18774522
1775557500000,2026-04-07T10:25:00+00:00,2026-04-07,68959.74434783,68665.42,1,2000.0,68683.90537044|68545.98588174|68408.06639305|68270.14690435|68132.22741566
1775563500000,2026-04-07T12:05:00+00:00,2026-04-07,68385.40369565,68080.0,1,2000.0,68111.86208087|67975.09127348|67838.32046608|67701.54965869|67564.77885130
1775570700000,2026-04-07T14:05:00+00:00,2026-04-07,68118.21456522,67803.96,1,2000.0,67845.74170696|67709.50527783|67573.26884870|67437.03241957|67300.79599044
1775601600000,2026-04-07T22:40:00+00:00,2026-04-07,70991.24956522,70639.85,1,2000.0,70707.28456696|70565.30206783|70423.31956870|70281.33706957|70139.35457044
1775604600000,2026-04-07T23:30:00+00:00,2026-04-07,72718.46434783,72315.81,1,2000.0,72427.59049044|72282.15356174|72136.71663305|71991.27970435|71845.84277566
1775604900000,2026-04-07T23:35:00+00:00,2026-04-07,72366.57195652,72035.41,1,2000.0,72077.10566869|71932.37252478|71787.63938087|71642.90623695|71498.17309304
1775655000000,2026-04-08T13:30:00+00:00,2026-04-08,72469.45673913,71995.95,2,4000.0,72179.57891217|72034.63999870|71889.70108522|71744.76217174|71599.82325826
1775655300000,2026-04-08T13:35:00+00:00,2026-04-08,72116.19282609,71750.0,1,2000.0,71827.72805479|71683.49566913|71539.26328348|71395.03089783|71250.79851218
1775656200000,2026-04-08T13:50:00+00:00,2026-04-08,71900.31913043,71572.56,1,2000.0,71612.71785391|71468.91721565|71325.11657739|71181.31593913|71037.51530086
1775658600000,2026-04-08T14:30:00+00:00,2026-04-08,71461.57782609,71016.09,2,4000.0,71175.73151479|71032.80835913|70889.88520348|70746.96204783|70604.03889218
1775672100000,2026-04-08T18:15:00+00:00,2026-04-08,71704.39956522,71400.0,1,2000.0,71417.58196696|71274.17316783|71130.76436870|70987.35556957|70843.94677044
1775696700000,2026-04-09T01:05:00+00:00,2026-04-09,70847.50934783,70468.63,1,2000.0,70564.11931044|70422.42429174|70280.72927305|70139.03425435|69997.33923566
1775748900000,2026-04-09T15:35:00+00:00,2026-04-09,72193.41913043,71835.67,1,2000.0,71904.64545391|71760.25861565|71615.87177739|71471.48493913|71327.09810086
1775757600000,2026-04-09T18:00:00+00:00,2026-04-09,72334.85826087,71860.0,2,4000.0,72045.51882783|71900.84911130|71756.17939478|71611.50967826|71466.83996174
1775775000000,2026-04-09T22:50:00+00:00,2026-04-09,72397.91782609,72070.54,1,2000.0,72108.32615479|71963.53031913|71818.73448348|71673.93864783|71529.14281218
1775784000000,2026-04-10T01:20:00+00:00,2026-04-10,72005.00565217,71673.48,1,2000.0,71716.98562956|71572.97561826|71428.96560695|71284.95559565|71140.94558434
1775832000000,2026-04-10T14:40:00+00:00,2026-04-10,73062.61652174,72740.79,1,2000.0,72770.36605565|72624.24082261|72478.11558957|72331.99035652|72185.86512348
1775834700000,2026-04-10T15:25:00+00:00,2026-04-10,73242.9976087,72761.32,2,4000.0,72950.02561827|72803.53962305|72657.05362783|72510.56763261|72364.08163740
1775957400000,2026-04-12T01:30:00+00:00,2026-04-12,73016.24673913,72606.0,1,2000.0,72724.18175217|72578.14925870|72432.11676522|72286.08427174|72140.05177826
1775957700000,2026-04-12T01:35:00+00:00,2026-04-12,72674.72434783,71990.03,3,6000.0,72384.02545044|72238.67600174|72093.32655305|71947.97710435|71802.62765566
1775958000000,2026-04-12T01:40:00+00:00,2026-04-12,72235.71847826,71555.0,3,6000.0,71946.77560435|71802.30416739|71657.83273043|71513.36129348|71368.88985652
1775958300000,2026-04-12T01:45:00+00:00,2026-04-12,71733.14391304,71350.01,1,2000.0,71446.21133739|71302.74504956|71159.27876174|71015.81247391|70872.34618608
1775998200000,2026-04-12T12:50:00+00:00,2026-04-12,71428.15586957,71087.31,1,2000.0,71142.44324609|70999.58693435|70856.73062261|70713.87431087|70571.01799914
1776031200000,2026-04-12T22:00:00+00:00,2026-04-12,71352.40652174,70700.0,3,6000.0,71066.99689565|70924.29208261|70781.58726957|70638.88245652|70496.17764348
1776092400000,2026-04-13T15:00:00+00:00,2026-04-13,72391.08456522,72050.0,1,2000.0,72101.52022696|71956.73805783|71811.95588870|71667.17371957|71522.39155044
1776177300000,2026-04-14T14:35:00+00:00,2026-04-14,75640.41195652,75252.09,1,2000.0,75337.85030869|75186.56948478|75035.28866087|74884.00783695|74732.72701304
1776179100000,2026-04-14T15:05:00+00:00,2026-04-14,75016.86891304,74564.34,2,4000.0,74716.80143739|74566.76769956|74416.73396174|74266.70022391|74116.66648608
1776185400000,2026-04-14T16:50:00+00:00,2026-04-14,75111.93804348,74758.12,1,2000.0,74811.49029131|74661.26641522|74511.04253913|74360.81866305|74210.59478696
1776187800000,2026-04-14T17:30:00+00:00,2026-04-14,74646.18021739,74324.85,1,2000.0,74347.59549652|74198.30313609|74049.01077565|73899.71841522|73750.42605478
1776192300000,2026-04-14T18:45:00+00:00,2026-04-14,74289.98456522,73795.47,2,4000.0,73992.82462696|73844.24465783|73695.66468870|73547.08471957|73398.50475044
1776194400000,2026-04-14T19:20:00+00:00,2026-04-14,74322.53586957,74017.77,1,2000.0,74025.24572609|73876.60065435|73727.95558261|73579.31051087|73430.66543914
1776237300000,2026-04-15T07:15:00+00:00,2026-04-15,73925.30673913,73592.36,1,2000.0,73629.60551217|73481.75489870|73333.90428522|73186.05367174|73038.20305826
1776263700000,2026-04-15T14:35:00+00:00,2026-04-15,74306.42043478,73986.07,1,2000.0,74009.19475304|73860.58191217|73711.96907130|73563.35623043|73414.74338956
1776267000000,2026-04-15T15:30:00+00:00,2026-04-15,74026.97326087,73580.85,2,4000.0,73730.86536783|73582.81142130|73434.75747478|73286.70352826|73138.64958174
1776314700000,2026-04-16T04:45:00+00:00,2026-04-16,75111.22695652,74728.0,1,2000.0,74810.78204869|74660.55959478|74510.33714087|74360.11468695|74209.89223304
1776347400000,2026-04-16T13:50:00+00:00,2026-04-16,74489.15304348,73400.5,5,10000.0,74191.19643131|74042.21812522|73893.23981913|73744.26151305|73595.28320696
1776348900000,2026-04-16T14:15:00+00:00,2026-04-16,73841.06478261,73500.0,1,2000.0,73545.70052348|73398.01839391|73250.33626435|73102.65413478|72954.97200522
1776418200000,2026-04-17T09:30:00+00:00,2026-04-17,76293.80913043,75611.0,3,6000.0,75988.63389391|75836.04627565|75683.45865739|75530.87103913|75378.28342086
1776421500000,2026-04-17T10:25:00+00:00,2026-04-17,75699.0276087,75221.1,2,4000.0,75396.23149827|75244.83344305|75093.43538783|74942.03733261|74790.63927740
1776432300000,2026-04-17T13:25:00+00:00,2026-04-17,76879.49586957,76432.01,1,2000.0,76571.97788609|76418.21889435|76264.45990261|76110.70091087|75956.94191914
1776432600000,2026-04-17T13:30:00+00:00,2026-04-17,76594.73956522,76130.42,2,4000.0,76288.36060696|76135.17112783|75981.98164870|75828.79216957|75675.60269044
1776438000000,2026-04-17T15:00:00+00:00,2026-04-17,77896.43195652,77558.72,1,2000.0,77584.84622869|77429.05336478|77273.26050087|77117.46763695|76961.67477304
1776445500000,2026-04-17T17:05:00+00:00,2026-04-17,77867.70152174,77515.75,1,2000.0,77556.23071565|77400.49531261|77244.75990957|77089.02450652|76933.28910348
1776446400000,2026-04-17T17:20:00+00:00,2026-04-17,77518.42326087,77119.61,1,2000.0,77208.34956783|77053.31272130|76898.27587478|76743.23902826|76588.20218174
1776528900000,2026-04-18T16:15:00+00:00,2026-04-18,76212.5015,75691.03,2,4000.0,75907.65149400|75755.22649100|75602.80148800|75450.37648500|75297.95148200
1776612900000,2026-04-19T15:35:00+00:00,2026-04-19,75741.58195652,75401.44,1,2000.0,75438.61562869|75287.13246478|75135.64930087|74984.16613695|74832.68297304
1776621000000,2026-04-19T17:50:00+00:00,2026-04-19,75066.72326087,74638.31,1,2000.0,74766.45636783|74616.32292130|74466.18947478|74316.05602826|74165.92258174
1776631200000,2026-04-19T20:40:00+00:00,2026-04-19,74793.18478261,74459.62,1,2000.0,74494.01204348|74344.42567391|74194.83930435|74045.25293478|73895.66656522
1776636000000,2026-04-19T22:00:00+00:00,2026-04-19,74432.03956522,73819.33,3,6000.0,74134.31140696|73985.44732783|73836.58324870|73687.71916957|73538.85509044
1776691800000,2026-04-20T13:30:00+00:00,2026-04-20,75175.41217391,74859.11,1,2000.0,74874.71052521|74724.35970087|74574.00887652|74423.65805217|74273.30722782
1776696600000,2026-04-20T14:50:00+00:00,2026-04-20,75390.225,74986.8,1,2000.0,75088.66410000|74937.88365000|74787.10320000|74636.32275000|74485.54230000
1776697200000,2026-04-20T15:00:00+00:00,2026-04-20,75027.68608696,74708.91,1,2000.0,74727.57534261|74577.51997044|74427.46459826|74277.40922609|74127.35385392
1776774900000,2026-04-21T12:35:00+00:00,2026-04-21,76488.15456522,76100.0,1,2000.0,76182.20194696|76029.22563783|75876.24932870|75723.27301957|75570.29671044
1776775200000,2026-04-21T12:40:00+00:00,2026-04-21,76128.47869565,75709.03,1,2000.0,75823.96478087|75671.70782348|75519.45086608|75367.19390869|75214.93695130
1776783300000,2026-04-21T14:55:00+00:00,2026-04-21,76166.17217391,75625.28,2,4000.0,75861.50748521|75709.17514087|75556.84279652|75404.51045217|75252.17810782
1776791700000,2026-04-21T17:15:00+00:00,2026-04-21,75521.56304348,75097.48,1,2000.0,75219.47679131|75068.43366522|74917.39053913|74766.34741305|74615.30428696
1776800100000,2026-04-21T19:35:00+00:00,2026-04-21,75586.30347826,75182.0,1,2000.0,75283.95826435|75132.78565739|74981.61305043|74830.44044348|74679.26783652
1776800400000,2026-04-21T19:40:00+00:00,2026-04-21,75240.63565217,74823.0,1,2000.0,74939.67310956|74789.19183826|74638.71056695|74488.22929565|74337.74802434
1776868200000,2026-04-22T14:30:00+00:00,2026-04-22,79010.31652174,78577.86,1,2000.0,78694.27525565|78536.25462261|78378.23398957|78220.21335652|78062.19272348
1776903300000,2026-04-23T00:15:00+00:00,2026-04-23,77904.97630435,77582.17,1,2000.0,77593.35639913|77437.54644652|77281.73649392|77125.92654131|76970.11658870
1776938700000,2026-04-23T10:05:00+00:00,2026-04-23,77629.06652174,77215.01,1,2000.0,77318.55025565|77163.29212261|77008.03398957|76852.77585652|76697.51772348
1776965700000,2026-04-23T17:35:00+00:00,2026-04-23,77666.14369565,77200.0,2,4000.0,77355.47912087|77200.14683348|77044.81454608|76889.48225869|76734.14997130
1777000800000,2026-04-24T03:20:00+00:00,2026-04-24,78054.62586957,77667.99,1,2000.0,77742.40736609|77586.29811435|77430.18886261|77274.07961087|77117.97035914
1777242600000,2026-04-26T22:30:00+00:00,2026-04-26,78538.06826087,77953.26,2,4000.0,78223.91598783|78066.83985130|77909.76371478|77752.68757826|77595.61144174
1777266600000,2026-04-27T05:10:00+00:00,2026-04-27,78723.71652174,78392.26,1,2000.0,78408.82165565|78251.37422261|78093.92678957|77936.47935652|77779.03192348
1777266900000,2026-04-27T05:15:00+00:00,2026-04-27,78412.45347826,78000.0,1,2000.0,78098.80366435|77941.97875739|77785.15385043|77628.32894348|77471.50403652
1777301400000,2026-04-27T14:50:00+00:00,2026-04-27,78216.12195652,77868.4,1,2000.0,77903.25746869|77746.82522478|77590.39298087|77433.96073695|77277.52849304
1777302000000,2026-04-27T15:00:00+00:00,2026-04-27,77810.39021739,77305.71,2,4000.0,77499.14865652|77343.52787609|77187.90709565|77032.28631522|76876.66553478
1777302900000,2026-04-27T15:15:00+00:00,2026-04-27,77380.20021739,76900.0,2,4000.0,77070.67941652|76915.91901609|76761.15861565|76606.39821522|76451.63781478
1777303200000,2026-04-27T15:20:00+00:00,2026-04-27,76968.39891304,76600.0,1,2000.0,76660.52531739|76506.58851956|76352.65172174|76198.71492391|76044.77812608
1777464600000,2026-04-29T12:10:00+00:00,2026-04-29,77486.75152174,76850.0,3,6000.0,77176.80451565|77021.83101261|76866.85750957|76711.88400652|76556.91050348
1777465200000,2026-04-29T12:20:00+00:00,2026-04-29,77316.22978261,76908.47,1,2000.0,77006.96486348|76852.33240391|76697.69994435|76543.06748478|76388.43502522
1777485900000,2026-04-29T18:05:00+00:00,2026-04-29,75921.23608696,75000.0,5,10000.0,75617.55114261|75465.70867044|75313.86619826|75162.02372609|75010.18125392
1777516200000,2026-04-30T02:30:00+00:00,2026-04-30,76124.79652174,75662.83,2,4000.0,75820.29733565|75668.04774261|75515.79814957|75363.54855652|75211.29896348
1777609500000,2026-05-01T04:25:00+00:00,2026-05-01,77159.57804348,76653.6,2,4000.0,76850.93973131|76696.62057522|76542.30141913|76387.98226305|76233.66310696
1777650600000,2026-05-01T15:50:00+00:00,2026-05-01,78663.825,78177.1,2,4000.0,78349.16970000|78191.84205000|78034.51440000|77877.18675000|77719.85910000
1777850400000,2026-05-03T23:20:00+00:00,2026-05-03,78991.88065217,78623.0,1,2000.0,78675.91312956|78517.92936826|78359.94560695|78201.96184565|78043.97808434
1777888800000,2026-05-04T10:00:00+00:00,2026-05-04,79842.4726087,79194.03,3,6000.0,79523.10271827|79363.41777305|79203.73282783|79044.04788261|78884.36293740
1777889100000,2026-05-04T10:05:00+00:00,2026-05-04,79253.71673913,78630.27,2,4000.0,78936.70187217|78778.19443870|78619.68700522|78461.17957174|78302.67213826
1777889700000,2026-05-04T10:15:00+00:00,2026-05-04,78747.17347826,78362.57,1,2000.0,78432.18478435|78274.69043739|78117.19609043|77959.70174348|77802.20739652
1777907700000,2026-05-04T15:15:00+00:00,2026-05-04,80086.995,79487.99,2,4000.0,79766.64702000|79606.47303000|79446.29904000|79286.12505000|79125.95106000
1777908000000,2026-05-04T15:20:00+00:00,2026-05-04,79721.8073913,79320.28,1,2000.0,79402.92016173|79243.47654695|79084.03293217|78924.58931739|78765.14570260
1777910700000,2026-05-04T16:05:00+00:00,2026-05-04,80031.02565217,79660.16,1,2000.0,79710.90154956|79550.83949826|79390.77744695|79230.71539565|79070.65334434
1778108400000,2026-05-06T23:00:00+00:00,2026-05-06,81344.60086957,81000.0,1,2000.0,81019.22246609|80856.53326435|80693.84406261|80531.15486087|80368.46565914
1778174700000,2026-05-07T17:25:00+00:00,2026-05-07,79854.89108696,79500.0,1,2000.0,79535.47152261|79375.76174044|79216.05195826|79056.34217609|78896.63239392
1778445900000,2026-05-10T20:45:00+00:00,2026-05-10,80815.17195652,80288.0,2,4000.0,80491.91126869|80330.28092478|80168.65058087|80007.02023695|79845.38989304
1778469000000,2026-05-11T03:10:00+00:00,2026-05-11,81031.33565217,80610.0,1,2000.0,80707.21030956|80545.14763826|80383.08496695|80221.02229565|80058.95962434
1778549700000,2026-05-12T01:35:00+00:00,2026-05-12,81159.97913043,80822.87,1,2000.0,80835.33921391|80673.01925565|80510.69929739|80348.37933913|80186.05938086
1778599200000,2026-05-12T15:20:00+00:00,2026-05-12,80561.37478261,80228.86,1,2000.0,80239.12928348|80078.00653391|79916.88378435|79755.76103478|79594.63828522
1778604300000,2026-05-12T16:45:00+00:00,2026-05-12,80251.42065217,79888.89,1,2000.0,79930.41496956|79769.91212826|79609.40928695|79448.90644565|79288.40360434
1778674800000,2026-05-13T12:20:00+00:00,2026-05-13,80531.28326087,80177.0,1,2000.0,80209.15812783|80048.09556130|79887.03299478|79725.97042826|79564.90786174
1778783400000,2026-05-14T18:30:00+00:00,2026-05-14,81871.87,81533.65,1,2000.0,81544.38252000|81380.63878000|81216.89504000|81053.15130000|80889.40756000
1778851800000,2026-05-15T13:30:00+00:00,2026-05-15,80010.80086957,79632.99,1,2000.0,79690.75766609|79530.73606435|79370.71446261|79210.69286087|79050.67125914
1778852100000,2026-05-15T13:35:00+00:00,2026-05-15,79715.81543478,79297.94,1,2000.0,79396.95217304|79237.52054217|79078.08891130|78918.65728043|78759.22564956
1778853000000,2026-05-15T13:50:00+00:00,2026-05-15,79103.32108696,78698.69,1,2000.0,78786.90780261|78628.70116044|78470.49451826|78312.28787609|78154.08123392
1778853300000,2026-05-15T13:55:00+00:00,2026-05-15,79064.93630435,78698.69,1,2000.0,78748.67655913|78590.54668652|78432.41681392|78274.28694131|78116.15706870
1778915400000,2026-05-16T07:10:00+00:00,2026-05-16,78463.27347826,78122.0,1,2000.0,78149.42038435|77992.49383739|77835.56729043|77678.64074348|77521.71419652
1778922900000,2026-05-16T09:15:00+00:00,2026-05-16,78270.78130435,77906.1,1,2000.0,77957.69817913|77801.15661652|77644.61505392|77488.07349131|77331.53192870
1779055200000,2026-05-17T22:00:00+00:00,2026-05-17,78408.15625,78066.24,1,2000.0,78094.52362500|77937.70731250|77780.89100000|77624.07468750|77467.25837500
1779061200000,2026-05-17T23:40:00+00:00,2026-05-17,77741.73282609,76735.16,5,10000.0,77430.76589479|77275.28242913|77119.79896348|76964.31549783|76808.83203218
1779111300000,2026-05-18T13:35:00+00:00,2026-05-18,77163.00065217,76763.16,1,2000.0,76854.34864956|76700.02264826|76545.69664695|76391.37064565|76237.04464434
1779114600000,2026-05-18T14:30:00+00:00,2026-05-18,76659.975,76327.12,1,2000.0,76353.33510000|76200.01515000|76046.69520000|75893.37525000|75740.05530000
1779201900000,2026-05-19T14:45:00+00:00,2026-05-19,76473.96608696,76144.71,1,2000.0,76168.07022261|76015.12229044|75862.17435826|75709.22642609|75556.27849392
1779359100000,2026-05-21T10:25:00+00:00,2026-05-21,77649.64695652,77190.09,1,2000.0,77339.04836869|77183.74907478|77028.44978087|76873.15048695|76717.85119304
1779370500000,2026-05-21T13:35:00+00:00,2026-05-21,77202.1276087,76848.0,1,2000.0,76893.31909827|76738.91484305|76584.51058783|76430.10633261|76275.70207740
1779475500000,2026-05-22T18:45:00+00:00,2026-05-22,76594.89130435,76101.0,2,4000.0,76288.51173913|76135.32195652|75982.13217392|75828.94239131|75675.75260870
1779478200000,2026-05-22T19:30:00+00:00,2026-05-22,76262.63413043,75704.97,2,4000.0,75957.58359391|75805.05832565|75652.53305739|75500.00778913|75347.48252086
1779493500000,2026-05-22T23:45:00+00:00,2026-05-22,75797.48043478,75359.18,1,2000.0,75494.29051304|75342.69555217|75191.10059130|75039.50563043|74887.91066956
1779522300000,2026-05-23T07:45:00+00:00,2026-05-23,75291.17347826,74969.93,1,2000.0,74990.00878435|74839.42643739|74688.84409043|74538.26174348|74387.67939652
1779522600000,2026-05-23T07:50:00+00:00,2026-05-23,75038.84630435,74289.6,3,6000.0,74738.69091913|74588.61322652|74438.53553392|74288.45784131|74138.38014870
1779570000000,2026-05-23T21:00:00+00:00,2026-05-23,77284.79021739,76894.82,1,2000.0,76975.65105652|76821.08147609|76666.51189565|76511.94231522|76357.37273478
1779632100000,2026-05-24T14:15:00+00:00,2026-05-24,76506.9226087,76195.36,1,2000.0,76200.89491827|76047.88107305|75894.86722783|75741.85338261|75588.83953740
1779797100000,2026-05-26T12:05:00+00:00,2026-05-26,77218.27804348,76877.94,1,2000.0,76909.40493131|76754.96837522|76600.53181913|76446.09526305|76291.65870696
1779805800000,2026-05-26T14:30:00+00:00,2026-05-26,77958.79304348,77526.12,1,2000.0,77646.95787131|77491.04028522|77335.12269913|77179.20511305|77023.28752696
1779806100000,2026-05-26T14:35:00+00:00,2026-05-26,77553.70434783,76908.0,3,6000.0,77243.48953044|77088.38212174|76933.27471305|76778.16730435|76623.05989566
1779888900000,2026-05-27T13:35:00+00:00,2026-05-27,75250.10217391,74900.85,1,2000.0,74949.10176521|74798.60156087|74648.10135652|74497.60115217|74347.10094782
1779918000000,2026-05-27T21:40:00+00:00,2026-05-27,74890.02369565,74428.0,2,4000.0,74590.46360087|74440.68355348|74290.90350608|74141.12345869|73991.34341130
1779930900000,2026-05-28T01:15:00+00:00,2026-05-28,74479.24630435,74156.0,1,2000.0,74181.32931913|74032.37082652|73883.41233392|73734.45384131|73585.49534870
1779938100000,2026-05-28T03:15:00+00:00,2026-05-28,74205.41847826,73500.0,3,6000.0,73908.59680435|73760.18596739|73611.77513043|73463.36429348|73314.95345652
1779940800000,2026-05-28T04:00:00+00:00,2026-05-28,73268.70543478,72728.85,2,4000.0,72975.63061304|72829.09320217|72682.55579130|72536.01838043|72389.48096956
1779977100000,2026-05-28T14:05:00+00:00,2026-05-28,72890.27608696,72582.82,1,2000.0,72598.71498261|72452.93443044|72307.15387826|72161.37332609|72015.59277392
1779978000000,2026-05-28T14:20:00+00:00,2026-05-28,73490.12630435,72983.17,2,4000.0,73196.16579913|73049.18554652|72902.20529392|72755.22504131|72608.24478870
1780069200000,2026-05-29T15:40:00+00:00,2026-05-29,74112.6273913,73740.95,1,2000.0,73816.17688173|73667.95162695|73519.72637217|73371.50111739|73223.27586260
1780080600000,2026-05-29T18:50:00+00:00,2026-05-29,73576.53695652,73187.25,1,2000.0,73282.23080869|73135.07773478|72987.92466087|72840.77158695|72693.61851304
1780307400000,2026-06-01T09:50:00+00:00,2026-06-01,72976.54152174,72600.0,1,2000.0,72684.63535565|72538.68227261|72392.72918957|72246.77610652|72100.82302348
1780314900000,2026-06-01T11:55:00+00:00,2026-06-01,72672.88978261,72290.0,1,2000.0,72382.19822348|72236.85244391|72091.50666435|71946.16088478|71800.81510522
1780321200000,2026-06-01T13:40:00+00:00,2026-06-01,71886.35108696,71581.03,1,2000.0,71598.80568261|71455.03298044|71311.26027826|71167.48757609|71023.71487392
1780365900000,2026-06-02T02:05:00+00:00,2026-06-02,70573.08130435,70111.0,2,4000.0,70290.78897913|70149.64281652|70008.49665392|69867.35049131|69726.20432870
1780383600000,2026-06-02T07:00:00+00:00,2026-06-02,70106.86978261,69733.0,1,2000.0,69826.44230348|69686.22856391|69546.01482435|69405.80108478|69265.58734522
1780409700000,2026-06-02T14:15:00+00:00,2026-06-02,68590.8476087,68300.89,1,2000.0,68316.48421827|68179.30252305|68042.12082783|67904.93913261|67767.75743740
1780410000000,2026-06-02T14:20:00+00:00,2026-06-02,68320.6373913,67940.45,1,2000.0,68047.35484173|67910.71356695|67774.07229217|67637.43101739|67500.78974260
1780410300000,2026-06-02T14:25:00+00:00,2026-06-02,68025.77826087,67617.85,1,2000.0,67753.67514783|67617.62359130|67481.57203478|67345.52047826|67209.46892174
1780414200000,2026-06-02T15:30:00+00:00,2026-06-02,67471.85478261,67166.0,1,2000.0,67201.96736348|67067.02365391|66932.07994435|66797.13623478|66662.19252522
1780417200000,2026-06-02T16:20:00+00:00,2026-06-02,68086.70347826,67799.02,1,2000.0,67814.35666435|67678.18325739|67542.00985043|67405.83644348|67269.66303652
1780428600000,2026-06-02T19:30:00+00:00,2026-06-02,66981.49130435,66432.0,3,6000.0,66713.56533913|66579.60235652|66445.63937392|66311.67639131|66177.71340870
1780431300000,2026-06-02T20:15:00+00:00,2026-06-02,67378.23630435,67094.68,1,2000.0,67108.72335913|66973.96688652|66839.21041392|66704.45394131|66569.69746870
1780438500000,2026-06-02T22:15:00+00:00,2026-06-02,67221.69978261,66933.33,1,2000.0,66952.81298348|66818.36958391|66683.92618435|66549.48278478|66415.03938522
1780440300000,2026-06-02T22:45:00+00:00,2026-06-02,66957.99282609,66611.68,1,2000.0,66690.16085479|66556.24486913|66422.32888348|66288.41289783|66154.49691218
1780440600000,2026-06-02T22:50:00+00:00,2026-06-02,66743.89652174,66363.27,1,2000.0,66476.92093565|66343.43314261|66209.94534957|66076.45755652|65942.96976348
1780440900000,2026-06-02T22:55:00+00:00,2026-06-02,66558.60543478,66244.02,1,2000.0,66292.37101304|66159.25380217|66026.13659130|65893.01938043|65759.90216956
1780450500000,2026-06-03T01:35:00+00:00,2026-06-03,66893.32652174,66624.64,1,2000.0,66625.75321565|66491.96656261|66358.17990957|66224.39325652|66090.60660348
1780457100000,2026-06-03T03:25:00+00:00,2026-06-03,66430.35934783,66090.1,1,2000.0,66164.63791044|66031.77719174|65898.91647305|65766.05575435|65633.19503566
1780458000000,2026-06-03T03:40:00+00:00,2026-06-03,66032.28065217,65737.61,1,2000.0,65768.15152956|65636.08696826|65504.02240695|65371.95784565|65239.89328434
1780461000000,2026-06-03T04:30:00+00:00,2026-06-03,66579.22173913,66311.28,1,2000.0,66312.90485217|66179.74640870|66046.58796522|65913.42952174|65780.27107826
1780464600000,2026-06-03T05:30:00+00:00,2026-06-03,67092.07521739,66775.0,1,2000.0,66823.70691652|66689.52276609|66555.33861565|66421.15446522|66286.97031478
1780490100000,2026-06-03T12:35:00+00:00,2026-06-03,67131.57565217,66840.0,1,2000.0,66863.04934956|66728.78619826|66594.52304695|66460.25989565|66325.99674434
1780493100000,2026-06-03T13:25:00+00:00,2026-06-03,67110.77304348,66834.05,1,2000.0,66842.32995131|66708.10840522|66573.88685913|66439.66531305|66305.44376696
1780493700000,2026-06-03T13:35:00+00:00,2026-06-03,67130.98847826,66853.03,1,2000.0,66862.46452435|66728.20254739|66593.94057043|66459.67859348|66325.41661652
1780500600000,2026-06-03T15:30:00+00:00,2026-06-03,66594.18478261,66324.95,1,2000.0,66327.80804348|66194.61967391|66061.43130435|65928.24293478|65795.05456522
1780503600000,2026-06-03T16:20:00+00:00,2026-06-03,66050.61586957,65633.57,2,4000.0,65786.41340609|65654.31217435|65522.21094261|65390.10971087|65258.00847914
1780516200000,2026-06-03T19:50:00+00:00,2026-06-03,65753.69891304,65359.3,1,2000.0,65490.68411739|65359.17671956|65227.66932174|65096.16192391|64964.65452608
1780517700000,2026-06-03T20:15:00+00:00,2026-06-03,65580.32826087,65283.69,1,2000.0,65318.00694783|65186.84629130|65055.68563478|64924.52497826|64793.36432174
1780520100000,2026-06-03T20:55:00+00:00,2026-06-03,65044.50065217,64766.0,1,2000.0,64784.32264956|64654.23364826|64524.14464695|64394.05564565|64263.96664434
1780523400000,2026-06-03T21:50:00+00:00,2026-06-03,65807.95347826,65541.69,1,2000.0,65544.72166435|65413.10575739|65281.48985043|65149.87394348|65018.25803652
1780524600000,2026-06-03T22:10:00+00:00,2026-06-03,65562.52695652,65300.0,1,2000.0,65300.27684869|65169.15179478|65038.02674087|64906.90168695|64775.77663304
1780525200000,2026-06-03T22:20:00+00:00,2026-06-03,65269.68826087,65000.0,1,2000.0,65008.60950783|64878.07013130|64747.53075478|64616.99137826|64486.45200174
1780526100000,2026-06-03T22:35:00+00:00,2026-06-03,65209.04173913,64938.35,1,2000.0,64948.20557217|64817.78748870|64687.36940522|64556.95132174|64426.53323826
1780527600000,2026-06-03T23:00:00+00:00,2026-06-03,64899.355,64500.0,2,4000.0,64639.75758000|64509.95887000|64380.16016000|64250.36145000|64120.56274000
1780532400000,2026-06-04T00:20:00+00:00,2026-06-04,64272.01826087,63985.0,1,2000.0,64014.93018783|63886.38615130|63757.84211478|63629.29807826|63500.75404174
1780532700000,2026-06-04T00:25:00+00:00,2026-06-04,64018.52695652,63358.01,4,8000.0,63762.45284869|63634.41579478|63506.37874087|63378.34168695|63250.30463304
1780533300000,2026-06-04T00:35:00+00:00,2026-06-04,63708.33521739,63070.0,4,8000.0,63453.50187652|63326.08520609|63198.66853565|63071.25186522|62943.83519478
1780533900000,2026-06-04T00:45:00+00:00,2026-06-04,63586.34847826,63198.01,2,4000.0,63332.00308435|63204.83038739|63077.65769043|62950.48499348|62823.31229652
1780535700000,2026-06-04T01:15:00+00:00,2026-06-04,63128.76673913,62800.63,1,2000.0,62876.25167217|62749.99413870|62623.73660522|62497.47907174|62371.22153826
1780536000000,2026-06-04T01:20:00+00:00,2026-06-04,62885.00913043,62569.0,1,2000.0,62633.46909391|62507.69907565|62381.92905739|62256.15903913|62130.38902086
1780537500000,2026-06-04T01:45:00+00:00,2026-06-04,62846.34,62500.0,1,2000.0,62594.95464000|62469.26196000|62343.56928000|62217.87660000|62092.18392000
1780537800000,2026-06-04T01:50:00+00:00,2026-06-04,62525.34021739,62238.0,1,2000.0,62275.23885652|62150.18817609|62025.13749565|61900.08681522|61775.03613478
1780538400000,2026-06-04T02:00:00+00:00,2026-06-04,62172.05652174,61383.56,5,10000.0,61923.36829565|61799.02418261|61674.68006957|61550.33595652|61425.99184348
1780539300000,2026-06-04T02:15:00+00:00,2026-06-04,62402.26652174,62150.0,1,2000.0,62152.65745565|62027.85292261|61903.04838957|61778.24385652|61653.43932348
1780540500000,2026-06-04T02:35:00+00:00,2026-06-04,63305.28021739,63040.51,1,2000.0,63052.05909652|62925.44853609|62798.83797565|62672.22741522|62545.61685478
1780541400000,2026-06-04T02:50:00+00:00,2026-06-04,63531.3926087,63258.91,1,2000.0,63277.26703827|63150.20425305|63023.14146783|62896.07868261|62769.01589740
1780547400000,2026-06-04T04:30:00+00:00,2026-06-04,64580.68391304,64265.73,1,2000.0,64322.36117739|64193.19980956|64064.03844174|63934.87707391|63805.71570608
1780549200000,2026-06-04T05:00:00+00:00,2026-06-04,64392.34413043,64000.9,2,4000.0,64134.77475391|64005.99006565|63877.20537739|63748.42068913|63619.63600086
1780557300000,2026-06-04T07:15:00+00:00,2026-06-04,63810.85543478,63500.0,1,2000.0,63555.61201304|63427.99030217|63300.36859130|63172.74688043|63045.12516956
1780560300000,2026-06-04T08:05:00+00:00,2026-06-04,63876.71717391,63450.0,2,4000.0,63621.21030521|63493.45687087|63365.70343652|63237.95000217|63110.19656782
1780561200000,2026-06-04T08:20:00+00:00,2026-06-04,63528.43934783,63245.9,1,2000.0,63274.32559044|63147.26871174|63020.21183305|62893.15495435|62766.09807566
1780567200000,2026-06-04T10:00:00+00:00,2026-06-04,63257.32086957,63004.0,1,2000.0,63004.29158609|62877.77694435|62751.26230261|62624.74766087|62498.23301914
1780568700000,2026-06-04T10:25:00+00:00,2026-06-04,62784.43,62500.0,1,2000.0,62533.29228000|62407.72342000|62282.15456000|62156.58570000|62031.01684000
1780569900000,2026-06-04T10:45:00+00:00,2026-06-04,62730.67521739,62301.21,2,4000.0,62479.75251652|62354.29116609|62228.82981565|62103.36846522|61977.90711478
1780571100000,2026-06-04T11:05:00+00:00,2026-06-04,62605.37326087,62310.0,1,2000.0,62354.95176783|62229.74102130|62104.53027478|61979.31952826|61854.10878174
1780572900000,2026-06-04T11:35:00+00:00,2026-06-04,62532.20586957,62222.0,1,2000.0,62282.07704609|62157.01263435|62031.94822261|61906.88381087|61781.81939914
1780574700000,2026-06-04T12:05:00+00:00,2026-06-04,62655.93043478,62392.0,1,2000.0,62405.30671304|62279.99485217|62154.68299130|62029.37113043|61904.05926956
1780578900000,2026-06-04T13:15:00+00:00,2026-06-04,63604.76130435,63270.01,1,2000.0,63350.34225913|63223.13273652|63095.92321392|62968.71369131|62841.50416870
1780580400000,2026-06-04T13:40:00+00:00,2026-06-04,64151.42956522,63750.0,2,4000.0,63894.82384696|63766.52098783|63638.21812870|63509.91526957|63381.61241044
1780586100000,2026-06-04T15:15:00+00:00,2026-06-04,64365.74695652,64080.0,1,2000.0,64108.28396869|63979.55247478|63850.82098087|63722.08948695|63593.35799304
1780586400000,2026-06-04T15:20:00+00:00,2026-06-04,64129.40130435,63800.0,1,2000.0,63872.88369913|63744.62489652|63616.36609392|63488.10729131|63359.84848870
1780593300000,2026-06-04T17:15:00+00:00,2026-06-04,63595.37695652,63242.0,1,2000.0,63340.99544869|63213.80469478|63086.61394087|62959.42318695|62832.23243304
1780621200000,2026-06-05T01:00:00+00:00,2026-06-05,63439.53369565,63052.0,2,4000.0,63185.77556087|63058.89649348|62932.01742608|62805.13835869|62678.25929130
1780626000000,2026-06-05T02:20:00+00:00,2026-06-05,63027.1823913,62766.53,1,2000.0,62775.07366173|62649.01929695|62522.96493217|62396.91056739|62270.85620260
1780627200000,2026-06-05T02:40:00+00:00,2026-06-05,62907.03543478,62588.77,1,2000.0,62655.40729304|62529.59322217|62403.77915130|62277.96508043|62152.15100956
1780637700000,2026-06-05T05:35:00+00:00,2026-06-05,63363.66913043,63085.75,1,2000.0,63110.21445391|62983.48711565|62856.75977739|62730.03243913|62603.30510086
1780638000000,2026-06-05T05:40:00+00:00,2026-06-05,63169.37043478,62887.0,1,2000.0,62916.69295304|62790.35421217|62664.01547130|62537.67673043|62411.33798956
1780638300000,2026-06-05T05:45:00+00:00,2026-06-05,62918.3176087,62618.89,1,2000.0,62666.64433827|62540.80770305|62414.97106783|62289.13443261|62163.29779740
1780638900000,2026-06-05T05:55:00+00:00,2026-06-05,62714.18934783,62278.0,2,4000.0,62463.33259044|62337.90421174|62212.47583305|62087.04745435|61961.61907566
1780639200000,2026-06-05T06:00:00+00:00,2026-06-05,62340.56456522,62027.78,1,2000.0,62091.20230696|61966.52117783|61841.84004870|61717.15891957|61592.47779044
1780639800000,2026-06-05T06:10:00+00:00,2026-06-05,62464.14543478,62078.0,2,4000.0,62214.28885304|62089.36056217|61964.43227130|61839.50398043|61714.57568956
1780640100000,2026-06-05T06:15:00+00:00,2026-06-05,62121.00826087,61814.0,1,2000.0,61872.52422783|61748.28221130|61624.04019478|61499.79817826|61375.55616174
1780640400000,2026-06-05T06:20:00+00:00,2026-06-05,61838.79326087,61126.01,4,8000.0,61591.43808783|61467.76050130|61344.08291478|61220.40532826|61096.72774174
1780641900000,2026-06-05T06:45:00+00:00,2026-06-05,62135.21826087,61870.0,1,2000.0,61886.67738783|61762.40695130|61638.13651478|61513.86607826|61389.59564174
1780642800000,2026-06-05T07:00:00+00:00,2026-06-05,61937.52391304,61602.51,1,2000.0,61689.77381739|61565.89876956|61442.02372174|61318.14867391|61194.27362608
1780643100000,2026-06-05T07:05:00+00:00,2026-06-05,61713.89,61413.22,1,2000.0,61467.03444000|61343.60666000|61220.17888000|61096.75110000|60973.32332000
1780660800000,2026-06-05T12:00:00+00:00,2026-06-05,61979.81086957,61647.06,1,2000.0,61731.89162609|61607.93200435|61483.97238261|61360.01276087|61236.05313914
1780662600000,2026-06-05T12:30:00+00:00,2026-06-05,62213.49978261,61753.43,2,4000.0,61964.64578348|61840.21878391|61715.79178435|61591.36478478|61466.93778522
1780666500000,2026-06-05T13:35:00+00:00,2026-06-05,62202.625,61782.0,2,4000.0,61953.81450000|61829.40925000|61705.00400000|61580.59875000|61456.19350000
1780667100000,2026-06-05T13:45:00+00:00,2026-06-05,61838.35934783,61260.7,3,6000.0,61591.00591044|61467.32919174|61343.65247305|61219.97575435|61096.29903566
1780667700000,2026-06-05T13:55:00+00:00,2026-06-05,61207.37804348,60732.35,2,4000.0,60962.54853131|60840.13377522|60717.71901913|60595.30426305|60472.88950696
1780668600000,2026-06-05T14:10:00+00:00,2026-06-05,61124.61065217,60656.92,2,4000.0,60880.11220956|60757.86298826|60635.61376695|60513.36454565|60391.11532434
1780669200000,2026-06-05T14:20:00+00:00,2026-06-05,60786.78413043,60480.0,1,2000.0,60543.63699391|60422.06342565|60300.48985739|60178.91628913|60057.34272086
1780671900000,2026-06-05T15:05:00+00:00,2026-06-05,60971.17391304,60718.73,1,2000.0,60727.28921739|60605.34686956|60483.40452174|60361.46217391|60239.51982608
1780673400000,2026-06-05T15:30:00+00:00,2026-06-05,60785.15021739,60534.0,1,2000.0,60542.00961652|60420.43931609|60298.86901565|60177.29871522|60055.72841478
1780673700000,2026-06-05T15:35:00+00:00,2026-06-05,60614.79434783,60166.32,2,4000.0,60372.33517044|60251.10558174|60129.87599305|60008.64640435|59887.41681566
1780675200000,2026-06-05T16:00:00+00:00,2026-06-05,60457.49347826,60186.29,1,2000.0,60215.66350435|60094.74851739|59973.83353043|59852.91854348|59732.00355652
1780675800000,2026-06-05T16:10:00+00:00,2026-06-05,60063.42608696,59786.0,1,2000.0,59823.17238261|59703.04553044|59582.91867826|59462.79182609|59342.66497392
1780676700000,2026-06-05T16:25:00+00:00,2026-06-05,61221.15934783,60886.55,1,2000.0,60976.27471044|60853.83239174|60731.39007305|60608.94775435|60486.50543566
1780679400000,2026-06-05T17:10:00+00:00,2026-06-05,61367.81369565,60930.8,2,4000.0,61122.34244087|60999.60681348|60876.87118608|60754.13555869|60631.39993130
1780679700000,2026-06-05T17:15:00+00:00,2026-06-05,61050.47021739,60794.0,1,2000.0,60806.26833652|60684.16739609|60562.06645565|60439.96551522|60317.86457478
1780684500000,2026-06-05T18:35:00+00:00,2026-06-05,60240.16608696,59968.0,1,2000.0,59999.20542261|59878.72509044|59758.24475826|59637.76442609|59517.28409392
1780684800000,2026-06-05T18:40:00+00:00,2026-06-05,60271.73565217,59668.0,4,8000.0,60030.64870956|59910.10523826|59789.56176695|59669.01829565|59548.47482434
1780685100000,2026-06-05T18:45:00+00:00,2026-06-05,59943.79586957,59669.6,1,2000.0,59704.02068609|59584.13309435|59464.24550261|59344.35791087|59224.47031914
1780685400000,2026-06-05T18:50:00+00:00,2026-06-05,59790.57347826,59170.0,4,8000.0,59551.41118435|59431.83003739|59312.24889043|59192.66774348|59073.08659652
1780686000000,2026-06-05T19:00:00+00:00,2026-06-05,59393.19086957,59145.0,1,2000.0,59155.61810609|59036.83172435|58918.04534261|58799.25896087|58680.47257914
1780686900000,2026-06-05T19:15:00+00:00,2026-06-05,59402.11,59130.91,1,2000.0,59164.50156000|59045.69734000|58926.89312000|58808.08890000|58689.28468000
1780687800000,2026-06-05T19:30:00+00:00,2026-06-05,59861.87847826,59485.45,2,4000.0,59622.43096435|59502.70720739|59382.98345043|59263.25969348|59143.53593652
1780688400000,2026-06-05T19:40:00+00:00,2026-06-05,59810.57782609,59560.0,1,2000.0,59571.33551479|59451.71435913|59332.09320348|59212.47204783|59092.85089218
1780689600000,2026-06-05T20:00:00+00:00,2026-06-05,60325.39804348,60016.27,1,2000.0,60084.09645131|59963.44565522|59842.79485913|59722.14406305|59601.49326696
1780696800000,2026-06-05T22:00:00+00:00,2026-06-05,61680.76434783,61415.0,1,2000.0,61434.04129044|61310.67976174|61187.31823305|61063.95670435|60940.59517566
1780700100000,2026-06-05T22:55:00+00:00,2026-06-05,61955.80978261,61556.53,2,4000.0,61707.98654348|61584.07492391|61460.16330435|61336.25168478|61212.34006522
1780701300000,2026-06-05T23:15:00+00:00,2026-06-05,61322.13065217,61051.26,1,2000.0,61076.84212956|60954.19786826|60831.55360695|60708.90934565|60586.26508434
1780702200000,2026-06-05T23:30:00+00:00,2026-06-05,60946.94282609,60518.0,2,4000.0,60703.15505479|60581.26116913|60459.36728348|60337.47339783|60215.57951218
1780716600000,2026-06-06T03:30:00+00:00,2026-06-06,60797.31956522,60527.82,1,2000.0,60554.13028696|60432.53564783|60310.94100870|60189.34636957|60067.75173044
1780718700000,2026-06-06T04:05:00+00:00,2026-06-06,60711.73413043,60370.0,1,2000.0,60468.88719391|60347.46372565|60226.04025739|60104.61678913|59983.19332086
1780719000000,2026-06-06T04:10:00+00:00,2026-06-06,60375.49391304,60087.2,1,2000.0,60133.99193739|60013.24094956|59892.48996174|59771.73897391|59650.98798608
1780719900000,2026-06-06T04:25:00+00:00,2026-06-06,60108.55782609,59845.52,1,2000.0,59868.12359479|59747.90647913|59627.68936348|59507.47224783|59387.25513218
1780720200000,2026-06-06T04:30:00+00:00,2026-06-06,59968.63565217,59500.0,2,4000.0,59728.76110956|59608.82383826|59488.88656695|59368.94929565|59249.01202434
1780721700000,2026-06-06T04:55:00+00:00,2026-06-06,60267.48086957,59968.0,1,2000.0,60026.41094609|59905.87598435|59785.34102261|59664.80606087|59544.27109914
1780722000000,2026-06-06T05:00:00+00:00,2026-06-06,60097.71630435,59621.22,2,4000.0,59857.32543913|59737.13000652|59616.93457392|59496.73914131|59376.54370870
1780740000000,2026-06-06T10:00:00+00:00,2026-06-06,60980.10586957,60724.0,1,2000.0,60736.18544609|60614.22523435|60492.26502261|60370.30481087|60248.34459914
1780741800000,2026-06-06T10:30:00+00:00,2026-06-06,60530.09826087,60198.0,1,2000.0,60287.97786783|60166.91767130|60045.85747478|59924.79727826|59803.73708174
1780833900000,2026-06-07T12:05:00+00:00,2026-06-07,62631.68978261,62358.0,1,2000.0,62381.16302348|62255.89964391|62130.63626435|62005.37288478|61880.10950522
1780834200000,2026-06-07T12:10:00+00:00,2026-06-07,62431.44195652,62061.25,1,2000.0,62181.71618869|62056.85330478|61931.99042087|61807.12753695|61682.26465304
1780835400000,2026-06-07T12:30:00+00:00,2026-06-07,61948.10369565,61680.01,1,2000.0,61700.31128087|61576.41507348|61452.51886608|61328.62265869|61204.72645130
1780836000000,2026-06-07T12:40:00+00:00,2026-06-07,61895.32043478,61577.12,1,2000.0,61647.73915304|61523.94851217|61400.15787130|61276.36723043|61152.57658956
1780858800000,2026-06-07T19:00:00+00:00,2026-06-07,62024.18608696,61693.12,1,2000.0,61776.08934261|61652.04097044|61527.99259826|61403.94422609|61279.89585392
1780859100000,2026-06-07T19:05:00+00:00,2026-06-07,61854.26673913,61584.02,1,2000.0,61606.84967217|61483.14113870|61359.43260522|61235.72407174|61112.01553826
1780859700000,2026-06-07T19:15:00+00:00,2026-06-07,61670.80847826,61275.0,2,4000.0,61424.12524435|61300.78362739|61177.44201043|61054.10039348|60930.75877652
1780870500000,2026-06-07T22:15:00+00:00,2026-06-07,63561.33392174,63163.51,2,4000.0,63307.08858605|63179.96591821|63052.84325037|62925.72058252|62798.59791468
1780870800000,2026-06-07T22:20:00+00:00,2026-06-07,63207.05173913,62888.45,1,2000.0,62954.22353217|62827.80942870|62701.39532522|62574.98122174|62448.56711826
1780880400000,2026-06-08T01:00:00+00:00,2026-06-08,63631.64673913,63366.01,1,2000.0,63377.12015217|63249.85685870|63122.59356522|62995.33027174|62868.06697826
1780920000000,2026-06-08T12:00:00+00:00,2026-06-08,63477.45978261,62860.0,3,6000.0,63223.54994348|63096.59502391|62969.64010435|62842.68518478|62715.73026522
1780920600000,2026-06-08T12:10:00+00:00,2026-06-08,63026.84434783,62718.3,1,2000.0,62774.73697044|62648.68328174|62522.62959305|62396.57590435|62270.52221566
1780928100000,2026-06-08T14:15:00+00:00,2026-06-08,63875.60586957,63605.63,1,2000.0,63620.10344609|63492.35223435|63364.60102261|63236.84981087|63109.09859914
1780960500000,2026-06-08T23:15:00+00:00,2026-06-08,63579.2123913,63088.0,2,4000.0,63324.89554173|63197.73711695|63070.57869217|62943.42026739|62816.26184260
1780964700000,2026-06-09T00:25:00+00:00,2026-06-09,62897.34173913,62457.0,2,4000.0,62645.75237217|62519.95768870|62394.16300522|62268.36832174|62142.57363826
1780965900000,2026-06-09T00:45:00+00:00,2026-06-09,62716.74652174,62423.07,1,2000.0,62465.87953565|62340.44604261|62215.01254957|62089.57905652|61964.14556348
1780989900000,2026-06-09T07:25:00+00:00,2026-06-09,63304.23326087,63012.0,1,2000.0,63051.01632783|62924.40786130|62797.79939478|62671.19092826|62544.58246174
1780992300000,2026-06-09T08:05:00+00:00,2026-06-09,63083.90326087,62786.46,1,2000.0,62831.56764783|62705.39984130|62579.23203478|62453.06422826|62326.89642174
1781014500000,2026-06-09T14:15:00+00:00,2026-06-09,62012.41043478,61762.0,1,2000.0,61764.36079304|61640.33597217|61516.31115130|61392.28633043|61268.26150956
1781022900000,2026-06-09T16:35:00+00:00,2026-06-09,61142.68804348,60800.0,1,2000.0,60898.11729131|60775.83191522|60653.54653913|60531.26116305|60408.97578696
1781051400000,2026-06-10T00:30:00+00:00,2026-06-10,61855.47195652,61596.0,1,2000.0,61608.05006869|61484.33912478|61360.62818087|61236.91723695|61113.20629304
1781053500000,2026-06-10T01:05:00+00:00,2026-06-10,61968.46956522,61712.01,1,2000.0,61720.59568696|61596.65874783|61472.72180870|61348.78486957|61224.84793044
1781083200000,2026-06-10T09:20:00+00:00,2026-06-10,61037.03673913,60755.0,1,2000.0,60792.88859217|60670.81451870|60548.74044522|60426.66637174|60304.59229826
1781089200000,2026-06-10T11:00:00+00:00,2026-06-10,61387.05478261,60971.82,2,4000.0,61141.50656348|61018.73245391|60895.95834435|60773.18423478|60650.41012522
1781099400000,2026-06-10T13:50:00+00:00,2026-06-10,62436.99652174,62184.0,1,2000.0,62187.24853565|62062.37454261|61937.50054957|61812.62655652|61687.75256348
1781103900000,2026-06-10T15:05:00+00:00,2026-06-10,62195.83586957,61945.23,1,2000.0,61947.05252609|61822.66085435|61698.26918261|61573.87751087|61449.48583914
1781106300000,2026-06-10T15:45:00+00:00,2026-06-10,62387.07521739,62134.0,1,2000.0,62137.52691652|62012.75276609|61887.97861565|61763.20446522|61638.43031478
1781109900000,2026-06-10T16:45:00+00:00,2026-06-10,62231.30021739,61953.5,1,2000.0,61982.37501652|61857.91241609|61733.44981565|61608.98721522|61484.52461478
1781128200000,2026-06-10T21:50:00+00:00,2026-06-10,61492.26043478,61214.0,1,2000.0,61246.29139304|61123.30687217|61000.32235130|60877.33783043|60754.35330956
1781180400000,2026-06-11T12:20:00+00:00,2026-06-11,63119.425,62675.08,2,4000.0,62866.94730000|62740.70845000|62614.46960000|62488.23075000|62361.99190000
1781245800000,2026-06-12T06:30:00+00:00,2026-06-12,63160.74913043,62865.4,1,2000.0,62908.10613391|62781.78463565|62655.46313739|62529.14163913|62402.82014086
1781271600000,2026-06-12T13:40:00+00:00,2026-06-12,63371.73304348,63045.29,1,2000.0,63118.24611131|62991.50264522|62864.75917913|62738.01571305|62611.27224696
1781279700000,2026-06-12T15:55:00+00:00,2026-06-12,63838.11173913,63551.9,1,2000.0,63582.75929217|63455.08306870|63327.40684522|63199.73062174|63072.05439826
1781366400000,2026-06-13T16:00:00+00:00,2026-06-13,64298.15282609,64030.0,1,2000.0,64040.96021479|63912.36390913|63783.76760348|63655.17129783|63526.57499218
1781474700000,2026-06-14T22:05:00+00:00,2026-06-14,65293.59130435,64946.12,1,2000.0,65032.41693913|64901.82975652|64771.24257392|64640.65539131|64510.06820870
1781542800000,2026-06-15T17:00:00+00:00,2026-06-15,67163.98391304,66838.62,1,2000.0,66895.32797739|66761.00000956|66626.67204174|66492.34407391|66358.01610608
1781550900000,2026-06-15T19:15:00+00:00,2026-06-15,66858.60021739,66408.0,2,4000.0,66591.16581652|66457.44861609|66323.73141565|66190.01421522|66056.29701478
1781575800000,2026-06-16T02:10:00+00:00,2026-06-16,66305.86804348,66033.52,1,2000.0,66040.64457131|65908.03283522|65775.42109913|65642.80936305|65510.19762696
1781576700000,2026-06-16T02:25:00+00:00,2026-06-16,66048.64804348,65753.25,1,2000.0,65784.45345131|65652.35615522|65520.25885913|65388.16156305|65256.06426696
1781619300000,2026-06-16T14:15:00+00:00,2026-06-16,66030.62456522,65693.27,1,2000.0,65766.50206696|65634.44081783|65502.37956870|65370.31831957|65238.25707044
1781707500000,2026-06-17T14:45:00+00:00,2026-06-17,65117.79,64772.72,1,2000.0,64857.31884000|64727.08326000|64596.84768000|64466.61210000|64336.37652000
1781713800000,2026-06-17T16:30:00+00:00,2026-06-17,66289.27934783,65895.25,1,2000.0,66024.12223044|65891.54367174|65758.96511305|65626.38655435|65493.80799566
1781719200000,2026-06-17T18:00:00+00:00,2026-06-17,66078.2373913,65230.0,5,10000.0,65813.92444173|65681.76796695|65549.61149217|65417.45501739|65285.29854260
1781719500000,2026-06-17T18:05:00+00:00,2026-06-17,65281.72695652,64800.0,2,4000.0,65020.60004869|64890.03659478|64759.47314087|64628.90968695|64498.34623304
1781722500000,2026-06-17T18:55:00+00:00,2026-06-17,65900.55608696,65350.0,3,6000.0,65636.95386261|65505.15275044|65373.35163826|65241.55052609|65109.74941392
1781723100000,2026-06-17T19:05:00+00:00,2026-06-17,65455.8776087,65176.0,1,2000.0,65194.05409827|65063.14234305|64932.23058783|64801.31883261|64670.40707740
1781723700000,2026-06-17T19:15:00+00:00,2026-06-17,65372.37978261,64764.0,3,6000.0,65110.89026348|64980.14550391|64849.40074435|64718.65598478|64587.91122522
1781724300000,2026-06-17T19:25:00+00:00,2026-06-17,64647.14065217,64316.17,1,2000.0,64388.55208956|64259.25780826|64129.96352695|64000.66924565|63871.37496434
1781733600000,2026-06-17T22:00:00+00:00,2026-06-17,64253.52521739,63915.77,1,2000.0,63996.51111652|63868.00406609|63739.49701565|63610.98996522|63482.48291478
1781755800000,2026-06-18T04:10:00+00:00,2026-06-18,64133.15717391,63826.93,1,2000.0,63876.62454521|63748.35823087|63620.09191652|63491.82560217|63363.55928782
1781792700000,2026-06-18T14:25:00+00:00,2026-06-18,64091.13565217,63774.19,1,2000.0,63834.77110956|63706.58883826|63578.40656695|63450.22429565|63322.04202434
1781794200000,2026-06-18T14:50:00+00:00,2026-06-18,63984.86717391,63587.3,2,4000.0,63728.92770521|63600.95797087|63472.98823652|63345.01850217|63217.04876782
1781795700000,2026-06-18T15:15:00+00:00,2026-06-18,63569.1576087,63198.0,1,2000.0,63314.88097827|63187.74266305|63060.60434783|62933.46603261|62806.32771740
1781796900000,2026-06-18T15:35:00+00:00,2026-06-18,63270.085,62894.01,1,2000.0,63017.00466000|62890.46449000|62763.92432000|62637.38415000|62510.84398000
1781797800000,2026-06-18T15:50:00+00:00,2026-06-18,62776.95391304,62495.06,1,2000.0,62525.84609739|62400.29218956|62274.73828174|62149.18437391|62023.63046608
1781838900000,2026-06-19T03:15:00+00:00,2026-06-19,62736.50891304,62386.9,1,2000.0,62485.56287739|62360.08985956|62234.61684174|62109.14382391|61983.67080608
1781976900000,2026-06-20T17:35:00+00:00,2026-06-20,64005.53043478,63730.21,1,2000.0,63749.50831304|63621.49725217|63493.48619130|63365.47513043|63237.46406956
1782040500000,2026-06-21T11:15:00+00:00,2026-06-21,64428.76695652,64120.0,1,2000.0,64171.05188869|64042.19435478|63913.33682087|63784.47928695|63655.62175304
1782074700000,2026-06-21T20:45:00+00:00,2026-06-21,63977.40326087,63700.0,1,2000.0,63721.49364783|63593.53884130|63465.58403478|63337.62922826|63209.67442174
1782075900000,2026-06-21T21:05:00+00:00,2026-06-21,63827.12413043,63551.73,1,2000.0,63571.81563391|63444.16138565|63316.50713739|63188.85288913|63061.19864086
1782084600000,2026-06-21T23:30:00+00:00,2026-06-21,63637.32434783,63338.0,1,2000.0,63382.77505044|63255.50040174|63128.22575305|63000.95110435|62873.67645566
1782097200000,2026-06-22T03:00:00+00:00,2026-06-22,64256.81521739,63894.98,1,2000.0,63999.78795652|63871.27432609|63742.76069565|63614.24706522|63485.73343478
1782167100000,2026-06-22T22:25:00+00:00,2026-06-22,64249.63434783,63906.88,1,2000.0,63992.63581044|63864.13654174|63735.63727305|63607.13800435|63478.63873566
1782167700000,2026-06-22T22:35:00+00:00,2026-06-22,64120.1276087,63850.0,1,2000.0,63863.64709827|63735.40684305|63607.16658783|63478.92633261|63350.68607740
1782195600000,2026-06-23T06:20:00+00:00,2026-06-23,63034.60413043,62568.9,2,4000.0,62782.46571391|62656.39650565|62530.32729739|62404.25808913|62278.18888086
1782202500000,2026-06-23T08:15:00+00:00,2026-06-23,62667.24130435,62403.6,1,2000.0,62416.57233913|62291.23785652|62165.90337392|62040.56889131|61915.23440870
1782203100000,2026-06-23T08:25:00+00:00,2026-06-23,62259.30586957,61938.0,1,2000.0,62010.26864609|61885.75003435|61761.23142261|61636.71281087|61512.19419914
1782306300000,2026-06-24T13:05:00+00:00,2026-06-24,62407.61152174,62155.19,1,2000.0,62157.98107565|62033.16585261|61908.35062957|61783.53540652|61658.72018348
1782307200000,2026-06-24T13:20:00+00:00,2026-06-24,62204.705,61696.0,3,6000.0,61955.88618000|61831.47677000|61707.06736000|61582.65795000|61458.24854000
1782308400000,2026-06-24T13:40:00+00:00,2026-06-24,61862.06043478,61411.25,2,4000.0,61614.61219304|61490.88807217|61367.16395130|61243.43983043|61119.71570956
1782310200000,2026-06-24T14:10:00+00:00,2026-06-24,61362.47934783,61114.01,1,2000.0,61117.02943044|60994.30447174|60871.57951305|60748.85455435|60626.12959566
1782310500000,2026-06-24T14:15:00+00:00,2026-06-24,61218.1626087,60946.0,1,2000.0,60973.28995827|60850.85363305|60728.41730783|60605.98098261|60483.54465740
1782319500000,2026-06-24T16:45:00+00:00,2026-06-24,60259.70565217,60002.0,1,2000.0,60018.66682956|59898.14741826|59777.62800695|59657.10859565|59536.58918434
1782319800000,2026-06-24T16:50:00+00:00,2026-06-24,60082.02717391,59622.0,2,4000.0,59841.69906521|59721.53501087|59601.37095652|59481.20690217|59361.04284782
1782321300000,2026-06-24T17:15:00+00:00,2026-06-24,59829.87043478,59566.01,1,2000.0,59590.55095304|59470.89121217|59351.23147130|59231.57173043|59111.91198956
1782321600000,2026-06-24T17:20:00+00:00,2026-06-24,59616.09021739,59339.0,1,2000.0,59377.62585652|59258.39367609|59139.16149565|59019.92931522|58900.69713478
1782322500000,2026-06-24T17:35:00+00:00,2026-06-24,59682.32,59422.01,1,2000.0,59443.59072000|59324.22608000|59204.86144000|59085.49680000|58966.13216000
1782323100000,2026-06-24T17:45:00+00:00,2026-06-24,59344.89695652,59102.7,1,2000.0,59107.51736869|58988.82757478|58870.13778087|58751.44798695|58632.75819304
1782394200000,2026-06-25T13:30:00+00:00,2026-06-25,61242.42434783,60892.0,1,2000.0,60997.45465044|60874.96980174|60752.48495305|60630.00010435|60507.51525566
1782394500000,2026-06-25T13:35:00+00:00,2026-06-25,61021.73673913,60672.01,1,2000.0,60777.64979217|60655.60631870|60533.56284522|60411.51937174|60289.47589826
1782394800000,2026-06-25T13:40:00+00:00,2026-06-25,60709.13913043,60072.01,4,8000.0,60466.30257391|60344.88429565|60223.46601739|60102.04773913|59980.62946086
1782395100000,2026-06-25T13:45:00+00:00,2026-06-25,60110.40282609,59300.0,5,10000.0,59869.96121479|59749.74040913|59629.51960348|59509.29879783|59389.07799218
1782395400000,2026-06-25T13:50:00+00:00,2026-06-25,59518.69630435,58713.39,5,10000.0,59280.62151913|59161.58412652|59042.54673392|58923.50934131|58804.47194870
1782395700000,2026-06-25T13:55:00+00:00,2026-06-25,58826.49413043,58115.01,5,10000.0,58591.18815391|58473.53516565|58355.88217739|58238.22918913|58120.57620086
1782396900000,2026-06-25T14:15:00+00:00,2026-06-25,59282.47065217,58797.2,3,6000.0,59045.34076956|58926.77582826|58808.21088695|58689.64594565|58571.08100434
1782398100000,2026-06-25T14:35:00+00:00,2026-06-25,60063.51543478,59568.35,3,6000.0,59823.26137304|59703.13434217|59583.00731130|59462.88028043|59342.75324956
1782398400000,2026-06-25T14:40:00+00:00,2026-06-25,59768.02434783,59426.51,1,2000.0,59528.95225044|59409.41620174|59289.88015305|59170.34410435|59050.80805566
1782399300000,2026-06-25T14:55:00+00:00,2026-06-25,59704.18804348,59427.76,1,2000.0,59465.37129131|59345.96291522|59226.55453913|59107.14616305|58987.73778696
1782399600000,2026-06-25T15:00:00+00:00,2026-06-25,59474.18043478,59057.55,2,4000.0,59236.28371304|59117.33535217|58998.38699130|58879.43863043|58760.49026956
1782400200000,2026-06-25T15:10:00+00:00,2026-06-25,59291.96543478,59049.64,1,2000.0,59054.79757304|58936.21364217|58817.62971130|58699.04578043|58580.46184956
1782405000000,2026-06-25T16:30:00+00:00,2026-06-25,59742.15586957,59382.95,2,4000.0,59503.18724609|59383.70293435|59264.21862261|59144.73431087|59025.24999914
1782411000000,2026-06-25T18:10:00+00:00,2026-06-25,59649.60891304,59400.0,1,2000.0,59411.01047739|59291.71125956|59172.41204174|59053.11282391|58933.81360608
1782412200000,2026-06-25T18:30:00+00:00,2026-06-25,59709.58369565,59418.0,1,2000.0,59470.74536087|59351.32619348|59231.90702608|59112.48785869|58993.06869130
1782439800000,2026-06-26T02:10:00+00:00,2026-06-26,59284.28913043,58608.2,4,8000.0,59047.15197391|58928.58339565|58810.01481739|58691.44623913|58572.87766086
1782440400000,2026-06-26T02:20:00+00:00,2026-06-26,58659.49108696,58358.77,1,2000.0,58424.85312261|58307.53414044|58190.21515826|58072.89617609|57955.57719392
1782441900000,2026-06-26T02:45:00+00:00,2026-06-26,58810.26673913,58572.01,1,2000.0,58575.02567217|58457.40513870|58339.78460522|58222.16407174|58104.54353826
1782453600000,2026-06-26T06:00:00+00:00,2026-06-26,59947.37065217,59702.0,1,2000.0,59707.58116956|59587.68642826|59467.79168695|59347.89694565|59228.00220434
1782467400000,2026-06-26T09:50:00+00:00,2026-06-26,59831.9826087,59583.33,1,2000.0,59592.65467827|59472.99071305|59353.32674783|59233.66278261|59113.99881740
1782470100000,2026-06-26T10:35:00+00:00,2026-06-26,59778.26978261,59459.83,1,2000.0,59539.15670348|59419.60016391|59300.04362435|59180.48708478|59060.93054522
1782477300000,2026-06-26T12:35:00+00:00,2026-06-26,59868.82434783,59302.0,3,6000.0,59629.34905044|59509.61140174|59389.87375305|59270.13610435|59150.39845566
1782477600000,2026-06-26T12:40:00+00:00,2026-06-26,59332.22086957,58969.9,2,4000.0,59094.89198609|58976.22754435|58857.56310261|58738.89866087|58620.23421914
1782479700000,2026-06-26T13:15:00+00:00,2026-06-26,59104.01847826,58500.1,4,8000.0,58867.60240435|58749.39436739|58631.18633043|58512.97829348|58394.77025652
1782482400000,2026-06-26T14:00:00+00:00,2026-06-26,60158.14021739,59815.34,1,2000.0,59917.50765652|59797.19137609|59676.87509565|59556.55881522|59436.24253478
1782484500000,2026-06-26T14:35:00+00:00,2026-06-26,59859.78521739,59584.0,1,2000.0,59620.34607652|59500.62650609|59380.90693565|59261.18736522|59141.46779478
1782485400000,2026-06-26T14:50:00+00:00,2026-06-26,59809.63891304,59559.04,1,2000.0,59570.40035739|59450.78107956|59331.16180174|59211.54252391|59091.92324608
1782486600000,2026-06-26T15:10:00+00:00,2026-06-26,60037.88630435,59759.02,1,2000.0,59797.73475913|59677.65898652|59557.58321392|59437.50744131|59317.43166870
1782579600000,2026-06-27T17:00:00+00:00,2026-06-27,60801.23130435,60413.15,2,4000.0,60558.02637913|60436.42391652|60314.82145392|60193.21899131|60071.61652870
1782598500000,2026-06-27T22:15:00+00:00,2026-06-27,60127.55717391,59855.16,1,2000.0,59887.04694521|59766.79183087|59646.53671652|59526.28160217|59406.02648782
1782651600000,2026-06-28T13:00:00+00:00,2026-06-28,60292.55608696,60033.01,1,2000.0,60051.38586261|59930.80075044|59810.21563826|59689.63052609|59569.04541392
1782683100000,2026-06-28T21:45:00+00:00,2026-06-28,59663.63043478,59386.0,1,2000.0,59424.97591304|59305.64865217|59186.32139130|59066.99413043|58947.66686956
1782684900000,2026-06-28T22:15:00+00:00,2026-06-28,59634.28456522,59276.91,1,2000.0,59395.74742696|59276.47885783|59157.21028870|59037.94171957|58918.67315044
1782687000000,2026-06-28T22:50:00+00:00,2026-06-28,59195.06369565,58905.0,1,2000.0,58958.28344087|58839.89331348|58721.50318608|58603.11305869|58484.72293130
1782824100000,2026-06-30T12:55:00+00:00,2026-06-30,58661.05652174,58403.51,1,2000.0,58426.41229565|58309.09018261|58191.76806957|58074.44595652|57957.12384348
1782826200000,2026-06-30T13:30:00+00:00,2026-06-30,58518.21913043,58228.33,1,2000.0,58284.14625391|58167.10981565|58050.07337739|57933.03693913|57816.00050086
1782830100000,2026-06-30T14:35:00+00:00,2026-06-30,59008.95782609,58586.57,2,4000.0,58772.92199479|58654.90407913|58536.88616348|58418.86824783|58300.85033218
1782830700000,2026-06-30T14:45:00+00:00,2026-06-30,58922.60456522,58590.26,1,2000.0,58686.91414696|58569.06893783|58451.22372870|58333.37851957|58215.53331044
1782832500000,2026-06-30T15:15:00+00:00,2026-06-30,58441.83304348,58204.0,1,2000.0,58208.06571131|58091.18204522|57974.29837913|57857.41471305|57740.53104696
1782843600000,2026-06-30T18:20:00+00:00,2026-06-30,58667.0423913,58431.22,1,2000.0,58432.37422173|58315.04013695|58197.70605217|58080.37196739|57963.03788260
1782868200000,2026-07-01T01:10:00+00:00,2026-07-01,58292.0826087,57800.19,3,6000.0,58058.91427827|57942.33011305|57825.74594783|57709.16178261|57592.57761740
1782916200000,2026-07-01T14:30:00+00:00,2026-07-01,59788.08130435,59540.0,1,2000.0,59548.92897913|59429.35281652|59309.77665392|59190.20049131|59070.62432870
1782944700000,2026-07-01T22:25:00+00:00,2026-07-01,60967.40956522,60553.19,2,4000.0,60723.53992696|60601.60510783|60479.67028870|60357.73546957|60235.80065044
1783001700000,2026-07-02T14:15:00+00:00,2026-07-02,62099.98913043,61808.13,1,2000.0,61851.58917391|61727.38919565|61603.18921739|61478.98923913|61354.78926086
1783009500000,2026-07-02T16:25:00+00:00,2026-07-02,61491.57391304,61108.99,2,4000.0,61245.60761739|61122.62446956|60999.64132174|60876.65817391|60753.67502608
1783087800000,2026-07-03T14:10:00+00:00,2026-07-03,61992.26173913,61700.0,1,2000.0,61744.29269217|61620.30816870|61496.32364522|61372.33912174|61248.35459826
1783338900000,2026-07-06T11:55:00+00:00,2026-07-06,62937.59586957,62483.83,2,4000.0,62685.84548609|62559.97029435|62434.09510261|62308.21991087|62182.34471914
1783339200000,2026-07-06T12:00:00+00:00,2026-07-06,62519.31065217,61920.0,3,6000.0,62269.23340956|62144.19478826|62019.15616695|61894.11754565|61769.07892434
1783344900000,2026-07-06T13:35:00+00:00,2026-07-06,61601.76608696,61306.84,1,2000.0,61355.35902261|61232.15549044|61108.95195826|60985.74842609|60862.54489392
1783386000000,2026-07-07T01:00:00+00:00,2026-07-07,64203.84304348,63932.0,1,2000.0,63947.02767131|63818.61998522|63690.21229913|63561.80461305|63433.39692696
1783432200000,2026-07-07T13:50:00+00:00,2026-07-07,63335.84891304,63021.13,1,2000.0,63082.50551739|62955.83381956|62829.16212174|62702.49042391|62575.81872608
1783434900000,2026-07-07T14:35:00+00:00,2026-07-07,63193.03608696,62671.39,3,6000.0,62940.26394261|62813.87787044|62687.49179826|62561.10572609|62434.71965392
1783458900000,2026-07-07T21:15:00+00:00,2026-07-07,63789.7426087,63471.13,1,2000.0,63534.58363827|63407.00415305|63279.42466783|63151.84518261|63024.26569740
1783474500000,2026-07-08T01:35:00+00:00,2026-07-08,63354.66673913,62921.78,2,4000.0,63101.24807217|62974.53873870|62847.82940522|62721.12007174|62594.41073826
1783498500000,2026-07-08T08:15:00+00:00,2026-07-08,62828.07717391,62319.89,3,6000.0,62576.76486521|62451.10871087|62325.45255652|62199.79640217|62074.14024782
1783498800000,2026-07-08T08:20:00+00:00,2026-07-08,62462.66543478,62177.13,1,2000.0,62212.81477304|62087.88944217|61962.96411130|61838.03878043|61713.11344956
1783518300000,2026-07-08T13:45:00+00:00,2026-07-08,61967.88152174,61652.78,1,2000.0,61720.00999565|61596.07423261|61472.13846957|61348.20270652|61224.26694348
1783600800000,2026-07-09T12:40:00+00:00,2026-07-09,62924.40108696,62576.14,1,2000.0,62672.70348261|62546.85468044|62421.00587826|62295.15707609|62169.30827392
1783606500000,2026-07-09T14:15:00+00:00,2026-07-09,62936.71630435,62677.82,1,2000.0,62684.96943913|62559.09600652|62433.22257392|62307.34914131|62181.47570870
1783685400000,2026-07-10T12:10:00+00:00,2026-07-10,64389.53195652,63999.0,2,4000.0,64131.97382869|64003.19476478|63874.41570087|63745.63663695|63616.85757304
1783693800000,2026-07-10T14:30:00+00:00,2026-07-10,64136.16608696,63793.43,1,2000.0,63879.62142261|63751.34909044|63623.07675826|63494.80442609|63366.53209392
1783784100000,2026-07-11T15:35:00+00:00,2026-07-11,64445.00391304,63896.18,3,6000.0,64187.22389739|64058.33388956|63929.44388174|63800.55387391|63671.66386608
1783902900000,2026-07-13T00:35:00+00:00,2026-07-13,64092.71391304,63742.0,1,2000.0,63836.34305739|63708.15762956|63579.97220174|63451.78677391|63323.60134608
1783911900000,2026-07-13T03:05:00+00:00,2026-07-13,63275.22021739,63001.21,1,2000.0,63022.11933652|62895.56889609|62769.01845565|62642.46801522|62515.91757478
1783913400000,2026-07-13T03:30:00+00:00,2026-07-13,63068.74956522,62755.0,1,2000.0,62816.47456696|62690.33706783|62564.19956870|62438.06206957|62311.92457044
1783950000000,2026-07-13T13:40:00+00:00,2026-07-13,62589.14173913,62256.0,1,2000.0,62338.78517217|62213.60688870|62088.42860522|61963.25032174|61838.07203826
1783952100000,2026-07-13T14:15:00+00:00,2026-07-13,62409.19869565,62101.0,1,2000.0,62159.56190087|62034.74350348|61909.92510608|61785.10670869|61660.28831130
1784037600000,2026-07-14T14:00:00+00:00,2026-07-14,63839.67152174,63580.99,1,2000.0,63584.31283565|63456.63349261|63328.95414957|63201.27480652|63073.59546348
1784049000000,2026-07-14T17:10:00+00:00,2026-07-14,64593.40565217,64231.77,1,2000.0,64335.03202956|64205.84521826|64076.65840695|63947.47159565|63818.28478434
1784123100000,2026-07-15T13:45:00+00:00,2026-07-15,65282.50195652,64888.0,2,4000.0,65021.37194869|64890.80694478|64760.24194087|64629.67693695|64499.11193304
1784524200000,2026-07-20T05:10:00+00:00,2026-07-20,64428.18978261,64082.7,1,2000.0,64170.47702348|64041.62064391|63912.76426435|63783.90788478|63655.05150522
1784524800000,2026-07-20T05:20:00+00:00,2026-07-20,64361.30326087,64094.01,1,2000.0,64103.85804783|63975.13544130|63846.41283478|63717.69022826|63588.96762174
1784536500000,2026-07-20T08:35:00+00:00,2026-07-20,64200.23565217,63100.0,5,10000.0,63943.43470956|63815.03423826|63686.63376695|63558.23329565|63429.83282434
1784548800000,2026-07-20T12:00:00+00:00,2026-07-20,65003.26478261,64716.57,1,2000.0,64743.25172348|64613.24519391|64483.23866435|64353.23213478|64223.22560522
1784555100000,2026-07-20T13:45:00+00:00,2026-07-20,64654.55565217,64369.87,1,2000.0,64395.93742956|64266.62831826|64137.31920695|64008.01009565|63878.70098434
1784555400000,2026-07-20T13:50:00+00:00,2026-07-20,64723.3873913,64315.56,2,4000.0,64464.49384173|64335.04706695|64205.60029217|64076.15351739|63946.70674260
1784655900000,2026-07-21T17:45:00+00:00,2026-07-21,66498.73934783,66052.63,2,4000.0,66232.74439044|66099.74691174|65966.74943305|65833.75195435|65700.75447566
1784790600000,2026-07-23T07:10:00+00:00,2026-07-23,65693.59217391,65351.02,1,2000.0,65430.81780521|65299.43062087|65168.04343652|65036.65625217|64905.26906782
1784898300000,2026-07-24T13:05:00+00:00,2026-07-24,64713.12326087,64362.89,1,2000.0,64454.27076783|64324.84452130|64195.41827478|64065.99202826|63936.56578174
1784901000000,2026-07-24T13:50:00+00:00,2026-07-24,64283.13826087,63967.72,1,2000.0,64026.00570783|63897.43943130|63768.87315478|63640.30687826|63511.74060174
1785160200000,2026-07-27T13:50:00+00:00,2026-07-27,65631.90826087,65366.96,1,2000.0,65369.38062783|65238.11681130|65106.85299478|64975.58917826|64844.32536174
1785162600000,2026-07-27T14:30:00+00:00,2026-07-27,64882.4076087,64599.39,1,2000.0,64622.87797827|64493.11316305|64363.34834783|64233.58353261|64103.81871740
1785192000000,2026-07-27T22:40:00+00:00,2026-07-27,64531.45586957,64150.0,1,2000.0,64273.33004609|64144.26713435|64015.20422261|63886.14131087|63757.07839914
1785200700000,2026-07-28T01:05:00+00:00,2026-07-28,63460.16543478,63059.39,2,4000.0,63206.32477304|63079.40444217|62952.48411130|62825.56378043|62698.64344956
1785245700000,2026-07-28T13:35:00+00:00,2026-07-28,63257.28195652,62890.0,1,2000.0,63004.25282869|62877.73826478|62751.22370087|62624.70913695|62498.19457304
1785343200000,2026-07-29T16:40:00+00:00,2026-07-29,63890.60391304,63624.15,1,2000.0,63635.04149739|63507.26028956|63379.47908174|63251.69787391|63123.91666608
1785349800000,2026-07-29T18:30:00+00:00,2026-07-29,64102.28804348,63758.0,1,2000.0,63845.87889131|63717.67431522|63589.46973913|63461.26516305|63333.06058696
1785354300000,2026-07-29T19:45:00+00:00,2026-07-29,63875.65913043,63511.0,1,2000.0,63620.15649391|63492.40517565|63364.65385739|63236.90253913|63109.15122086
1785454800000,2026-07-30T23:40:00+00:00,2026-07-30,65076.3026087,64772.0,1,2000.0,64815.99739827|64685.84479305|64555.69218783|64425.53958261|64295.38697740
1785504600000,2026-07-31T13:30:00+00:00,2026-07-31,63823.10282609,63555.84,1,2000.0,63567.81041479|63440.16420913|63312.51800348|63184.87179783|63057.22559218
1785506400000,2026-07-31T14:00:00+00:00,2026-07-31,63271.80543478,63000.01,1,2000.0,63018.71821304|62892.17460217|62765.63099130|62639.08738043|62512.54376956
1785506700000,2026-07-31T14:05:00+00:00,2026-07-31,63026.75282609,62555.36,2,4000.0,62774.64581479|62648.59230913|62522.53880348|62396.48529783|62270.43179218
1785609000000,2026-08-01T18:30:00+00:00,2026-08-01,62562.96630435,62275.0,1,2000.0,62312.71443913|62187.58850652|62062.46257392|61937.33664131|61812.21070870
1785728700000,2026-08-03T03:45:00+00:00,2026-08-03,63062.81673913,62786.04,1,2000.0,62810.56547217|62684.43983870|62558.31420522|62432.18857174|62306.06293826
1786368600000,2026-08-10T13:30:00+00:00,2026-08-10,64930.17152174,64670.0,1,2000.0,64670.45083565|64540.59049261|64410.73014957|64280.86980652|64151.00946348
1786537800000,2026-08-12T12:30:00+00:00,2026-08-12,64405.01217391,64087.51,1,2000.0,64147.39212521|64018.58210087|63889.77207652|63760.96205217|63632.15202782
1786638900000,2026-08-13T16:35:00+00:00,2026-08-13,63409.18304348,63058.4,1,2000.0,63155.54631131|63028.72794522|62901.90957913|62775.09121305|62648.27284696
1786639200000,2026-08-13T16:40:00+00:00,2026-08-13,63094.14913043,62802.27,1,2000.0,62841.77253391|62715.58423565|62589.39593739|62463.20763913|62337.01934086
1787153400000,2026-08-19T15:30:00+00:00,2026-08-19,68253.09847826,67718.27,2,4000.0,67980.08608435|67843.57988739|67707.07369043|67570.56749348|67434.06129652
1787154300000,2026-08-19T15:45:00+00:00,2026-08-19,68686.0276087,68374.0,1,2000.0,68411.28349827|68273.91144305|68136.53938783|67999.16733261|67861.79527740
1787166600000,2026-08-19T19:10:00+00:00,2026-08-19,68388.61152174,68103.71,1,2000.0,68115.05707565|67978.27985261|67841.50262957|67704.72540652|67567.94818348
1787173800000,2026-08-19T21:10:00+00:00,2026-08-19,69619.64956522,69155.74,2,4000.0,69341.17096696|69201.93166783|69062.69236870|68923.45306957|68784.21377044
1787175300000,2026-08-19T21:35:00+00:00,2026-08-19,69776.90630435,69443.58,1,2000.0,69497.79867913|69358.24486652|69218.69105392|69079.13724131|68939.58342870
1787221500000,2026-08-20T10:25:00+00:00,2026-08-20,72270.62478261,71975.13,1,2000.0,71981.54228348|71837.00103391|71692.45978435|71547.91853478|71403.37728522
1787227500000,2026-08-20T12:05:00+00:00,2026-08-20,71801.60282609,71501.0,1,2000.0,71514.39641479|71370.79320913|71227.19000348|71083.58679783|70939.98359218
1787232600000,2026-08-20T13:30:00+00:00,2026-08-20,71962.97891304,71470.58,2,4000.0,71675.12699739|71531.20103956|71387.27508174|71243.34912391|71099.42316608
1787232900000,2026-08-20T13:35:00+00:00,2026-08-20,71510.84608696,71132.0,1,2000.0,71224.80270261|71081.78101044|70938.75931826|70795.73762609|70652.71593392
1787235900000,2026-08-20T14:25:00+00:00,2026-08-20,71662.57282609,71364.01,1,2000.0,71375.92253479|71232.59738913|71089.27224348|70945.94709783|70802.62195218
1787238300000,2026-08-20T15:05:00+00:00,2026-08-20,72315.58717391,72008.0,1,2000.0,72026.32482521|71881.69365087|71737.06247652|71592.43130217|71447.80012782
1787240100000,2026-08-20T15:35:00+00:00,2026-08-20,72517.51782609,72174.97,1,2000.0,72227.44775479|72082.41271913|71937.37768348|71792.34264783|71647.30761218
1787275200000,2026-08-21T01:20:00+00:00,2026-08-21,74651.57065217,74274.52,1,2000.0,74352.96436956|74203.66122826|74054.35808695|73905.05494565|73755.75180434
1787277600000,2026-08-21T02:00:00+00:00,2026-08-21,75128.20217391,74790.69,1,2000.0,74827.68936521|74677.43296087|74527.17655652|74376.92015217|74226.66374782
1787279400000,2026-08-21T02:30:00+00:00,2026-08-21,74972.72217391,74574.81,1,2000.0,74672.83128521|74522.88584087|74372.94039652|74222.99495217|74073.04950782
1787294400000,2026-08-21T06:40:00+00:00,2026-08-21,75709.1276087,75324.0,1,2000.0,75406.29109827|75254.87284305|75103.45458783|74952.03633261|74800.61807740
1787302800000,2026-08-21T09:00:00+00:00,2026-08-21,79262.46173913,77559.64,5,10000.0,78945.41189217|78786.88696870|78628.36204522|78469.83712174|78311.31219826
1787303100000,2026-08-21T09:05:00+00:00,2026-08-21,77862.4623913,77251.0,2,4000.0,77551.01254173|77395.28761695|77239.56269217|77083.83776739|76928.11284260
1787303700000,2026-08-21T09:15:00+00:00,2026-08-21,77920.85021739,77465.26,1,2000.0,77609.16681652|77453.32511609|77297.48341565|77141.64171522|76985.80001478
1787306100000,2026-08-21T09:55:00+00:00,2026-08-21,78113.38891304,77577.01,2,4000.0,77800.93535739|77644.70857956|77488.48180174|77332.25502391|77176.02824608
1787307900000,2026-08-21T10:25:00+00:00,2026-08-21,78015.14086957,77666.37,1,2000.0,77703.08030609|77547.05002435|77391.01974261|77234.98946087|77078.95917914
1787310600000,2026-08-21T11:10:00+00:00,2026-08-21,77744.59934783,77338.65,1,2000.0,77433.62095044|77278.13175174|77122.64255305|76967.15335435|76811.66415566
1787311800000,2026-08-21T11:30:00+00:00,2026-08-21,77415.81956522,76411.38,5,10000.0,77106.15628696|76951.32464783|76796.49300870|76641.66136957|76486.82973044
1787313300000,2026-08-21T11:55:00+00:00,2026-08-21,77010.88173913,76516.57,2,4000.0,76702.83821217|76548.81644870|76394.79468522|76240.77292174|76086.75115826
1787318100000,2026-08-21T13:15:00+00:00,2026-08-21,77188.19478261,76866.0,1,2000.0,76879.44200348|76725.06561391|76570.68922435|76416.31283478|76261.93644522
1787319000000,2026-08-21T13:30:00+00:00,2026-08-21,77091.05565217,76572.0,2,4000.0,76782.69142956|76628.50931826|76474.32720695|76320.14509565|76165.96298434
1787319300000,2026-08-21T13:35:00+00:00,2026-08-21,76610.92413043,76243.04,1,2000.0,76304.48043391|76151.25858565|75998.03673739|75844.81488913|75691.59304086
1787320800000,2026-08-21T14:00:00+00:00,2026-08-21,77284.4723913,76752.22,2,4000.0,76975.33450173|76820.76555695|76666.19661217|76511.62766739|76357.05872260
1787337600000,2026-08-21T18:40:00+00:00,2026-08-21,77215.49,76860.32,1,2000.0,76906.62804000|76752.19706000|76597.76608000|76443.33510000|76288.90412000
1787348100000,2026-08-21T21:35:00+00:00,2026-08-21,78388.88630435,78001.92,1,2000.0,78075.33075913|77918.55298652|77761.77521392|77604.99744131|77448.21966870
1787349600000,2026-08-21T22:00:00+00:00,2026-08-21,78498.31847826,78178.59,1,2000.0,78184.32520435|78027.32856739|77870.33193043|77713.33529348|77556.33865652
1787351400000,2026-08-21T22:30:00+00:00,2026-08-21,78498.68021739,78081.8,1,2000.0,78184.68549652|78027.68813609|77870.69077565|77713.69341522|77556.69605478
1787357100000,2026-08-22T00:05:00+00:00,2026-08-22,78179.87282609,77738.0,1,2000.0,77867.15333479|77710.79358913|77554.43384348|77398.07409783|77241.71435218
1787375100000,2026-08-22T05:05:00+00:00,2026-08-22,78518.23434783,77797.39,3,6000.0,78204.16141044|78047.12494174|77890.08847305|77733.05200435|77576.01553566
1787375400000,2026-08-22T05:10:00+00:00,2026-08-22,77855.02956522,76500.0,5,10000.0,77543.60944696|77387.89938783|77232.18932870|77076.47926957|76920.76921044
1787375700000,2026-08-22T05:15:00+00:00,2026-08-22,77335.38326087,76724.68,2,4000.0,77026.04172783|76871.37096130|76716.70019478|76562.02942826|76407.35866174
1787376600000,2026-08-22T05:30:00+00:00,2026-08-22,77305.50543478,76920.62,1,2000.0,76996.28341304|76841.67240217|76687.06139130|76532.45038043|76377.83936956
1787391900000,2026-08-22T09:45:00+00:00,2026-08-22,77195.875,76851.25,1,2000.0,76887.09150000|76732.69975000|76578.30800000|76423.91625000|76269.52450000
1787461500000,2026-08-23T05:05:00+00:00,2026-08-23,76569.84456522,76225.42,1,2000.0,76263.56518696|76110.42549783|75957.28580870|75804.14611957|75651.00643044
1787461800000,2026-08-23T05:10:00+00:00,2026-08-23,76309.26869565,75810.01,2,4000.0,76004.03162087|75851.41308348|75698.79454608|75546.17600869|75393.55747130
1787462100000,2026-08-23T05:15:00+00:00,2026-08-23,75931.80086957,75545.67,1,2000.0,75628.07366609|75476.21006435|75324.34646261|75172.48286087|75020.61925914
1787496000000,2026-08-23T14:40:00+00:00,2026-08-23,77436.63152174,76802.0,3,6000.0,77126.88499565|76972.01173261|76817.13846957|76662.26520652|76507.39194348
1787520900000,2026-08-23T21:35:00+00:00,2026-08-23,77971.7426087,77607.65,1,2000.0,77659.85563827|77503.91215305|77347.96866783|77192.02518261|77036.08169740
1787571900000,2026-08-24T11:45:00+00:00,2026-08-24,78557.47086957,78168.14,1,2000.0,78243.24098609|78086.12604435|77929.01110261|77771.89616087|77614.78121914
1787577300000,2026-08-24T13:15:00+00:00,2026-08-24,79222.39630435,78885.73,1,2000.0,78905.50671913|78747.06192652|78588.61713392|78430.17234131|78271.72754870
1787578200000,2026-08-24T13:30:00+00:00,2026-08-24,79013.72565217,78580.75,1,2000.0,78697.67074956|78539.64329826|78381.61584695|78223.58839565|78065.56094434
1787578800000,2026-08-24T13:40:00+00:00,2026-08-24,78628.3176087,78210.0,1,2000.0,78313.80433827|78156.54770305|77999.29106783|77842.03443261|77684.77779740
1787579100000,2026-08-24T13:45:00+00:00,2026-08-24,78293.79086957,77851.9,1,2000.0,77980.61570609|77824.02812435|77667.44054261|77510.85296087|77354.26537914
1787586000000,2026-08-24T15:40:00+00:00,2026-08-24,79537.03543478,79016.0,2,4000.0,79218.88729304|79059.81322217|78900.73915130|78741.66508043|78582.59100956
1787586900000,2026-08-24T15:55:00+00:00,2026-08-24,79180.95347826,78824.78,1,2000.0,78864.22966435|78705.86775739|78547.50585043|78389.14394348|78230.78203652
1787590200000,2026-08-24T16:50:00+00:00,2026-08-24,79288.79456522,78901.1,1,2000.0,78971.63938696|78813.06179783|78654.48420870|78495.90661957|78337.32903044
1787590800000,2026-08-24T17:00:00+00:00,2026-08-24,79049.79217391,78601.44,1,2000.0,78733.59300521|78575.49342087|78417.39383652|78259.29425217|78101.19466782
1787591700000,2026-08-24T17:15:00+00:00,2026-08-24,79105.28586957,78763.96,1,2000.0,78788.86472609|78630.65415435|78472.44358261|78314.23301087|78156.02243914
1787592000000,2026-08-24T17:20:00+00:00,2026-08-24,78998.10565217,78500.0,2,4000.0,78682.11322956|78524.11701826|78366.12080695|78208.12459565|78050.12838434
1787598900000,2026-08-24T19:15:00+00:00,2026-08-24,79031.5876087,78692.0,1,2000.0,78715.46125827|78557.39808305|78399.33490783|78241.27173261|78083.20855740
1787643900000,2026-08-25T07:45:00+00:00,2026-08-25,80521.15847826,79703.17,4,8000.0,80199.07384435|80038.03152739|79876.98921043|79715.94689348|79554.90457652
1787644200000,2026-08-25T07:50:00+00:00,2026-08-25,79891.79891304,79369.17,2,4000.0,79572.23171739|79412.44811956|79252.66452174|79092.88092391|78933.09732608
1787651400000,2026-08-25T09:50:00+00:00,2026-08-25,79588.06586957,78888.0,3,6000.0,79269.71360609|79110.53747435|78951.36134261|78792.18521087|78633.00907914
1787665200000,2026-08-25T13:40:00+00:00,2026-08-25,79059.44456522,78618.0,1,2000.0,78743.20678696|78585.08789783|78426.96900870|78268.85011957|78110.73123044
1787665800000,2026-08-25T13:50:00+00:00,2026-08-25,78489.14608696,78120.74,1,2000.0,78175.18950261|78018.21121044|77861.23291826|77704.25462609|77547.27633392
1787691900000,2026-08-25T21:05:00+00:00,2026-08-25,78206.36826087,77851.0,1,2000.0,77893.54278783|77737.13005130|77580.71731478|77424.30457826|77267.89184174
1787735700000,2026-08-26T09:15:00+00:00,2026-08-26,78774.81108696,78426.0,1,2000.0,78459.71184261|78302.16222044|78144.61259826|77987.06297609|77829.51335392
1787747400000,2026-08-26T12:30:00+00:00,2026-08-26,78704.08130435,77918.25,3,6000.0,78389.26497913|78231.85681652|78074.44865392|77917.04049131|77759.63232870
1787825400000,2026-08-27T10:10:00+00:00,2026-08-27,80155.52673913,79806.17,1,2000.0,79834.90463217|79674.59357870|79514.28252522|79353.97147174|79193.66041826
1787826300000,2026-08-27T10:25:00+00:00,2026-08-27,79798.93521739,79342.0,1,2000.0,79479.73947652|79320.14160609|79160.54373565|79000.94586522|78841.34799478
1787838300000,2026-08-27T13:45:00+00:00,2026-08-27,79238.53826087,78920.0,1,2000.0,78921.58410783|78763.10703130|78604.62995478|78446.15287826|78287.67580174
1787841900000,2026-08-27T14:45:00+00:00,2026-08-27,80375.11521739,80004.47,1,2000.0,80053.61475652|79892.86452609|79732.11429565|79571.36406522|79410.61383478
1787854200000,2026-08-27T18:10:00+00:00,2026-08-27,80382.52413043,79982.38,1,2000.0,80060.99403391|79900.22898565|79739.46393739|79578.69888913|79417.93384086
1787880900000,2026-08-28T01:35:00+00:00,2026-08-28,81145.86152174,80810.81,1,2000.0,80821.27807565|80658.98635261|80496.69462957|80334.40290652|80172.11118348
1787925600000,2026-08-28T14:00:00+00:00,2026-08-28,79418.32891304,78777.77,3,6000.0,79100.65559739|78941.81893956|78782.98228174|78624.14562391|78465.30896608
1787926200000,2026-08-28T14:10:00+00:00,2026-08-28,78853.44152174,78423.03,1,2000.0,78538.02775565|78380.32087261|78222.61398957|78064.90710652|77907.20022348
1787928300000,2026-08-28T14:45:00+00:00,2026-08-28,79422.88543478,79100.0,1,2000.0,79105.19389304|78946.34812217|78787.50235130|78628.65658043|78469.81080956
1787931600000,2026-08-28T15:40:00+00:00,2026-08-28,79143.35543478,78774.42,1,2000.0,78826.78201304|78668.49530217|78510.20859130|78351.92188043|78193.63516956
1787932800000,2026-08-28T16:00:00+00:00,2026-08-28,78330.63934783,77944.44,1,2000.0,78017.31679044|77860.65551174|77703.99423305|77547.33295435|77390.67167566
1787934000000,2026-08-28T16:20:00+00:00,2026-08-28,77653.37608696,77075.12,2,4000.0,77342.76258261|77187.45583044|77032.14907826|76876.84232609|76721.53557392
1788123600000,2026-08-30T21:00:00+00:00,2026-08-30,78609.7826087,78229.82,1,2000.0,78295.34347827|78138.12391305|77980.90434783|77823.68478261|77666.46521740
1788132000000,2026-08-30T23:20:00+00:00,2026-08-30,78371.215,77812.21,2,4000.0,78057.73014000|77900.98771000|77744.24528000|77587.50285000|77430.76042000
1788132300000,2026-08-30T23:25:00+00:00,2026-08-30,77995.15847826,77646.28,1,2000.0,77683.17784435|77527.18752739|77371.19721043|77215.20689348|77059.21657652
1788133500000,2026-08-30T23:45:00+00:00,2026-08-30,77478.56195652,77000.0,2,4000.0,77168.64770869|77013.69058478|76858.73346087|76703.77633695|76548.81921304
1788134700000,2026-08-31T00:05:00+00:00,2026-08-31,77800.38478261,77436.4,1,2000.0,77489.18324348|77333.58247391|77177.98170435|77022.38093478|76866.78016522
1788267900000,2026-09-01T13:05:00+00:00,2026-09-01,77846.39826087,77515.07,1,2000.0,77535.01266783|77379.31987130|77223.62707478|77067.93427826|76912.24148174
1788274800000,2026-09-01T15:00:00+00:00,2026-09-01,78171.29586957,77817.32,1,2000.0,77858.61068609|77702.26809435|77545.92550261|77389.58291087|77233.24031914
1788287100000,2026-09-01T18:25:00+00:00,2026-09-01,77112.61347826,76737.0,1,2000.0,76804.16302435|76649.93779739|76495.71257043|76341.48734348|76187.26211652
1788287700000,2026-09-01T18:35:00+00:00,2026-09-01,76937.97282609,76611.79,1,2000.0,76630.22093479|76476.34498913|76322.46904348|76168.59309783|76014.71715218
1788447000000,2026-09-03T14:50:00+00:00,2026-09-03,80420.12630435,80094.32,1,2000.0,80098.44579913|79937.60554652|79776.76529392|79615.92504131|79455.08478870
1788451200000,2026-09-03T16:00:00+00:00,2026-09-03,81340.04130435,80782.69,2,4000.0,81014.68113913|80852.00105652|80689.32097392|80526.64089131|80363.96080870
1788465600000,2026-09-03T20:00:00+00:00,2026-09-03,81745.00326087,81401.99,1,2000.0,81418.02324783|81254.53324130|81091.04323478|80927.55322826|80764.06322174
1788471300000,2026-09-03T21:35:00+00:00,2026-09-03,82086.70869565,81646.55,1,2000.0,81758.36186087|81594.18844348|81430.01502608|81265.84160869|81101.66819130
1788525000000,2026-09-04T12:30:00+00:00,2026-09-04,81336.91086957,79661.01,5,10000.0,81011.56322609|80848.88940435|80686.21558261|80523.54176087|80360.86793914
1788525300000,2026-09-04T12:35:00+00:00,2026-09-04,79857.02978261,79414.0,1,2000.0,79537.60166348|79377.88760391|79218.17354435|79058.45948478|78898.74542522
1788525900000,2026-09-04T12:45:00+00:00,2026-09-04,79734.64217391,79177.77,2,4000.0,79415.70360521|79256.23432087|79096.76503652|78937.29575217|78777.82646782
1788529800000,2026-09-04T13:50:00+00:00,2026-09-04,79659.44630435,79237.54,1,2000.0,79340.80851913|79181.48962652|79022.17073392|78862.85184131|78703.53294870
1788532800000,2026-09-04T14:40:00+00:00,2026-09-04,79321.33456522,78868.58,1,2000.0,79004.04922696|78845.40655783|78686.76388870|78528.12121957|78369.47855044
1788533100000,2026-09-04T14:45:00+00:00,2026-09-04,79024.1473913,78678.78,1,2000.0,78708.05080173|78550.00250695|78391.95421217|78233.90591739|78075.85762260
