minute_utc,layers,capital,entry,index_low,index_close,index_high,low_gross_bp,low_net_bp,low_pnl_usd,close_gross_bp,close_net_bp,close_pnl_usd,high_gross_bp,high_net_bp,high_pnl_usd
2026-01-06T17:40:00+00:00,1,2000,92217.80800956133,92384.4273913,92384.4273913,92588.1476087,18.06802670059282,-14.43197329940718,-2.886394659881436,18.06802670059282,-14.43197329940718,-2.886394659881436,40.15922815041151,7.659228150411508,1.5318456300823016
2026-01-06T17:41:00+00:00,1,2000,92014.8896817348,92104.47652174,92211.80434783,92324.28065217,9.73612426369952,-22.76387573630048,-4.552775147260096,21.400304535090786,-11.099695464909214,-2.2199390929818428,33.6240114513342,1.1240114513341979,0.22480229026683957
2026-01-12T17:32:00+00:00,1,2000,91159.42939565305,91161.58804348,91201.8126087,91511.7376087,0.23679918152996748,-32.26320081847003,-6.4526401636940065,4.649350410366182,-27.850649589633818,-5.570129917926764,38.647478969822124,6.147478969822124,1.2294957939644249
2026-01-13T13:33:00+00:00,1,2000,92198.47694869392,92170.91913043,92204.23043478,92581.33282609,-2.98896675692939,-35.488966756929386,-7.097793351385878,0.6240326604611823,-31.875967339538818,-6.3751934679077635,41.52518458728327,9.02518458728327,1.8050369174566543
2026-01-13T22:11:00+00:00,1,2000,95426.5608,95421.73804348,95421.73804348,95987.17152174,-0.505389325526906,-33.005389325526906,-6.601077865105381,-0.505389325526906,-33.005389325526906,-6.601077865105381,58.74787030363038,26.24787030363038,5.249574060726076
2026-01-18T23:46:00+00:00,1,2000,94071.15636521437,93942.06369565,94123.41456522,94448.94782609,-13.72287474209366,-46.22287474209366,-9.244574948418732,5.555177806335632,-26.94482219366437,-5.388964438732874,40.16018038610403,7.660180386104031,1.5320360772208061
2026-01-19T00:01:00+00:00,2,4000,92898.85185744458,92928.06586957,92928.06586957,93374.44521739,3.144711860405547,-29.355288139594453,-11.742115255837781,3.144711860405547,-29.355288139594453,-11.742115255837781,51.19475111223571,18.694751112235707,7.477900444894282
2026-01-19T00:02:00+00:00,3,6000,92370.24817001651,92390.49600435,92390.49600435,92913.30065217,2.192029872674084,-30.307970127325916,-18.18478207639555,2.192029872674084,-30.307970127325916,-18.18478207639555,58.79084368745513,26.29084368745513,15.774506212473078
2026-01-19T00:03:00+00:00,1,2000,92020.9340203326,92142.15306087,92854.0476087,92855.31543478,13.17298523731747,-19.32701476268253,-3.865402952536506,90.53522410273685,58.03522410273685,11.60704482054737,90.67299993532396,58.17299993532396,11.63459998706479
2026-01-19T00:20:00+00:00,1,2000,92415.29900347955,92397.21978261,92412.23847826,92788.74934783,-1.9563017232537838,-34.45630172325379,-6.891260344650758,-0.3311708399533764,-32.83117083995337,-6.566234167990675,40.41001310144399,7.910013101443987,1.5820026202887973
2026-01-19T00:30:00+00:00,1,2000,92270.0997417348,92313.91,92395.95434783,92639.11021739,4.74804496666037,-27.75195503333963,-5.550391006667926,13.63980384192498,-18.86019615807502,-3.7720392316150044,39.99242188835517,7.492421888355167,1.4984843776710335
2026-01-20T22:33:00+00:00,5,10000,88755.31116558053,88082.754775,88217.82410217,89471.8273913,-75.77646697962903,-108.27646697962903,-108.27646697962903,-60.558298579767026,-93.05829857976703,-93.05829857976703,80.72939143695335,48.22939143695335,48.22939143695335
2026-01-21T16:40:00+00:00,1,2000,88495.54446782652,88448.31869565,88463.3026087,88866.28021739,-5.3365141104577685,-37.83651411045777,-7.567302822091554,-3.6433313474038,-36.1433313474038,-7.22866626948076,41.89315425911167,9.393154259111668,1.8786308518223338
2026-01-21T16:56:00+00:00,1,2000,87738.39111390828,87713.215,87820.80913043,88089.09391304,-2.8694524242633968,-35.3694524242634,-7.07389048485268,9.393609282706272,-23.106390717293728,-4.6212781434587455,39.97141897398304,7.471418973983042,1.4942837947966083
2026-01-21T19:51:00+00:00,1,2000,89969.64092347956,89900.48717391,89923.43804348,90316.07804348,-7.686342732918794,-40.186342732918796,-8.037268546583759,-5.135385617338617,-37.63538561733861,-7.527077123467723,38.50600229638346,6.006002296383457,1.2012004592766914
2026-01-25T18:44:00+00:00,1,2000,86955.81421043868,86926.93869565,87020.03826087,87333.30934783,-3.3207112199307165,-35.820711219930715,-7.164142243986143,7.385825894965503,-25.114174105034497,-5.022834821006899,43.41229402760271,10.912294027602712,2.1824588055205427
2026-01-25T19:20:00+00:00,1,2000,86745.74503565305,86690.17108696,86785.24021739,87094.12586957,-6.406533100867806,-38.906533100867804,-7.781306620173561,4.552982018970475,-27.947017981029525,-5.589403596205905,40.161143785641954,7.661143785641954,1.5322287571283908
2026-01-25T19:53:00+00:00,1,2000,86195.01376434696,86248.03869565,86319.49521739,86545.37826087,6.15173998904428,-26.34826001095572,-5.269652002191144,14.441839220926678,-18.058160779073322,-3.6116321558146645,40.64788451463297,8.14788451463297,1.629576902926594
2026-01-26T15:40:00+00:00,1,2000,87873.41731826519,87882.42304348,87893.32195652,88228.9226087,1.0248520530620198,-31.47514794693798,-6.295029589387596,2.265148990703292,-30.234851009296708,-6.046970201859342,40.456522721452615,7.956522721452615,1.591304544290523
2026-01-28T18:00:00+00:00,1,2000,89816.67026347957,89897.71673913,89910.27891304,90177.38130435,9.023544895694346,-23.476455104305654,-4.695291020861131,10.422191034897832,-22.077808965102168,-4.415561793020434,40.16081199762489,7.66081199762489,1.532162399524978
2026-01-28T18:01:00+00:00,1,2000,89550.63779738784,89600.19804348,89601.81608696,89938.11195652,5.53432642258711,-26.96567357741289,-5.393134715482578,5.715011174789453,-26.784988825210547,-5.3569977650421094,43.2687213248939,10.768721324893903,2.1537442649787804
2026-01-29T02:31:00+00:00,1,2000,88196.59138695912,88173.74826087,88192.09217391,88544.71630435,-2.590023687979448,-35.090023687979446,-7.01800473759589,-0.5101345730440521,-33.010134573044056,-6.602026914608812,39.47147071291069,6.971470712910687,1.3942941425821376
2026-01-29T15:00:00+00:00,1,2000,86672.98550347955,86719.76978261,86833.68130435,87025.3176087,5.397792502321863,-27.102207497678137,-5.420441499535627,18.540471397976432,-13.959528602023568,-2.7919057204047135,40.65074061701868,8.150740617018677,1.6301481234037354
2026-01-29T15:12:00+00:00,1,2000,85662.44758434696,85653.33304348,85757.34304348,86008.75304348,-1.0640065891154293,-33.56400658911543,-6.712801317823086,11.077836532700225,-21.422163467299775,-4.284432693459955,40.42675278359997,7.926752783599973,1.5853505567199946
2026-01-29T15:40:00+00:00,1,2000,84789.06471130608,84738.75108696,84738.75108696,85122.91804348,-5.933975627329113,-38.43397562732911,-7.686795125465823,-5.933975627329113,-38.43397562732911,-7.686795125465823,39.374574222588166,6.874574222588166,1.3749148445176331
2026-01-30T01:22:00+00:00,1,2000,83517.9030391326,83621.22826087,83655.56782609,83875.03369565,12.371625481184534,-20.128374518815466,-4.025674903763093,16.483266694675702,-16.016733305324298,-3.2033466610648595,42.76097022575698,10.260970225756978,2.0521940451513956
2026-01-30T01:37:00+00:00,1,2000,83282.34319304087,83256.96913043,83256.96913043,83612.58065217,-3.0467517649024334,-35.54675176490243,-7.109350352980486,-3.0467517649024334,-35.54675176490243,-7.109350352980486,39.65275789175049,7.15275789175049,1.430551578350098
2026-01-30T01:39:00+00:00,4,8000,82724.37185039578,82425.94267065,82924.12826087,83318.35826087,-36.07512188614548,-68.57512188614548,-54.86009750891639,24.14722602372521,-8.35277397627479,-6.682219181019832,71.80307292612875,39.30307292612875,31.442458340903
2026-01-30T01:40:00+00:00,1,2000,82592.43174782651,82653.92195652,82804.51630435,82993.84086957,7.445017345080185,-25.054982654919815,-5.010996530983963,25.678449227772848,-6.821550772227152,-1.3643101544454304,48.601199074642665,16.101199074642665,3.220239814928533
2026-01-30T01:41:00+00:00,3,6000,82307.46706131117,82115.15978261,82142.07326087,82838.25282609,-23.36449967023202,-55.86449967023202,-33.51869980213922,-20.094628877105336,-52.594628877105336,-31.5567773262632,64.48816659410106,31.98816659410106,19.192899956460636
2026-01-30T01:42:00+00:00,4,8000,81566.66514109609,81519.9295587,81519.9295587,82474.13021739,-5.729740490830748,-38.22974049083075,-30.583792392664602,-5.729740490830748,-38.22974049083075,-30.583792392664602,111.25440456884573,78.75440456884573,63.003523655076584
2026-01-30T01:43:00+00:00,1,2000,81193.84984046519,81300.09191739,81938.58391304,81938.58391304,13.08499069000435,-19.41500930999565,-3.88300186199913,91.72296596824836,59.22296596824836,11.844593193649672,91.72296596824836,59.22296596824836,11.844593193649672
2026-01-30T01:45:00+00:00,1,2000,81679.68219130608,81701.38021739,81951.33956522,82221.34347826,2.656477780251798,-29.843522219748202,-5.96870444394964,33.258867643197746,0.7588676431977461,0.15177352863954924,66.31530295199362,33.815302951993615,6.763060590398723
2026-01-30T02:16:00+00:00,1,2000,81766.18457478564,81801.32347826,81901.10934783,82081.13478261,4.297486015409913,-28.202513984590087,-5.6405027969180175,16.501292526491795,-15.998707473508205,-3.199741494701641,38.518393570914355,6.0183935709143555,1.203678714182871
2026-01-31T14:26:00+00:00,3,6000,81505.70299089407,81461.15891304,81680.50195652,82028.57891304,-5.465148599362868,-37.96514859936287,-22.779089159617723,21.446225136596553,-11.053774863403447,-6.632264918042069,64.152065801375,31.652065801375002,18.991239480825
2026-01-31T14:27:00+00:00,1,2000,81353.77994869392,81465.77782609,81539.00543478,81755.92543478,13.766769960377179,-18.73323003962282,-3.7466460079245643,22.76790165163689,-9.73209834836311,-1.946419669672622,49.431690370096426,16.931690370096426,3.3863380740192848
2026-01-31T14:36:00+00:00,1,2000,81204.4003017348,81235.49869565,81276.6323913,81547.07478261,3.829643935506777,-28.670356064493223,-5.734071212898645,8.895095499357186,-23.604904500642814,-4.720980900128563,42.19900394583309,9.699003945833091,1.9398007891666185
2026-01-31T14:38:00+00:00,1,2000,80842.12284,80890.41043478,81193.87543478,81215.23565217,5.973073576455157,-26.526926423544843,-5.305385284708969,43.51105369612584,11.011053696125842,2.2022107392251686,46.15326751234106,13.65326751234106,2.7306535024682117
2026-01-31T16:16:00+00:00,1,2000,80693.73378,80844.28913043,80868.41804348,81016.45934783,18.65762598623588,-13.842374013764118,-2.7684748027528236,21.647810219842523,-10.852189780157477,-2.1704379560314955,39.993882140818556,7.493882140818556,1.4987764281637113
2026-01-31T16:17:00+00:00,1,2000,80544.94437130608,80597.38978261,81107.51,81124.35391304,6.51132255578446,-25.98867744421554,-5.197735488843108,69.8449335442497,37.3449335442497,7.468986708849939,71.9361775287708,39.4361775287708,7.88723550575416
2026-01-31T16:47:00+00:00,2,4000,80457.67059463625,80299.02521739,80357.61717391,80852.64326087,-19.717868547990403,-52.217868547990406,-20.887147419196165,-12.435535355024285,-44.935535355024285,-17.974214142009714,49.09074092185772,16.590740921857723,6.636296368743089
2026-01-31T17:08:00+00:00,3,6000,79688.7050666562,79521.65782609,79521.65782609,80179.56869565,-20.962473969989848,-53.462473969989844,-32.077484381993905,-20.962473969989848,-53.462473969989844,-32.077484381993905,61.59764154571423,29.097641545714232,17.45858492742854
2026-01-31T17:10:00+00:00,2,4000,79136.53082908852,79177.34543478,79366.50673913,79538.72347826,5.157492407599218,-27.342507592400782,-10.937003036960313,29.060650957541956,-3.439349042458044,-1.3757396169832177,50.822628305515764,18.322628305515764,7.329051322206305
2026-01-31T17:11:00+00:00,2,4000,78969.59444010095,78930.50717391,78930.50717391,79512.29152174,-4.949660241778675,-37.44966024177867,-14.979864096711468,-4.949660241778675,-37.44966024177867,-14.979864096711468,68.72228298585136,36.222282985851365,14.488913194340546
2026-01-31T17:12:00+00:00,3,6000,78456.71237871714,78396.85061304,78805.07369565,79188.20695652,-7.629910030919618,-40.12991003091962,-24.07794601855177,44.40172247484497,11.901722474844973,7.141033484906984,93.23543590150419,60.73543590150419,36.44126154090251
2026-01-31T17:14:00+00:00,1,2000,78943.30080521436,78923.62543478,78923.62543478,79416.58326087,-2.4923420016231823,-34.992342001623186,-6.9984684003246365,-2.4923420016231823,-34.992342001623186,-6.9984684003246365,59.952199974944165,27.452199974944165,5.490439994988833
2026-01-31T17:20:00+00:00,1,2000,78777.67401652044,78761.46391304,78963.525,79094.31065217,-2.0577027289525596,-34.55770272895256,-6.911540545790513,23.59183433628509,-8.908165663714911,-1.7816331327429824,40.19370203582673,7.693702035826732,1.5387404071653463
2026-01-31T17:33:00+00:00,1,2000,78642.36633390829,78577.95434783,78577.95434783,78960.34434783,-8.19049439646724,-40.690494396467244,-8.138098879293448,-8.19049439646724,-40.690494396467244,-8.138098879293448,40.433423960262175,7.933423960262175,1.586684792052435
2026-01-31T18:37:00+00:00,2,4000,77827.66524136507,77822.66021739,77857.91369565,78216.99586957,-0.643090597610696,-33.143090597610694,-13.257236239044278,3.8865940782262243,-28.613405921773776,-11.44536236870951,50.02470869420294,17.524708694202943,7.009883477681177
2026-01-31T18:38:00+00:00,1,2000,77546.4820408674,77537.26282609,77750.60282609,77918.16369565,-1.188863057971501,-33.6888630579715,-6.7377726115943,26.322378507774857,-6.177621492225143,-1.2355242984450285,47.93017619893148,15.430176198931477,3.086035239786295
2026-01-31T18:40:00+00:00,1,2000,77235.78092347956,77212.6576087,77234.22608696,77595.58456522,-2.9938604236379174,-35.49386042363792,-7.0987720847275835,-0.20131039020654384,-32.701310390206544,-6.540262078041309,46.58509792202503,14.085097922025028,2.817019584405006
2026-01-31T18:43:00+00:00,5,10000,76771.6474757132,76058.0157587,76058.0157587,77386.35586957,-92.95511304989957,-125.45511304989957,-125.45511304989958,-92.95511304989957,-125.45511304989957,-125.45511304989958,80.06971506652638,47.569715066526385,47.569715066526385
2026-01-31T18:44:00+00:00,1,2000,75753.7836956652,75997.31539674,77351.0361587,77351.0361587,32.147793706669425,-0.35220629333057474,-0.07044125866611495,210.84787915698345,178.34787915698345,35.66957583139669,210.84787915698345,178.34787915698345,35.66957583139669
2026-01-31T19:01:00+00:00,1,2000,77880.65303217348,77829.38956522,77915.13173913,78194.77913043,-6.582310876656061,-39.08231087665606,-7.816462175331212,4.427120936218998,-28.072879063781002,-5.6145758127562,40.33429176906856,7.834291769068557,1.5668583538137115
2026-02-01T15:16:00+00:00,1,2000,77354.87762347955,77406.57804348,77406.57804348,77677.32804348,6.683537171643383,-25.816462828356617,-5.163292565671323,6.683537171643383,-25.816462828356617,-5.163292565671323,41.6845620996198,9.184562099619797,1.8369124199239593
2026-02-01T15:25:00+00:00,1,2000,77122.93109217347,77121.39826087,77143.78478261,77431.65586957,-0.19875169184557784,-32.69875169184558,-6.5397503383691165,2.7039546009488546,-29.796045399051145,-5.959209079810229,40.03021838310916,7.530218383109158,1.5060436766218315
2026-02-01T21:45:00+00:00,1,2000,76546.51146521435,76525.9076087,76617.75478261,76854.03195652,-2.6916780555985564,-35.19167805559856,-7.038335611119712,9.30719323871898,-23.19280676128102,-4.638561352256204,40.17433132082138,7.674331320821381,1.534866264164276
2026-02-01T23:05:00+00:00,2,4000,76687.18874116187,76679.06347826,76679.06347826,77080.03108696,-1.059533285187042,-33.559533285187044,-13.423813314074817,-1.059533285187042,-33.559533285187044,-13.423813314074817,51.22659367838844,18.72659367838844,7.490637471355376
2026-02-01T23:06:00+00:00,2,4000,76295.59109648329,76221.88434783,76251.92,76665.37543478,-9.660682562913081,-42.16068256291308,-16.864273025165232,-5.723934483718995,-38.22393448371899,-15.289573793487596,48.467327270469426,15.967327270469426,6.386930908187771
2026-02-01T23:27:00+00:00,1,2000,76570.03655217348,76780.45173913,76787.85521739,76939.40391304,27.480094881913164,-5.019905118086836,-1.0039810236173672,28.44698462016515,-4.05301537983485,-0.81060307596697,48.23915169674065,15.739151696740649,3.14783033934813
2026-02-01T23:28:00+00:00,1,2000,76480.70379652044,76636.17804348,76681.48717391,76811.34304348,20.328558609137293,-12.171441390862707,-2.4342882781725415,26.252815079181868,-6.247184920818132,-1.2494369841636264,43.23172127694175,10.731721276941748,2.1463442553883496
2026-02-01T23:37:00+00:00,1,2000,77137.61148261216,77342.83586957,77464.06978261,77464.06978261,26.604970391661542,-5.895029608338458,-1.1790059216676916,42.32154635374297,9.821546353742967,1.9643092707485936,42.32154635374297,9.821546353742967,1.9643092707485936
2026-02-02T03:18:00+00:00,1,2000,75497.31272347955,75517.33173913,75517.33173913,75867.33326087,2.6516196309867013,-29.8483803690133,-5.96967607380266,2.6516196309867013,-29.8483803690133,-5.96967607380266,49.01108715560598,16.511087155605978,3.302217431121196
2026-02-02T03:21:00+00:00,1,2000,75284.5448217348,75239.74326087,75328.36130435,75578.39065217,-5.950963902469075,-38.45096390246908,-7.690192780493815,5.8201165616322825,-26.679883438367717,-5.3359766876735435,39.03136176634847,6.531361766348468,1.3062723532696934
2026-02-02T03:34:00+00:00,1,2000,74821.06271738783,74847.01630435,74886.65630435,75127.67934783,3.4687541207767403,-29.03124587922326,-5.806249175844652,8.766727520288509,-23.73327247971149,-4.746654495942298,40.97998869653896,8.47998869653896,1.6959977393077919
2026-02-02T03:50:00+00:00,1,2000,75573.50607390828,75582.39391304,75594.68456522,75882.7273913,1.1760522428350129,-31.323947757164987,-6.264789551432997,2.8023698266688157,-29.697630173331184,-5.939526034666237,40.91662984238242,8.41662984238242,1.6833259684764843
2026-02-02T04:11:00+00:00,1,2000,75525.91156434697,75526.09173913,75526.09173913,75818.68956522,0.02385602229759698,-32.47614397770241,-6.4952287955404815,0.02385602229759698,-32.47614397770241,-6.4952287955404815,38.765238950289046,6.265238950289046,1.2530477900578092
2026-02-02T05:26:00+00:00,1,2000,75037.72909304088,75078.53086957,75078.53086957,75379.8326087,5.437501510543452,-27.062498489456548,-5.41249969789131,5.437501510543452,-27.062498489456548,-5.41249969789131,45.590867393514586,13.090867393514586,2.618173478702917
2026-02-02T05:53:00+00:00,1,2000,75266.19590347956,75292.49434783,75313.25978261,75577.50891304,3.494057861535005,-29.005942138464995,-5.801188427692999,6.2529902787678004,-26.2470097212322,-5.24940194424644,41.36159743740375,8.861597437403752,1.7723194874807504
2026-02-02T06:09:00+00:00,1,2000,75212.75054347956,75475.045,75564.54543478,75607.60891304,34.87366897569011,2.3736689756901086,0.4747337951380217,46.77330489290643,14.273304892906431,2.854660978581286,52.498860460126195,19.998860460126195,3.9997720920252386
2026-02-02T06:25:00+00:00,1,2000,75434.19079043868,75462.67934783,75482.40021739,75745.91934783,3.7766107242354074,-28.723389275764593,-5.7446778551529185,6.39092518208928,-26.10907481791072,-5.221814963582144,41.3245710101573,8.8245710101573,1.76491420203146
2026-02-02T06:47:00+00:00,1,2000,76307.29608261216,76335.61782609,76335.61782609,76600.61804348,3.711538074575582,-28.788461925424418,-5.757692385084884,3.711538074575582,-28.788461925424418,-5.757692385084884,38.43956946794292,5.939569467942917,1.1879138935885833
2026-02-02T14:56:00+00:00,1,2000,78026.69954347955,77940.34521739,77998.24782609,78343.88369565,-11.067279097385363,-43.56727909738537,-8.713455819477074,-3.6464079034514985,-36.1464079034515,-7.229281580690299,40.650720077388684,8.150720077388684,1.6301440154777367
2026-02-03T14:36:00+00:00,1,2000,77941.32718695913,77943.0776087,77999.81043478,78235.55347826,0.22458197775687694,-32.27541802224312,-6.455083604448625,7.503496531511278,-24.996503468488722,-4.999300693697744,37.74971532048754,5.249715320487539,1.0499430640975076
2026-02-03T14:50:00+00:00,1,2000,77748.82853478564,77764.56152174,77778.41434783,78059.18956522,2.023565788817905,-30.476434211182095,-6.095286842236419,3.8053066010013126,-28.694693398998687,-5.7389386797997375,39.91841887309056,7.418418873090559,1.4836837746181117
2026-02-03T16:34:00+00:00,1,2000,76456.40507738784,76773.49,76773.49,76838.67956522,41.47264343532964,8.972643435329637,1.7945286870659274,41.47264343532964,8.972643435329637,1.7945286870659274,49.999014136907775,17.499014136907775,3.499802827381555
2026-02-03T18:07:00+00:00,1,2000,74932.2697982652,74957.34413043,74957.34413043,75232.3126087,3.3462661991046083,-29.15373380089539,-5.830746760179078,3.3462661991046083,-29.15373380089539,-5.830746760179078,40.04186864251969,7.541868642519688,1.5083737285039376
2026-02-03T18:21:00+00:00,1,2000,74314.04242173479,74364.77,74400.99195652,74707.82608696,6.826109388227142,-25.67389061177286,-5.134778122354572,11.700283277791268,-20.799716722208732,-4.159943344441746,52.9891326581966,20.489132658196603,4.0978265316393205
2026-02-03T18:25:00+00:00,1,2000,74096.08449390827,74097.99673913,74147.12782609,74390.45,0.25807641993447206,-32.24192358006553,-6.448384716013106,6.888802901039437,-25.611197098960563,-5.122239419792113,39.727538655018876,7.227538655018876,1.4455077310037752
2026-02-03T18:29:00+00:00,1,2000,73899.2720791326,74084.96086957,74095.2723913,74228.85065217,25.12728274759679,-7.372717252403209,-1.4745434504806418,26.522630961440807,-5.977369038559193,-1.1954738077118385,44.598351751623525,12.098351751623525,2.4196703503247052
2026-02-03T18:30:00+00:00,1,2000,73798.8913017348,74037.50369565,74165.33869565,74194.92108696,32.33278843439713,-0.16721156560286943,-0.033442313120573885,49.65486438230471,17.15486438230471,3.4309728764609417,53.663378709309924,21.163378709309924,4.232675741861985
2026-02-03T18:32:00+00:00,1,2000,73812.87319304088,73940.82608696,73941.93086957,74111.7023913,17.334766739738328,-15.165233260261672,-3.0330466520523345,17.4844401723262,-15.015559827673801,-3.0031119655347602,40.48469939350596,7.984699393505963,1.5969398787011926
2026-02-03T18:48:00+00:00,1,2000,73310.40288521435,73309.74195652,73329.19717391,73602.29391304,-0.09015483046659334,-32.590154830466595,-6.5180309660933196,2.563659174683597,-29.936340825316403,-5.987268165063281,39.81577188747476,7.31577188747476,1.463154377494952
2026-02-03T19:22:00+00:00,1,2000,74834.48143565304,74757.22891304,74762.59347826,75144.9373913,-10.32311858530921,-42.82311858530921,-8.564623717061842,-9.606261179863074,-42.106261179863075,-8.421252235972615,41.48568276161724,8.985682761617241,1.7971365523234484
2026-02-04T02:41:00+00:00,1,2000,75711.05237478564,75739.07978261,75777.55347826,76016.14195652,3.701891196232765,-28.798108803767235,-5.759621760753447,8.783539706351817,-23.716460293648183,-4.7432920587296366,40.29657126202846,7.796571262028458,1.5593142524056915
2026-02-04T17:10:00+00:00,1,2000,72845.16695478563,72865.23521739,72865.5523913,73161.5223913,2.754920256662352,-29.745079743337648,-5.94901594866753,2.798461087614168,-29.701538912385832,-5.940307782477166,43.428472984450295,10.928472984450295,2.185694596890059
2026-02-04T17:16:00+00:00,1,2000,73477.72785390828,73444.03891304,73462.98173913,73770.89956522,-4.584918702883467,-37.08491870288347,-7.416983740576694,-2.0068822497609773,-34.50688224976098,-6.901376449952196,39.89939807265364,7.399398072653639,1.4798796145307278
2026-02-04T21:44:00+00:00,1,2000,72627.24843390827,72584.80956522,72636.57804348,72895.93391304,-5.843381045461671,-38.34338104546167,-7.668676209092334,1.2845880537826204,-31.21541194621738,-6.243082389243476,36.995134047552725,4.495134047552725,0.899026809510545
2026-02-05T01:21:00+00:00,1,2000,72109.00148609171,72134.07065217,72134.07065217,72416.27826087,3.4765654164714554,-29.023434583528545,-5.804686916705709,3.4765654164714554,-29.023434583528545,-5.804686916705709,42.61281787927062,10.112817879270622,2.0225635758541243
2026-02-05T01:40:00+00:00,3,6000,72419.70057285654,72355.46021739,72382.84586957,72867.96304348,-8.870563528761144,-41.370563528761146,-24.822338117256688,-5.089043864447973,-37.58904386444797,-22.553426318668784,61.89786302312817,29.397863023128167,17.6387178138769
2026-02-05T02:48:00+00:00,1,2000,71959.03961217348,71948.67956522,71948.67956522,72244.49565217,-1.4397144555189367,-33.93971445551894,-6.787942891103787,-1.4397144555189367,-33.93971445551894,-6.787942891103787,39.66923982518189,7.16923982518189,1.433847965036378
2026-02-05T02:59:00+00:00,1,2000,71354.65187217348,71341.08152174,71471.66543478,71664.0823913,-1.901817201461764,-34.40181720146177,-6.880363440292354,16.398869525164894,-16.101130474835106,-3.220226094967021,43.365150134970776,10.865150134970776,2.173030026994155
2026-02-05T04:06:00+00:00,1,2000,70823.36858347956,70871.30673913,70890.48521739,71126.29,6.768691832828022,-25.731308167171978,-5.146261633434396,9.476622653343814,-23.023377346656186,-4.604675469331237,42.7713934791707,10.271393479170698,2.0542786958341397
2026-02-05T05:22:00+00:00,1,2000,70177.85470434696,70280.06221304,70295.72908696,70483.54652174,14.564068554621112,-17.935931445378888,-3.5871862890757775,16.796521225910244,-15.703478774089756,-3.1406957548179513,43.559584242194305,11.059584242194305,2.211916848438861
2026-02-05T06:47:00+00:00,1,2000,70634.39122434695,70657.13391304,70679.03086957,70908.25956522,3.219775565250771,-29.28022443474923,-5.856044886949846,6.319817365063596,-26.180182634936404,-5.236036526987281,38.77266245605249,6.272662456052487,1.2545324912104974
2026-02-05T10:52:00+00:00,1,2000,70789.85036869391,70837.82695652,70887.54652174,71073.64521739,6.777325785578547,-25.722674214421453,-5.1445348428842905,13.800870115880937,-18.699129884119063,-3.7398259768238122,40.08976530081698,7.589765300816978,1.5179530601633957
2026-02-05T11:22:00+00:00,2,4000,70329.34286524447,70226.77521739,70335.35021739,70696.44086957,-14.583905333938052,-47.08390533393805,-18.83356213357522,0.8541743603451835,-31.645825639654817,-12.658330255861927,52.19699052626092,19.69699052626092,7.878796210504367
2026-02-05T12:31:00+00:00,1,2000,69452.44127217347,69462.68891304,69548.50065217,69718.06173913,1.475490375688615,-31.024509624311385,-6.204901924862277,13.830958024942941,-18.66904197505706,-3.733808395011412,38.24494317134386,5.744943171343863,1.1489886342687725
2026-02-05T14:48:00+00:00,1,2000,70286.33859130608,70308.73978261,70308.73978261,70595.9023913,3.187133055000402,-29.312866944999598,-5.86257338899992,3.187133055000402,-29.312866944999598,-5.86257338899992,44.04323887091888,11.543238870918877,2.3086477741837754
2026-02-05T14:57:00+00:00,1,2000,69373.52061390827,69392.30413043,69428.43282609,69657.69521739,2.7075916510366227,-29.792408348963377,-5.9584816697926755,7.915442620727298,-24.584557379272702,-4.9169114758545405,40.96297852076436,8.46297852076436,1.692595704152872
2026-02-05T15:05:00+00:00,1,2000,68709.99537390827,68651.93195652,68651.93195652,68995.50978261,-8.450505209948167,-40.95050520994817,-8.190101041989633,-8.450505209948167,-40.95050520994817,-8.190101041989633,41.55354794422639,9.053547944226388,1.8107095888452776
2026-02-05T15:10:00+00:00,1,2000,68373.27029217349,68334.02673913,68354.61913043,68792.75608696,-5.739604508573359,-38.23960450857336,-7.647920901714671,-2.727844033756366,-35.22784403375637,-7.045568806751273,61.35230814526827,28.852308145268267,5.770461629053654
2026-02-05T15:18:00+00:00,1,2000,68325.6324782652,68273.28456522,68280.09891304,68657.6526087,-7.661533621637906,-40.16153362163791,-8.032306724327581,-6.664199594446085,-39.16419959444609,-7.832839918889217,48.593788069275504,16.093788069275504,3.218757613855101
2026-02-05T15:20:00+00:00,1,2000,68029.44459652044,67984.74217391,68005.62369565,68297.40326087,-6.571040359886204,-39.071040359886204,-7.814208071977241,-3.501557452322279,-36.00155745232228,-7.200311490464457,39.388630311305576,6.888630311305576,1.3777260622611154
2026-02-05T15:21:00+00:00,1,2000,67733.6012008674,67650.64130435,67693.3126087,68008.37978261,-12.247967780625313,-44.747967780625316,-8.949593556125063,-5.948095399198605,-38.44809539919861,-7.689619079839722,40.56754356345671,8.06754356345671,1.6135087126913419
2026-02-05T15:22:00+00:00,1,2000,67422.5393582652,67495.03195652,67495.03195652,67791.43173913,10.751982785697223,-21.748017214302777,-4.3496034428605554,10.751982785697223,-21.748017214302777,-4.3496034428605554,54.71351040408079,22.213510404080793,4.442702080816159
2026-02-05T15:23:00+00:00,2,4000,67157.48896253442,67072.37835652,67176.6124,67539.04478261,-12.673285932698342,-45.17328593269834,-18.069314373079337,2.8475509970671276,-29.652449002932872,-11.860979601173149,56.815081381085264,24.315081381085264,9.726032552434106
2026-02-05T15:26:00+00:00,1,2000,67331.38825304087,67389.17282609,67389.17282609,67605.84152174,8.582115198927376,-23.917884801072624,-4.783576960214525,8.582115198927376,-23.917884801072624,-4.783576960214525,40.76156393325814,8.261563933258138,1.6523127866516276
2026-02-05T15:28:00+00:00,1,2000,67147.7117791326,67165.28593804,67177.07740652,67614.4823913,2.617238687925294,-29.882761312074706,-5.976552262414941,4.37328787673108,-28.12671212326892,-5.625342424653784,69.51400126675055,37.014001266750554,7.402800253350112
2026-02-05T15:29:00+00:00,1,2000,66908.36909689392,66863.2273913,66863.2273913,67210.9022087,-6.7467950875554905,-39.24679508755549,-7.849359017511098,-6.7467950875554905,-39.24679508755549,-7.849359017511098,45.21603438995436,12.716034389954359,2.5432068779908716
2026-02-05T15:32:00+00:00,2,4000,66876.06842179071,66764.16021739,66830.81804348,67223.07956522,-16.73366976283619,-49.233669762836186,-19.693467905134476,-6.7663036088350115,-39.26630360883501,-15.706521443534005,51.888687780010656,19.388687780010656,7.755475112004262
2026-02-05T15:45:00+00:00,1,2000,67209.11886,67192.99956522,67192.99956522,67598.8273913,-2.398379126733463,-34.89837912673346,-6.979675825346692,-2.398379126733463,-34.89837912673346,-6.979675825346692,57.9844726296419,25.4844726296419,5.09689452592838
2026-02-05T15:53:00+00:00,1,2000,67896.60959217348,67854.01,67856.67521739,68205.22913043,-6.274185475440008,-38.77418547544001,-7.754837095088001,-5.881644904414118,-38.38164490441412,-7.676328980882824,45.45433713262881,12.954337132628808,2.5908674265257616
2026-02-05T15:56:00+00:00,1,2000,67412.52652695912,67418.28347826,67469.97108696,67835.79913043,0.8539883605429566,-31.646011639457043,-6.329202327891409,8.521348028383002,-23.978651971616998,-4.7957303943233995,62.78842008711871,30.28842008711871,6.057684017423742
2026-02-05T16:03:00+00:00,1,2000,67345.18804956133,67315.62173913,67320.33456522,67620.95804348,-4.390263252300741,-36.89026325230074,-7.378052650460148,-3.6904617926147854,-36.190461792614784,-7.238092358522957,40.9487302516287,8.448730251628703,1.6897460503257407
2026-02-05T16:32:00+00:00,1,2000,67971.39403565304,67946.09891304,67946.82847826,68241.09543478,-3.721436491322949,-36.22143649132295,-7.24428729826459,-3.614102335485203,-36.1141023354852,-7.22282046709704,39.678662318665125,7.1786623186651255,1.435732463733025
2026-02-05T16:56:00+00:00,1,2000,68325.92543217348,68311.50347826,68360.67956522,68596.53173913,-2.110758664776169,-34.61075866477617,-6.922151732955234,5.086522110997471,-27.41347788900253,-5.482695577800506,39.60521650382187,7.105216503821872,1.4210433007643744
2026-02-05T17:20:00+00:00,2,4000,66541.02370803975,66495.16369565,66588.77630435,66937.93586957,-6.891990810206083,-39.39199081020608,-15.756796324082432,7.176414435667855,-25.323585564332145,-10.129434225732858,59.649241837904654,27.149241837904654,10.859696735161862
2026-02-05T17:31:00+00:00,4,8000,66741.72501234226,66618.82369565,66618.82369565,67239.87891304,-18.41446511451794,-50.91446511451794,-40.73157209161435,-18.41446511451794,-50.91446511451794,-40.73157209161435,74.63905084946765,42.13905084946765,33.711240679574125
2026-02-05T17:48:00+00:00,1,2000,66842.60558347957,66812.28891304,66812.28891304,67144.7273913,-4.535530919976827,-37.03553091997683,-7.407106183995366,-4.535530919976827,-37.03553091997683,-7.407106183995366,45.19898726017102,12.698987260171023,2.539797452034205
2026-02-05T18:16:00+00:00,1,2000,66212.67867130607,66124.80130435,66135.64,66487.80195652,-13.271984870498743,-45.77198487049874,-9.154396974099747,-11.635033176728982,-44.13503317672898,-8.827006635345796,41.55145067906041,9.051450679060409,1.8102901358120815
2026-02-05T18:25:00+00:00,1,2000,65790.51606,65782.54543478,65784.89565217,66086.54108696,-1.211515838046573,-33.71151583804657,-6.742303167609315,-0.8542884547169116,-33.35428845471691,-6.670857690943381,44.995091190656034,12.495091190656034,2.4990182381312067
2026-02-05T18:32:00+00:00,1,2000,65552.40169043868,65584.35282609,65584.35282609,65902.37565217,4.874136542274421,-27.62586345772558,-5.525172691545116,4.874136542274421,-27.62586345772558,-5.525172691545116,53.38842707609981,20.88842707609981,4.177685415219962
2026-02-05T19:25:00+00:00,1,2000,65693.29152,65684.29826087,65704.39673913,65975.78804348,-1.368976789245524,-33.86897678924552,-6.773795357849104,1.6904647145921103,-30.80953528540789,-6.161907057081578,43.00233965198741,10.502339651987413,2.1004679303974827
2026-02-05T19:32:00+00:00,1,2000,65752.62627130609,65714.33434783,65714.33434783,66015.47282609,-5.823634073275352,-38.32363407327535,-7.66472681465507,-5.823634073275352,-38.32363407327535,-7.66472681465507,39.97506558891972,7.475065588919719,1.4950131177839436
2026-02-05T20:15:00+00:00,3,6000,64656.2414053172,64543.3573913,64626.28152174,65084.20630435,-17.459105503759844,-49.959105503759844,-29.975463302255903,-4.633718713927815,-37.13371871392781,-22.28023122835669,66.19081000238891,33.690810002388915,20.214486001433347
2026-02-05T20:16:00+00:00,1,2000,64367.77639565304,64336.59326087,64343.00391304,64607.43108696,-4.844525712891512,-37.34452571289151,-7.468905142578302,-3.8485844937030667,-36.348584493703065,-7.269716898740612,37.23209107517667,4.732091075176669,0.9464182150353337
2026-02-05T20:17:00+00:00,1,2000,64085.63189738784,64099.43629674,64462.48456522,64462.48456522,2.1540552762688847,-30.345944723731115,-6.069188944746223,58.80454895655474,26.30454895655474,5.260909791310948,58.80454895655474,26.30454895655474,5.260909791310948
2026-02-05T20:19:00+00:00,1,2000,64220.55027390828,64266.17243913,64289.36004348,64553.25217391,7.103982296499112,-25.39601770350089,-5.079203540700178,10.714602923556082,-21.785397076443918,-4.3570794152887835,51.80614282853435,19.306142828534348,3.86122856570687
2026-02-05T20:21:00+00:00,1,2000,64045.68221397348,64078.6625,64090.30630652,64373.87615217,5.149494062117732,-27.350505937882268,-5.470101187576454,6.967541136877475,-25.532458863122525,-5.106491772624505,51.24372586118086,18.743725861180863,3.748745172236173
2026-02-05T20:22:00+00:00,3,6000,63705.59252933065,63636.9686087,63745.32501304,64168.28428043,-10.772040241059377,-43.27204024105938,-25.963224144635628,6.236891006241585,-26.263108993758415,-15.757865396255047,72.62969116664576,40.129691166645756,24.077814699987453
2026-02-05T20:25:00+00:00,4,8000,63659.92209726901,63445.07459565,63556.16351739,64127.18903478,-33.74925613178314,-66.24925613178314,-52.999404905426516,-16.29888577627692,-48.79888577627692,-39.03910862102153,73.40048842614522,40.900488426145216,32.72039074091617
2026-02-05T20:29:00+00:00,1,2000,63939.24936599999,63920.92617391,63943.6563,64191.55898804,-2.865718986644339,-35.36571898664434,-7.073143797328868,0.6892376816614032,-31.810762318338597,-6.362152463667719,39.46083579989157,6.960835799891569,1.3921671599783139
2026-02-05T20:31:00+00:00,1,2000,63552.00155634695,63592.67071304,63592.67071304,63944.55643478,6.399351034915846,-26.100648965084154,-5.220129793016831,6.399351034915846,-26.100648965084154,-5.220129793016831,61.76908182585095,29.269081825850947,5.853816365170189
2026-02-05T20:36:00+00:00,3,6000,63363.87176882881,63197.95803478,63530.8215087,63733.43323913,-26.184279687661018,-58.68427968766102,-35.21056781259661,26.34778071647359,-6.15221928352641,-3.6913315701158464,58.32368824453482,25.82368824453482,15.494212946720893
2026-02-05T20:38:00+00:00,2,4000,63455.70228309439,63477.64369239,63683.26113043,63769.06353913,3.4577521808398792,-29.04224781916012,-11.616899127664048,35.86105568895937,3.361055688959368,1.3444222755837472,49.38267874455393,16.882678744553928,6.753071497821571
2026-02-05T20:41:00+00:00,1,2000,63793.11117614089,63863.98635217,63879.29013043,64067.32398261,11.1101613830078,-21.3898386169922,-4.27796772339844,13.509131738560498,-18.990868261439502,-3.7981736522879,42.984704996120726,10.484704996120726,2.0969409992241452
2026-02-05T20:42:00+00:00,1,2000,63623.77296990828,63583.92086957,63682.85347826,63911.70434783,-6.263712206618921,-38.76371220661892,-7.752742441323783,9.285917133470267,-23.214082866529733,-4.6428165733059465,45.25531330213717,12.755313302137168,2.5510626604274336
2026-02-05T20:46:00+00:00,1,2000,63504.12227738783,63503.20826087,63542.66021739,63861.94913043,-0.1439302654782093,-32.64393026547821,-6.528786053095642,6.068572971347219,-26.43142702865278,-5.286285405730556,56.34702759596877,23.84702759596877,4.769405519193754
2026-02-05T20:52:00+00:00,2,4000,62830.42478755383,62785.3276087,62785.3276087,63158.805,-7.1776020942582175,-39.67760209425822,-15.871040837703287,-7.1776020942582175,-39.67760209425822,-15.871040837703287,52.264522093636856,19.764522093636856,7.905808837454742
2026-02-05T21:01:00+00:00,3,6000,63964.649836681536,63790.68934783,63884.71173913,64411.47434783,-27.196348185396513,-59.696348185396516,-35.81780891123791,-12.497230541500537,-44.997230541500535,-26.99833832490032,69.85491397034416,37.35491397034416,22.412948382206494
2026-02-05T21:06:00+00:00,1,2000,64190.22315652044,64147.98521739,64147.98521739,64436.78021739,-6.580120313252058,-39.08012031325206,-7.8160240626504125,-6.580120313252058,-39.08012031325206,-7.8160240626504125,38.41037602694719,5.9103760269471906,1.182075205389438
2026-02-05T21:11:00+00:00,1,2000,63550.58849217348,63576.28934783,63623.655,63868.01282609,4.0441569883631345,-28.455843011636865,-5.691168602327373,11.497377059774827,-21.002622940225173,-4.200524588045035,49.94829181725224,17.44829181725224,3.489658363450448
2026-02-05T21:17:00+00:00,1,2000,63257.818839132604,63212.69,63214.665,63514.20782609,-7.134112424483918,-39.63411242448392,-7.926822484896783,-6.821898055376918,-39.32189805537692,-7.8643796110753845,40.53079787803115,8.030797878031152,1.6061595756062303
2026-02-05T21:19:00+00:00,1,2000,62928.83635826519,62956.09282609,62974.7426087,63170.46934783,4.3313160392211,-28.1686839607789,-5.63373679215578,7.294946655846957,-25.205053344153043,-5.041010668830609,38.39781625535777,5.8978162553577675,1.1795632510715535
2026-02-05T21:32:00+00:00,1,2000,63848.7792,63849.63282609,63927.11086957,64219.43086957,0.1336949743913074,-32.366305025608696,-6.473261005121739,12.26831124282457,-20.23168875717543,-4.046337751435086,58.05148887952471,25.55148887952471,5.110297775904943
2026-02-05T21:34:00+00:00,1,2000,63517.48859738783,63504.20326087,63525.6776087,63815.45717391,-2.0916029287687543,-34.59160292876875,-6.91832058575375,1.2892530062202923,-31.210746993779708,-6.2421493987559415,46.91126540138812,14.411265401388121,2.8822530802776245
2026-02-05T21:43:00+00:00,1,2000,63832.149464346956,63776.56108696,63776.56108696,64099.44630435,-8.708523503192511,-41.20852350319251,-8.241704700638502,-8.708523503192511,-41.20852350319251,-8.241704700638502,41.87495521396079,9.374955213960789,1.8749910427921574
2026-02-05T21:52:00+00:00,1,2000,63197.30967390829,63186.79521739,63190.65152174,63481.86956522,-1.6637506521310907,-34.16375065213109,-6.832750130426219,-1.0535499379082935,-33.55354993790829,-6.710709987581658,45.0272159970111,12.527215997011098,2.5054431994022193
2026-02-05T21:56:00+00:00,1,2000,63058.997968693926,63038.3873913,63047.22891304,63309.97478261,-3.268459388485745,-35.768459388485745,-7.153691877697149,-1.8663562747645024,-34.3663562747645,-6.8732712549529,39.800317480571664,7.300317480571664,1.4600634961143328
2026-02-05T22:08:00+00:00,1,2000,62831.35567304089,62769.65413043,63314.75543478,63371.89630435,-9.820183242896796,-42.320183242896796,-8.46403664857936,76.93607062285946,44.43607062285946,8.887214124571893,86.03039446131832,53.53039446131832,10.706078892263665
2026-02-05T22:17:00+00:00,2,4000,62900.36261799216,62828.33,62848.83195652,63228.05108696,-11.45186052894931,-43.95186052894931,-17.580744211579724,-8.192426772659633,-40.69242677265963,-16.276970709063853,52.0964355894038,19.596435589403796,7.838574235761519
2026-02-05T22:31:00+00:00,1,2000,63902.82973826519,63853.125,63853.125,64169.33869565,-7.778174842768548,-40.27817484276855,-8.05563496855371,-7.778174842768548,-40.27817484276855,-8.05563496855371,41.70534520558711,9.205345205587108,1.8410690411174215
2026-02-05T22:33:00+00:00,1,2000,63714.91138695911,63715.04630435,63801.53521739,63984.15782609,0.02117516731292568,-32.478824832687074,-6.495764966537415,13.595534945469723,-18.904465054530277,-3.780893010906055,42.25799475662484,9.75799475662484,1.9515989513249679
2026-02-05T22:55:00+00:00,2,4000,64110.94891042951,64076.09086957,64113.40065217,64438.92586957,-5.437143179430892,-37.93714317943089,-15.174857271772355,0.38242168961089007,-32.117578310389106,-12.847031324155644,51.157714043308374,18.657714043308374,7.463085617323349
2026-02-05T23:05:00+00:00,1,2000,64495.9488208674,64515.33173913,64546.73543478,64889.20195652,3.0052923659495967,-29.494707634050403,-5.898941526810081,7.874388212143479,-24.62561178785652,-4.925122357571304,60.97330806696499,28.47330806696499,5.694661613392998
2026-02-05T23:35:00+00:00,2,4000,63637.15807594411,63578.88847826,63620.05195652,63965.90978261,-9.156536753979205,-41.6565367539792,-16.662614701591682,-2.6880709229182287,-35.18807092291823,-14.075228369167293,51.66033754580246,19.160337545802463,7.6641350183209855
2026-02-05T23:52:00+00:00,1,2000,62892.12509738784,62880.83652174,62967.66217391,63147.4423913,-1.7949108303083605,-34.29491083030836,-6.858982166061673,12.010577859340454,-20.489422140659546,-4.097884428131909,40.59606723684439,8.096067236844391,1.6192134473688782
2026-02-05T23:58:00+00:00,1,2000,62722.738625214355,62731.64282609,62797.90804348,63011.02195652,1.4196128980992206,-31.08038710190078,-6.216077420380156,11.984396713733414,-20.515603286266586,-4.103120657253317,45.96153446491114,13.46153446491114,2.692306892982228
2026-02-06T00:01:00+00:00,1,2000,62805.3821582652,62739.04347826,62754.76630435,63054.35326087,-10.562578830908276,-43.06257883090828,-8.612515766181655,-8.059158654214471,-40.55915865421447,-8.111831730842894,39.64168261525902,7.141682615259022,1.4283365230518044
2026-02-06T00:02:00+00:00,1,2000,62503.74723913261,62429.33130435,62429.33130435,62762.5626087,-11.90583574099957,-44.40583574099957,-8.881167148199914,-11.90583574099957,-44.40583574099957,-8.881167148199914,41.40797648134465,8.907976481344647,1.7815952962689294
2026-02-06T00:03:00+00:00,2,4000,62117.12190478171,62023.0123913,62640.4873913,62679.72978261,-15.1503338525516,-47.6503338525516,-19.060133541020637,84.25462585348819,51.75462585348819,20.70185034139528,90.57210968188568,58.07210968188568,23.22884387275427
2026-02-06T00:04:00+00:00,2,4000,62327.22199907978,62251.08891304,62298.83913043,62672.93717391,-12.215061669346161,-44.71506166934616,-17.886024667738464,-4.553847859639637,-37.05384785963964,-14.821539143855855,55.46776572768142,22.967765727681417,9.187106291072567
2026-02-06T00:05:00+00:00,3,6000,61924.878962385985,61806.03347826,61848.91934783,62327.89717391,-19.1918799224744,-51.6918799224744,-31.015127953484637,-12.266413084492944,-44.766413084492946,-26.859847850695772,65.08179237117551,32.58179237117551,19.549075422705304
2026-02-06T00:08:00+00:00,3,6000,61575.44828114553,61378.58434783,61383.03913043,61942.70956522,-31.97117338337052,-64.47117338337051,-38.68270403002231,-31.24770603975424,-63.74770603975424,-38.248623623852545,59.64411048988261,27.144110489882607,16.286466293929564
2026-02-06T00:09:00+00:00,1,2000,61137.506973908276,61113.25021739,61448.36826087,61540.635,-3.9675737070254957,-36.467573707025494,-7.293514741405098,50.8462484566774,18.3462484566774,3.66924969133548,65.93792355055861,33.43792355055861,6.6875847101117225
2026-02-06T00:10:00+00:00,2,4000,61141.06466241161,61066.94673913,61109.68782609,61540.94021739,-12.122445641216117,-44.62244564121612,-17.848978256486447,-5.131876014077275,-37.63187601407728,-15.052750405630912,65.40212493620912,32.90212493620912,13.160849974483648
2026-02-06T00:13:00+00:00,2,4000,60661.08147332223,60586.67043478,60716.98478261,61000.2976087,-12.266685119182164,-44.76668511918216,-17.906674047672865,9.215679630170115,-23.284320369829885,-9.313728147931954,55.91989577814482,23.41989577814482,9.367958311257928
2026-02-06T00:14:00+00:00,4,8000,60291.66016314065,60142.96086957,60321.57086957,60732.96326087,-24.663327095039158,-57.16332709503916,-45.730661676031325,4.961002292591665,-27.538997707408335,-22.031198165926668,73.19471657195153,40.69471657195153,32.55577325756123
2026-02-06T00:15:00+00:00,1,2000,60080.284586091715,60125.73565217,60376.70652174,60575.00543478,7.565055057812131,-24.93494494218787,-4.986988988437574,49.33763841007188,16.837638410071882,3.3675276820143765,82.34329316123335,49.84329316123335,9.96865863224667
2026-02-06T00:18:00+00:00,2,4000,60463.74007808648,60400.05978261,60583.57108696,60915.43695652,-10.53198088544316,-43.03198088544316,-17.212792354177264,19.81865639121283,-12.68134360878717,-5.072537443514868,74.70541482385684,42.20541482385684,16.882165929542737
2026-02-06T00:19:00+00:00,3,6000,60219.90712884108,60062.54826087,60086.68086957,60737.36065217,-26.130705853533165,-58.630705853533165,-35.1784235121199,-22.123292051253742,-54.62329205125374,-32.77397523075225,85.92732005079817,53.42732005079817,32.056392030478904
2026-02-06T00:28:00+00:00,1,2000,61450.14552782652,61411.20521739,61475.79521739,61796.70804348,-6.3368947464714775,-38.83689474647148,-7.767378949294296,4.174064901418806,-28.325935098581194,-5.665187019716239,56.397346609462495,23.897346609462495,4.779469321892499
2026-02-06T00:40:00+00:00,2,4000,62911.86632050383,62823.11456522,62859.68043478,63297.52152174,-14.107315594753533,-46.60731559475353,-18.64292623790141,-8.295078301758796,-40.79507830175879,-16.318031320703515,61.300867990699004,28.800867990699004,11.520347196279602
2026-02-06T00:46:00+00:00,1,2000,63163.97745130608,63088.12043478,63088.12043478,63432.2123913,-12.009537648979274,-44.509537648979276,-8.901907529795855,-12.009537648979274,-44.509537648979276,-8.901907529795855,42.4664422377008,9.966442237700797,1.993288447540159
2026-02-06T00:47:00+00:00,1,2000,62835.76795304087,62777.54695652,62802.80108696,63080.03326087,-9.265582074907686,-41.765582074907684,-8.353116414981535,-5.246512799129688,-37.74651279912969,-7.5493025598259385,38.873609058407425,6.373609058407425,1.274721811681485
2026-02-06T00:55:00+00:00,1,2000,63569.056064346965,63514.45065217,63514.45065217,63836.12,-8.589935977921792,-41.08993597792179,-8.217987195584358,-8.589935977921792,-41.08993597792179,-8.217987195584358,42.0116251817082,9.511625181708197,1.9023250363416395
2026-02-06T01:12:00+00:00,1,2000,64449.07338,64403.62065217,64407.00456522,64904.35695652,-7.052502921494064,-39.55250292149407,-7.910500584298813,-6.527450679074676,-39.027450679074676,-7.805490135814935,70.64237740635804,38.14237740635804,7.628475481271607
2026-02-06T01:16:00+00:00,1,2000,64141.09437390828,64027.565,64152.83456522,64403.0373913,-17.69994338519765,-50.19994338519765,-10.03998867703953,1.83036966024952,-30.66963033975048,-6.133926067950096,40.83856378638284,8.338563786382842,1.6677127572765682
2026-02-06T01:18:00+00:00,1,2000,64203.668939999996,64200.28152174,64203.32173913,64452.95586957,-0.5276050910985042,-33.02760509109851,-6.605521018219702,-0.05407804191448484,-32.55407804191449,-6.510815608382897,38.82752087002616,6.327520870026163,1.2655041740052326
2026-02-06T01:37:00+00:00,1,2000,64318.71603390828,64307.41478261,64307.41478261,64575.83804348,-1.7570704135816406,-34.257070413581644,-6.851414082716328,-1.7570704135816406,-34.257070413581644,-6.851414082716328,39.976234823495545,7.476234823495545,1.4952469646991091
2026-02-06T02:03:00+00:00,1,2000,65457.79294956132,65434.61347826,65434.61347826,65720.25826087,-3.54113242393983,-36.04113242393983,-7.208226484787966,-3.54113242393983,-36.04113242393983,-7.208226484787966,40.096877618669424,7.596877618669424,1.5193755237338848
2026-02-06T02:12:00+00:00,1,2000,64803.26029043868,64807.1,64807.1,65054.38173913,0.5925179603782915,-31.90748203962171,-6.381496407924342,0.5925179603782915,-31.90748203962171,-6.381496407924342,38.75136028123283,6.251360281232827,1.2502720562465655
2026-02-06T02:19:00+00:00,1,2000,64830.749673908285,64770.92891304,64782.00108696,65100.27195652,-9.22722028808498,-41.72722028808498,-8.345444057616996,-7.519361906731525,-40.019361906731525,-8.003872381346305,41.5732170254679,9.073217025467898,1.8146434050935794
2026-02-06T02:23:00+00:00,1,2000,64304.544036520434,64322.86347826,64328.43217391,64578.32586957,2.848856486590279,-29.65114351340972,-5.930228702681944,3.714844378026605,-28.785155621973395,-5.757031124394679,42.5758143769861,10.075814376986102,2.01516287539722
2026-02-06T05:55:00+00:00,2,4000,66476.76926859816,66384.0476087,66384.0476087,66812.08217391,-13.947979259268939,-46.44797925926894,-18.579191703707576,-13.947979259268939,-46.44797925926894,-18.579191703707576,50.440613916873374,17.940613916873374,7.17624556674935
2026-02-06T06:44:00+00:00,1,2000,65004.72272609172,65001.16043478,65103.29543478,65274.17173913,-0.5480050006101411,-33.04800500061014,-6.609601000122027,15.163930335282405,-17.336069664717595,-3.4672139329435185,41.450682617882876,8.950682617882876,1.7901365235765752
2026-02-06T07:49:00+00:00,1,2000,64816.7454808674,64849.71630435,64849.71630435,65115.10608696,5.0867755296857275,-27.413224470314272,-5.4826448940628545,5.0867755296857275,-27.413224470314272,-5.4826448940628545,46.03140806887174,13.531408068871741,2.706281613774348
2026-02-06T09:36:00+00:00,1,2000,65792.13867390828,65810.1873913,65815.94565217,66066.70130435,2.743293918621159,-29.75670608137884,-5.951341216275768,3.6185141175781865,-28.881485882421813,-5.776297176484363,41.731829360733826,9.231829360733826,1.846365872146765
2026-02-06T13:05:00+00:00,1,2000,66590.3352391326,66623.88934783,66632.2973913,66861.29956522,5.038885684671701,-27.4611143153283,-5.49222286306566,6.3015379058706245,-26.198462094129376,-5.239692418825875,40.691239218775266,8.191239218775266,1.6382478437550532
2026-02-06T14:32:00+00:00,1,2000,67234.01366347956,67258.48782609,67517.0126087,67517.0126087,3.6401460030233146,-28.859853996976685,-5.771970799395337,42.091633356429185,9.591633356429185,1.9183266712858371,42.091633356429185,9.591633356429185,1.9183266712858371
2026-02-06T14:39:00+00:00,1,2000,68033.3413382652,68063.095,68063.095,68337.29934783,4.373394154912891,-28.12660584508711,-5.625321169017422,4.373394154912891,-28.12660584508711,-5.625321169017422,44.67780114657316,12.17780114657316,2.435560229314632
2026-02-06T14:49:00+00:00,1,2000,68186.5049191326,68208.91782609,68229.45521739,68465.49913043,3.2870004092422356,-29.212999590757764,-5.842599918151553,6.298944095806114,-26.201055904193886,-5.240211180838777,40.91633844971021,8.41633844971021,1.6832676899420422
2026-02-06T14:55:00+00:00,1,2000,68031.08106782651,68043.18130435,68054.84869565,68300.24347826,1.778633579470057,-30.721366420529943,-6.144273284105989,3.4936425308007557,-29.006357469199244,-5.801271493839849,39.56462343515321,7.064623435153209,1.4129246870306418
2026-02-06T15:26:00+00:00,1,2000,68173.61516347955,68143.63,68180.49586957,68469.05804348,-4.39835314698267,-36.89835314698267,-7.379670629396534,1.0092916554227394,-31.49070834457726,-6.298141668915452,43.33683629538898,10.836836295388977,2.1673672590777953
2026-02-06T15:48:00+00:00,1,2000,68868.32321478563,68863.32565217,68901.17717391,69157.28717391,-0.7256692746893112,-33.22566927468931,-6.645133854937862,4.7705472691550455,-27.729452730844955,-5.545890546168991,41.95890732276774,9.458907322767743,1.8917814645535487
2026-02-06T15:50:00+00:00,1,2000,68716.77921652044,68757.61565217,68757.61565217,68992.68847826,5.942716773859047,-26.557283226140953,-5.311456645228191,5.942716773859047,-26.557283226140953,-5.311456645228191,40.151657991738254,7.651657991738254,1.5303315983476509
2026-02-06T16:57:00+00:00,1,2000,69675.5597791326,69717.83282609,69749.21804348,69955.6223913,6.067126994229177,-26.432873005770823,-5.2865746011541646,10.571607114586712,-21.928392885413288,-4.385678577082658,40.19524393563234,7.695243935632341,1.5390487871264682
2026-02-06T17:00:00+00:00,1,2000,69665.44236782652,69701.52869565,69701.52869565,69946.02695652,5.1799466991053755,-27.320053300894624,-5.464010660178925,5.1799466991053755,-27.320053300894624,-5.464010660178925,40.276007609629794,7.776007609629794,1.5552015219259587
2026-02-06T17:35:00+00:00,1,2000,70873.35414261215,70876.71217391,70876.71217391,71153.08695652,0.4738073057874992,-32.0261926942125,-6.405238538842499,0.4738073057874992,-32.0261926942125,-6.405238538842499,39.469391182611616,6.969391182611616,1.3938782365223232
2026-02-06T17:49:00+00:00,1,2000,70795.05814956132,70828.62021739,70933.08521739,71080.17391304,4.740735964616771,-27.75926403538323,-5.551852807076646,19.496709436568338,-13.003290563431662,-2.6006581126863324,40.27339915115835,7.773399151158351,1.5546798302316702
2026-02-06T17:53:00+00:00,1,2000,70559.65896261217,70570.6976087,70579.2676087,70804.87804348,1.564441530772509,-30.93555846922749,-6.187111693845498,2.779016562171055,-29.720983437828945,-5.944196687565789,34.753439071717466,2.253439071717466,0.4506878143434932
2026-02-06T18:06:00+00:00,1,2000,70106.86090695912,70142.43086957,70154.59869565,70402.99608696,5.073677832772017,-27.426322167227983,-5.485264433445597,6.809289144216191,-25.69071085578381,-5.138142171156762,42.240541962632605,9.740541962632605,1.9481083925265212
2026-02-06T20:38:00+00:00,1,2000,70469.87908956132,70490.31782609,70490.31782609,70755.995,2.9003507303748677,-29.599649269625132,-5.9199298539250265,2.9003507303748677,-29.599649269625132,-5.9199298539250265,40.60116380717016,8.10116380717016,1.620232761434032
2026-02-06T22:13:00+00:00,1,2000,70329.43659390828,70340.45347826,70395.55326087,70611.91934783,1.566468449809566,-30.933531550190434,-6.186706310038087,9.40099482717116,-23.09900517282884,-4.619801034565768,40.16565006098594,7.665650060985939,1.5331300121971878
2026-02-06T23:18:00+00:00,1,2000,70684.74487043868,70704.79586957,70708.63826087,70973.55978261,2.836679847693091,-29.66332015230691,-5.932664030461382,3.3802754010237024,-29.119724598976298,-5.8239449197952595,40.859581894325814,8.359581894325814,1.671916378865163
2026-02-07T00:00:00+00:00,1,2000,70295.33528609172,70308.21543478,70387.79804348,70590.4526087,1.8322906684842266,-30.667709331515773,-6.133541866303155,13.15346985855781,-19.34653014144219,-3.869306028288438,41.98249021890143,9.482490218901432,1.8964980437802863
2026-02-07T05:25:00+00:00,1,2000,70794.65000609173,70810.25065217,70896.69434783,71079.62608696,2.2036476028808316,-30.29635239711917,-6.059270479423834,14.414131820621456,-18.085868179378544,-3.6171736358757087,40.25390066110024,7.753900661100239,1.5507801322200478
2026-02-07T05:28:00+00:00,1,2000,70417.37603217347,70418.11347826,70435.90608696,70688.96304348,0.10472501647651455,-32.395274983523485,-6.479054996704697,2.6314605613908526,-29.868539438609147,-5.9737078877218295,38.56818112371041,6.06818112371041,1.213636224742082
2026-02-07T05:54:00+00:00,1,2000,69831.56131043867,69991.81130435,69991.81130435,70125.15152174,22.948075469619855,-9.551924530380145,-1.9103849060760292,22.948075469619855,-9.551924530380145,-1.9103849060760292,42.042624537086404,9.542624537086404,1.9085249074172808
2026-02-07T06:08:00+00:00,2,4000,69944.0418337715,70133.50065217,70133.72717391,70300.72130435,27.087199056750055,-5.412800943249945,-2.165120377299978,27.119585194876894,-5.380414805123106,-2.1521659220492424,50.994975587224104,18.494975587224104,7.397990234889641
2026-02-07T06:11:00+00:00,1,2000,69918.89665304088,70034.77847826,70084.19391304,70204.755,16.573749124526582,-15.926250875473418,-3.1852501750946836,23.641285533919643,-8.858714466080357,-1.7717428932160715,40.88427601734557,8.38427601734557,1.676855203469114
2026-02-07T06:43:00+00:00,1,2000,69993.519279,70090.24782609,70090.24782609,70296.36475,13.819643316466124,-18.680356683533876,-3.736071336706775,13.819643316466124,-18.680356683533876,-3.736071336706775,43.267644507605226,10.767644507605226,2.153528901521045
2026-02-07T06:57:00+00:00,1,2000,68928.70744695912,68943.4626087,68947.3376087,69246.98630435,2.1406410024793487,-30.35935899752065,-6.07187179950413,2.702816058930413,-29.797183941069587,-5.959436788213917,46.175079902055494,13.675079902055494,2.7350159804110987
2026-02-07T07:12:00+00:00,1,2000,68177.51320434696,68197.1923913,68211.22630435,68506.31413043,2.886463003433093,-29.613536996566907,-5.922707399313381,4.944900219812087,-27.555099780187913,-5.5110199560375825,48.227180873776646,15.727180873776646,3.145436174755329
2026-02-07T07:15:00+00:00,1,2000,67740.27505043868,67738.09065217,67745.5823913,67996.98826087,-0.3224666960766065,-32.8224666960766,-6.564493339215321,0.7834838074360917,-31.71651619256391,-6.343303238512782,37.896688526903866,5.396688526903866,1.0793377053807731
2026-02-07T07:17:00+00:00,1,2000,67392.7676191326,67381.04652174,67381.04652174,67679.57956522,-1.7392218492695566,-34.239221849269555,-6.84784436985391,-1.7392218492695566,-34.239221849269555,-6.84784436985391,42.5582679299219,10.058267929921897,2.011653585984379
2026-02-07T07:46:00+00:00,5,10000,67752.02161615428,68108.63934783,68112.74652174,68333.15847826,52.63573295216651,20.135732952166506,20.135732952166506,53.24193979471037,20.74193979471037,20.74193979471037,85.77409916978196,53.27409916978196,53.27409916978197
2026-02-07T07:47:00+00:00,2,4000,67772.11433410968,67942.14717391,68008.95521739,68169.58108696,25.08890883381243,-7.411091166187571,-2.9644364664750285,34.94665698530852,2.446656985308522,0.9786627941234088,58.647536196207994,26.147536196207994,10.459014478483198
2026-02-07T08:02:00+00:00,1,2000,67752.93659217347,67788.3076087,67826.28782609,68032.88478261,5.220587963505885,-27.279412036494115,-5.455882407298823,10.826281133473614,-21.673718866526386,-4.334743773305277,41.318975164370556,8.818975164370556,1.7637950328741114
2026-02-07T16:08:00+00:00,2,4000,69304.96349668341,69285.0823913,69534.14934783,69647.95347826,-2.868640914061027,-35.368640914061025,-14.14745636562441,33.069182867047076,0.5691828670470755,0.22767314681883022,49.489959199386924,16.989959199386924,6.79598367975477
2026-02-07T16:09:00+00:00,1,2000,69256.01275043868,69285.53608696,69461.20652174,69561.88630435,4.2629275565864155,-28.237072443413584,-5.647414488682717,29.62829697411573,-2.871703025884269,-0.5743406051768538,44.16563151181219,11.665631511812187,2.3331263023624373
2026-02-07T16:17:00+00:00,1,2000,69362.22965478564,69387.16130435,69403.77456522,69623.47043478,3.594412937479863,-28.905587062520137,-5.781117412504027,5.989558098280501,-26.5104419017195,-5.3020883803439,37.663261589853114,5.163261589853114,1.0326523179706228
2026-02-08T10:21:00+00:00,1,2000,70037.01597390827,70083.87717391,70109.72891304,70323.4476087,6.6909189876374064,-25.809081012362594,-5.161816202472519,10.38207269693281,-22.11792730306719,-4.423585460613438,40.89717855746855,8.39717855746855,1.6794357114937097
2026-02-08T23:10:00+00:00,2,4000,71555.27528673675,71499.01673913,71550.79717391,71922.97652174,-7.862250180900032,-40.362250180900034,-16.144900072360013,-0.625825672363467,-33.12582567236347,-13.250330268945389,51.38701982904781,18.88701982904781,7.554807931619123
2026-02-08T23:23:00+00:00,2,4000,70820.54099083417,70713.51673913,70809.64065217,71168.1176087,-15.112035322917272,-47.61203532291727,-19.04481412916691,-1.539149307766552,-34.03914930776655,-13.61565972310662,49.07850363792265,16.57850363792265,6.63140145516906
2026-02-08T23:24:00+00:00,2,4000,70455.52128344115,70410.06130435,70410.06130435,70846.42478261,-6.452294761720712,-38.95229476172071,-15.580917904688285,-6.452294761720712,-38.95229476172071,-15.580917904688285,55.48230884507399,22.982308845073987,9.192923538029596
2026-02-08T23:30:00+00:00,2,4000,70214.58919854835,70198.57826087,70280.65782609,70557.62847826,-2.2802864562909697,-34.780286456290966,-13.912114582516386,9.409529884853995,-23.090470115146005,-9.236188046058402,48.85584087683359,16.35584087683359,6.542336350733436
2026-02-09T08:31:00+00:00,1,2000,69737.46139565305,69728.73673913,69734.24043478,70027.83673913,-1.2510717121672066,-33.7510717121672,-6.750214342433441,-0.46186953304383493,-32.96186953304384,-6.592373906608767,41.63835873369548,9.138358733695483,1.8276717467390964
2026-02-09T14:47:00+00:00,1,2000,68961.82314782652,68979.5073913,69020.11891304,69232.30565217,2.564352661553748,-29.935647338446252,-5.98712946768925,8.453338753604545,-24.046661246395455,-4.809332249279091,39.22206403442541,6.722064034425408,1.3444128068850816
2026-02-09T18:21:00+00:00,1,2000,70202.29849304089,70209.81108696,70265.01586957,70484.23978261,1.0701350355168948,-31.429864964483105,-6.285972992896621,8.933806709381376,-23.566193290618624,-4.713238658123725,40.16126189900548,7.661261899005481,1.5322523798010963
2026-02-10T14:37:00+00:00,1,2000,68720.91218347955,68737.37391304,68737.37391304,69002.90586957,2.3954468934439532,-30.104553106556047,-6.020910621311209,2.3954468934439532,-30.104553106556047,-6.020910621311209,41.03462499705168,8.53462499705168,1.706924999410336
2026-02-10T14:38:00+00:00,1,2000,68462.42441738784,68453.27043478,68453.27043478,68729.88717391,-1.3370812800939103,-33.83708128009391,-6.767416256018782,-1.3370812800939103,-33.83708128009391,-6.767416256018782,39.06708808492532,6.567088084925317,1.3134176169850633
2026-02-10T14:40:00+00:00,2,4000,68204.6639743732,68155.6223913,68197.3973913,68573.00391304,-7.190356233061079,-39.69035623306108,-15.876142493224432,-1.0654085292360893,-33.56540852923609,-13.426163411694436,54.005095429427996,21.505095429427996,8.602038171771198
2026-02-10T14:41:00+00:00,1,2000,67924.60780173479,68040.18434783,68048.16369565,68237.17152174,17.015416037817754,-15.484583962182246,-3.096916792436449,18.190151980834735,-14.309848019165265,-2.861969603833053,46.01627158710375,13.516271587103752,2.7032543174207504
2026-02-11T04:23:00+00:00,1,2000,67806.11887826519,67768.40130435,67802.25543478,68076.71521739,-5.562561983956105,-38.0625619839561,-7.612512396791221,-0.5697780007318798,-33.06977800073188,-6.613955600146376,39.90736287540875,7.407362875408751,1.4814725750817503
2026-02-11T14:32:00+00:00,1,2000,67947.0453,67926.31434783,68038.47717391,68217.16347826,-3.051045424927734,-35.551045424927736,-7.110209084985548,13.456342877944394,-19.043657122055606,-3.8087314244111212,39.75421993221096,7.254219932210958,1.4508439864421916
2026-02-11T14:34:00+00:00,1,2000,67632.67067478564,67661.17152174,67698.87021739,67899.12108696,4.2140649881194925,-28.285935011880508,-5.6571870023761015,9.788101215562062,-22.71189878443794,-4.542379756887588,39.39670125635119,6.896701256351193,1.3793402512702384
2026-02-11T14:36:00+00:00,1,2000,67327.13489999999,67337.77282609,67337.77282609,67597.21652174,1.5800354650186144,-30.919964534981386,-6.183992906996277,1.5800354650186144,-30.919964534981386,-6.183992906996277,40.11482474951089,7.614824749510888,1.5229649499021776
2026-02-11T14:38:00+00:00,1,2000,67208.71634609172,67225.55086957,67297.11782609,67484.4573913,2.5048125293136714,-29.99518747068633,-5.999037494137266,13.153276063637698,-19.346723936362302,-3.8693447872724605,41.02757204710761,8.527572047107611,1.7055144094215222
2026-02-11T15:12:00+00:00,1,2000,65811.2391391326,65839.0073913,65849.79434783,66086.58108696,4.219378411747243,-28.280621588252757,-5.656124317650551,5.858453541027764,-26.641546458972236,-5.328309291794447,41.838134554084135,9.338134554084135,1.867626910816827
2026-02-11T15:26:00+00:00,1,2000,65977.18984434695,66008.46326087,66010.17652174,66231.65195652,4.740034638763824,-27.759965361236176,-5.551993072247235,4.999709364836846,-27.500290635163154,-5.500058127032631,38.5681949736516,6.0681949736516,1.2136389947303199
2026-02-11T23:20:00+00:00,1,2000,67010.5738382652,67062.7273913,67066.94565217,67310.91956522,7.782884110298927,-24.717115889701073,-4.943423177940215,8.412375939483852,-24.08762406051615,-4.81752481210323,44.82064691457399,12.320646914573992,2.4641293829147983
2026-02-12T15:04:00+00:00,1,2000,67338.49514609172,67315.8876087,67316.29956522,67616.6123913,-3.357297685770977,-35.85729768577097,-7.1714595371541945,-3.296120714245676,-35.796120714245674,-7.159224142849135,41.3013751799629,8.801375179962903,1.7602750359925805
2026-02-12T16:05:00+00:00,1,2000,66924.42438521436,66950.16608696,66950.16608696,67202.44934783,3.846383735401915,-28.653616264598085,-5.730723252919617,3.846383735401915,-28.653616264598085,-5.730723252919617,41.543123481397885,9.043123481397885,1.808624696279577
2026-02-12T16:07:00+00:00,1,2000,66622.38500347955,66655.81717391,66716.27130435,66889.27521739,5.0181587508024705,-27.48184124919753,-5.496368249839506,14.092305591513199,-18.4076944084868,-3.68153888169736,40.06014103165256,7.560141031652563,1.5120282063305126
2026-02-12T16:53:00+00:00,1,2000,65719.14205043868,65626.47434783,65628.69913043,66010.14782609,-14.100564876146082,-46.60056487614608,-9.320112975229216,-13.762036019773216,-46.26203601977322,-9.252407203954645,44.2802152572197,11.780215257219702,2.3560430514439403
2026-02-13T14:41:00+00:00,1,2000,66897.20262261215,66921.6673913,66930.3923913,67162.09173913,3.6570690146575657,-28.842930985342434,-5.768586197068487,4.961308901820782,-27.538691098179218,-5.5077382196358435,39.596441425535644,7.0964414255356445,1.419288285107129
2026-02-13T14:50:00+00:00,1,2000,67614.66862434696,67660.59565217,67801.12804348,67910.21978261,6.792465119986879,-25.70753488001312,-5.141506976002624,27.57677038528028,-4.92322961471972,-0.9846459229439439,43.71110060526373,11.21110060526373,2.242220121052746
2026-02-14T13:17:00+00:00,1,2000,69412.8721408674,69541.87652174,69541.87652174,69691.47565217,18.585080388375808,-13.914919611624192,-2.7829839223248385,18.585080388375808,-13.914919611624192,-2.7829839223248385,40.13715363012204,7.637153630122043,1.5274307260244087
2026-02-14T13:18:00+00:00,2,4000,69194.09724779811,69394.54173913,69423.74043478,69547.68913043,28.968437959968618,-3.531562040031382,-1.4126248160125527,33.18826259984142,0.6882625998414227,0.2753050399365691,51.10145181395964,18.601451813959642,7.440580725583856
2026-02-14T13:21:00+00:00,1,2000,69250.3896808674,69390.92152174,69433.54043478,69539.00282609,20.29329243058875,-12.20670756941125,-2.44134151388225,26.447613472881937,-6.052386527118063,-1.2104773054236126,41.67675395801096,9.176753958010963,1.8353507916021925
2026-02-14T13:23:00+00:00,1,2000,69112.30229217348,69268.55217391,69337.10804348,69407.32304348,22.608114120690193,-9.891885879309807,-1.9783771758619615,32.52760273505962,0.027602735059616634,0.005520547011923327,42.68715431578585,10.187154315785847,2.0374308631571694
2026-02-15T04:02:00+00:00,2,4000,69627.57504908367,69978.62391304,70050.49043478,70071.73413043,50.418079864029686,17.918079864029686,7.167231945611874,60.739640206943776,28.239640206943776,11.29585608277751,63.79068652516473,31.29068652516473,12.516274610065892
2026-02-15T04:03:00+00:00,2,4000,69700.16758010315,70049.16978261,70075.44043478,70129.11695652,50.071931621362694,17.571931621362694,7.028772648545078,53.84102617049802,21.34102617049802,8.536410468199207,61.54208681404816,29.04208681404816,11.616834725619265
2026-02-15T04:04:00+00:00,1,2000,69795.13867304088,69963.06173913,70004.33043478,70073.91391304,24.059421512974133,-8.440578487025867,-1.6881156974051734,29.972253901391355,-2.5277460986086453,-0.5055492197217291,39.941927947884096,7.441927947884096,1.4883855895768192
2026-02-15T13:29:00+00:00,1,2000,69018.97427738784,69042.855,69042.855,69296.18934783,3.4600228215775353,-29.039977178422465,-5.807995435684493,3.4600228215775353,-29.039977178422465,-5.807995435684493,40.16505219681221,7.665052196812212,1.5330104393624424
2026-02-15T17:45:00+00:00,3,6000,68438.02974490577,68380.92304348,68600.99673913,68848.24,-8.344293609653386,-40.844293609653384,-24.506576165792033,23.81234451542147,-8.687655484578531,-5.212593290747119,59.93893404343309,27.438934043433093,16.463360426059857
2026-02-15T18:45:00+00:00,1,2000,68426.40862434696,68527.78891304,68528.10282609,68709.01891304,14.815959324945283,-17.684040675054717,-3.536808135010944,14.861835333390694,-17.638164666609306,-3.5276329333218617,41.301347590010366,8.801347590010366,1.760269518002073
2026-02-15T19:05:00+00:00,1,2000,68061.3239582652,68142.28217391,68142.28217391,68305.05086957,11.894892860804251,-20.60510713919575,-4.12102142783915,11.894892860804251,-20.60510713919575,-4.12102142783915,35.80989865172857,3.3098986517285667,0.6619797303457133
2026-02-16T13:28:00+00:00,1,2000,68655.24049043868,68545.07913043,68561.92913043,68958.0126087,-16.045586501736153,-48.54558650173615,-9.70911730034723,-13.591294610886262,-46.091294610886266,-9.218258922177254,44.10036525958727,11.60036525958727,2.320073051917454
2026-02-16T15:31:00+00:00,2,4000,67779.4126517378,67631.90934783,67729.53347826,68121.95021739,-21.762257614372782,-54.262257614372785,-21.704903045749113,-7.35904480820615,-39.85904480820615,-15.94361792328246,50.53711034827213,18.03711034827213,7.214844139308852
2026-02-16T15:32:00+00:00,1,2000,67458.61534434695,67480.00978261,67482.28413043,67735.63565217,3.1714908694513433,-29.328509130548657,-5.865701826109731,3.508637994158459,-28.99136200584154,-5.798272401168308,41.065222938387876,8.565222938387876,1.7130445876775753
2026-02-17T14:32:00+00:00,1,2000,67931.37302347957,67961.5273913,67961.5273913,68226.68891304,4.438945729834387,-28.061054270165613,-5.612210854033123,4.438945729834387,-28.061054270165613,-5.612210854033123,43.47268079777366,10.972680797773663,2.1945361595547324
2026-02-17T14:38:00+00:00,2,4000,67660.64329887569,67576.43043478,67576.43043478,68001.76543478,-12.44635876778255,-44.94635876778255,-17.97854350711302,-12.44635876778255,-44.94635876778255,-17.97854350711302,50.41662616145803,17.916626161458034,7.166650464583213
2026-02-17T14:50:00+00:00,1,2000,66805.17503738783,66753.43543478,66824.02130435,67107.85565217,-7.744849493902528,-40.24484949390253,-8.048969898780506,2.8210788986959834,-29.678921101304017,-5.935784220260803,45.307959243092725,12.807959243092725,2.5615918486185447
2026-02-18T16:03:00+00:00,2,4000,67298.65466124933,67240.26565217,67240.26565217,67640.01434783,-8.676103463469698,-41.1761034634697,-16.47044138538788,-8.676103463469698,-41.1761034634697,-16.47044138538788,50.723107066392714,18.223107066392714,7.289242826557085
2026-02-18T18:42:00+00:00,1,2000,66529.4857017348,66499.28695652,66510.84195652,66796.17956522,-4.539152061115992,-37.03915206111599,-7.407830412223198,-2.802328173462376,-35.30232817346238,-7.060465634692476,40.086566230324024,7.586566230324024,1.5173132460648049
2026-02-18T21:03:00+00:00,1,2000,66053.8521808674,66134.59195652,66138.78108696,66318.94608696,12.223325814748609,-20.27667418525139,-4.055334837050278,12.857525078182608,-19.642474921817392,-3.9284949843634784,40.13299714401563,7.632997144015633,1.5265994288031266
2026-02-20T13:38:00+00:00,2,4000,66560.20447670616,66705.03086957,66721.90804348,66925.73108696,21.75870612214137,-10.74129387785863,-4.296517551143452,24.29433143199322,-8.205668568006779,-3.2822674272027115,54.916689804005436,22.416689804005436,8.966675921602175
2026-02-20T13:39:00+00:00,2,4000,66388.23144606857,66514.43,66526.20869565,66704.75826087,19.009175449107296,-13.490824550892704,-5.3963298203570815,20.783389853291645,-11.716610146708355,-4.686644058683342,47.67815136912601,15.178151369126013,6.071260547650406
2026-02-20T13:55:00+00:00,2,4000,66610.3740564654,66789.00847826,66792.90369565,66947.50652174,26.817807935317628,-5.682192064682372,-2.272876825872949,27.40258432265774,-5.0974156773422585,-2.0389662709369034,50.61260652714728,18.11260652714728,7.245042610858912
2026-02-20T13:57:00+00:00,1,2000,66638.06420869392,66724.74217391,66781.83065217,66894.45630435,13.007275383123407,-19.492724616876593,-3.8985449233753187,21.57422265836484,-10.925777341635161,-2.1851554683270322,38.47532167998047,5.975321679980468,1.1950643359960935
2026-02-20T14:19:00+00:00,1,2000,66661.58431565303,66782.97869565,66782.97869565,66943.72913043,18.21054528529542,-14.28945471470458,-2.857890942940916,18.21054528529542,-14.28945471470458,-2.857890942940916,42.32494887024707,9.82494887024707,1.964989774049414
2026-02-20T15:02:00+00:00,2,4000,67678.69712303385,67610.22891304,67610.22891304,68066.90913043,-10.116656038662297,-42.6166560386623,-17.046662415464922,-10.116656038662297,-42.6166560386623,-17.046662415464922,57.361034402065854,24.861034402065854,9.944413760826343
2026-02-20T15:16:00+00:00,1,2000,66538.10846347956,66558.04021739,66558.04021739,66816.75217391,2.995539604402353,-29.504460395597647,-5.900892079119529,2.995539604402353,-29.504460395597647,-5.900892079119529,41.8773116436566,9.377311643656597,1.8754623287313197
2026-02-20T17:47:00+00:00,1,2000,66999.82786434697,67124.49130435,67139.9423913,67273.39,18.606531386233804,-13.893468613766196,-2.778693722753239,20.912669691737218,-11.587330308262782,-2.3174660616525564,40.830274401137956,8.330274401137956,1.6660548802275912
2026-02-20T18:35:00+00:00,1,2000,67606.81343217348,67608.34369565,67620.57043478,67878.70304348,0.2263475231001344,-32.27365247689987,-6.454730495379974,2.034854463348612,-30.465145536651388,-6.093029107330278,40.21630328417736,7.716303284177357,1.5432606568354714
2026-02-23T01:01:00+00:00,1,2000,66298.24589738784,66294.94195652,66307.89195652,66580.47804348,-0.49834514067814695,-32.99834514067815,-6.599669028135629,1.454949373336234,-31.045050626663766,-6.209010125332753,42.57007742391572,10.07007742391572,2.014015484783144
2026-02-23T01:07:00+00:00,1,2000,65977.93511217348,65856.53304348,65901.87369565,66244.77956522,-18.400404390812586,-50.90040439081258,-10.180080878162517,-11.52831115344144,-44.028311153441436,-8.805662230688286,40.44449899695213,7.944498996952127,1.5888997993904255
2026-02-23T01:09:00+00:00,1,2000,65467.52473565304,65381.80913043,65577.91413043,65737.51608696,-13.092843447058966,-45.59284344705897,-9.118568689411795,16.86170284010302,-15.638297159896979,-3.1276594319793958,41.24050090440035,8.74050090440035,1.7481001808800698
2026-02-23T01:10:00+00:00,1,2000,65315.60247390828,65275.44130435,65402.56913043,65574.32369565,-6.148786513041626,-38.64878651304163,-7.729757302608325,13.31483645985898,-19.18516354014102,-3.8370327080282043,39.61093704143215,7.110937041432152,1.4221874082864303
2026-02-23T01:46:00+00:00,1,2000,64745.14260782652,64766.91869565,64766.91869565,65052.78434783,3.363354677490271,-29.13664532250973,-5.827329064501946,3.363354677490271,-29.13664532250973,-5.827329064501946,47.51580236171948,15.01580236171948,3.003160472343896
2026-02-23T01:47:00+00:00,2,4000,64443.01900979115,64316.365,64870.40934783,64870.40934783,-19.65364313113671,-52.15364313113671,-20.861457252454684,66.32065731959402,33.82065731959402,13.52826292783761,66.32065731959402,33.82065731959402,13.52826292783761
2026-02-23T17:51:00+00:00,1,2000,64195.15400609172,64227.84782609,64230.89,64452.98108696,5.092879751511514,-27.407120248488486,-5.481424049697697,5.566774386878137,-26.933225613121863,-5.386645122624373,40.16301305918013,7.66301305918013,1.532602611836026
2026-02-24T01:15:00+00:00,1,2000,64067.77166869392,64152.62652174,64152.62652174,64369.38826087,13.244545710888733,-19.255454289111267,-3.851090857822253,13.244545710888733,-19.255454289111267,-3.851090857822253,47.07774038650747,14.577740386507472,2.9155480773014943
2026-02-24T01:16:00+00:00,4,8000,63703.23511073678,63579.97652826,63620.29057391,64154.92152174,-19.348873297018176,-51.84887329701817,-41.47909863761454,-13.020459115238303,-45.5204591152383,-36.41636729219064,70.90478375517905,38.404783755179054,30.723827004143242
2026-02-24T01:39:00+00:00,1,2000,64155.50021478564,64142.93978261,64145.65978261,64418.55913043,-1.9578106528028716,-34.45781065280287,-6.891562130560574,-1.533840768555006,-34.03384076855501,-6.806768153711002,41.003330153090985,8.503330153090985,1.7006660306181969
2026-02-24T03:03:00+00:00,1,2000,63641.51766261215,63662.00652174,63695.49173913,63897.7126087,3.2194171164290353,-29.280582883570965,-5.856116576714193,8.480953707608041,-24.01904629239196,-4.803809258478392,40.25594541067434,7.755945410674343,1.5511890821348686
2026-02-24T05:24:00+00:00,1,2000,62708.156102612156,62739.58369565,62739.58369565,63013.02195652,5.011723353245401,-27.4882766467546,-5.49765532935092,5.011723353245401,-27.4882766467546,-5.49765532935092,48.61661909002501,16.11661909002501,3.223323818005002
2026-02-24T13:32:00+00:00,2,4000,62605.25521716407,62673.21565217,62673.21565217,62919.91434783,10.855388221036044,-21.644611778963956,-8.657844711585582,10.855388221036044,-21.644611778963956,-8.657844711585582,50.260817494385265,17.760817494385265,7.1043269977541055
2026-02-25T21:37:00+00:00,1,2000,69620.0388417348,69651.31543478,69651.31543478,69884.14630435,4.492469921812958,-28.00753007818704,-5.601506015637408,4.492469921812958,-28.00753007818704,-5.601506015637408,37.93555232216805,5.43555232216805,1.0871104644336098
2026-02-25T22:40:00+00:00,2,4000,68338.77859107891,68328.3326087,68333.69369565,68679.32108696,-1.5285585423485681,-34.02855854234857,-13.611423416939427,-0.7440717457563029,-33.2440717457563,-13.29762869830252,49.83151629308624,17.33151629308624,6.932606517234496
2026-02-25T22:50:00+00:00,1,2000,68181.29735478564,68118.11717391,68118.11717391,68455.11565217,-9.26649731331497,-41.76649731331497,-8.353299462662994,-9.26649731331497,-41.76649731331497,-8.353299462662994,40.160323726246006,7.6603237262460055,1.532064745249201
2026-02-26T14:30:00+00:00,1,2000,67844.48718,67775.02043478,67833.02652174,68116.52456522,-10.239114201819888,-42.73911420181989,-8.547822840363978,-1.6892541658675153,-34.18925416586752,-6.837850833173504,40.09719824372038,7.597198243720378,1.5194396487440756
2026-02-26T14:45:00+00:00,1,2000,67539.48989478564,67478.03913043,67478.03913043,67818.37978261,-9.09849399978735,-41.59849399978735,-8.31969879995747,-9.09849399978735,-41.59849399978735,-8.31969879995747,41.29286262878562,8.79286262878562,1.758572525757124
2026-02-26T15:12:00+00:00,1,2000,67306.3719808674,67307.11695652,67309.36152174,67580.98347826,0.11068426817084642,-32.38931573182916,-6.477863146365832,0.4441690711587398,-32.05583092884126,-6.411166185768252,40.80022281852447,8.300222818524468,1.6600445637048935
2026-02-26T15:34:00+00:00,1,2000,66788.95820869392,66801.51543478,66827.18782609,67057.24043478,1.8801350437058773,-30.619864956294123,-6.1239729912588245,5.723942762607681,-26.77605723739232,-5.355211447478464,40.168649621361574,7.668649621361574,1.5337299242723148
2026-02-26T16:50:00+00:00,1,2000,66748.44114521435,66665.38021739,66665.38021739,67026.52934783,-12.443875302442509,-44.94387530244251,-8.988775060488502,-12.443875302442509,-44.94387530244251,-8.988775060488502,41.66212691179672,9.162126911796719,1.8324253823593437
2026-02-27T09:45:00+00:00,1,2000,67351.54296261216,67391.66434783,67397.215,67622.01369565,5.957010552839481,-26.54298944716052,-5.308597889432104,6.781141957383774,-25.718858042616226,-5.143771608523245,40.15806040078118,7.658060400781181,1.5316120801562363
2026-02-27T22:34:00+00:00,2,4000,65093.67978409918,64968.4473913,64983.35913043,65420.84978261,-19.238794490424873,-51.73879449042487,-20.69551779616995,-16.947982359437617,-49.44798235943762,-19.779192943775044,50.26140780425514,17.761407804255143,7.104563121702056
2026-02-28T06:17:00+00:00,1,2000,64995.92219999999,65016.55543478,65016.55543478,65274.55717391,3.17454296848263,-29.32545703151737,-5.865091406303474,3.17454296848263,-29.32545703151737,-5.865091406303474,42.869608504454426,10.369608504454426,2.0739217008908852
2026-02-28T06:18:00+00:00,2,4000,64691.407314334305,64570.28086957,64787.95195652,65029.36,-18.723730058267662,-51.22373005826766,-20.489492023307065,14.92387415790608,-17.57612584209392,-7.030450336837568,52.240737942768064,19.740737942768064,7.896295177107226
2026-02-28T06:36:00+00:00,2,4000,63758.47808709857,63659.81586957,63741.18956522,64110.6926087,-15.474368348911138,-47.97436834891114,-19.189747339564455,-2.7115643906927556,-35.21156439069276,-14.084625756277104,55.24199011154085,22.74199011154085,9.09679604461634
2026-02-28T06:50:00+00:00,1,2000,63521.02504695911,63497.48282609,63587.31869565,63778.91413043,-3.706209219971335,-36.206209219971335,-7.241241843994267,10.436489121810055,-22.063510878189945,-4.412702175637989,40.599011631226034,8.099011631226034,1.6198023262452068
2026-02-28T14:51:00+00:00,1,2000,64519.94570869392,64503.15391304,64503.15391304,64786.9976087,-2.6025743620028408,-35.10257436200284,-7.020514872400569,-2.6025743620028408,-35.10257436200284,-7.020514872400569,41.39059589600702,8.89059589600702,1.778119179201404
2026-03-01T01:11:00+00:00,1,2000,66255.43608521436,66219.71086957,66231.60086957,66521.83956522,-5.392042940961517,-37.89204294096152,-7.578408588192303,-3.597473211662816,-36.097473211662816,-7.219494642332563,40.20854676180852,7.70854676180852,1.541709352361704
2026-03-01T02:08:00+00:00,1,2000,67789.72926521435,67805.45043478,67805.45043478,68061.27347826,2.3191078849338354,-30.180892115066165,-6.036178423013233,2.3191078849338354,-30.180892115066165,-6.036178423013233,40.056836926325445,7.556836926325445,1.511367385265089
2026-03-01T02:48:00+00:00,1,2000,67841.67889304088,67832.71782609,67832.71782609,68120.58391304,-1.3208793026797672,-33.82087930267977,-6.764175860535954,-1.3208793026797672,-33.82087930267977,-6.764175860535954,41.11116124334791,8.611161243347908,1.7222322486695816
2026-03-01T08:51:00+00:00,1,2000,66644.44250609173,66686.80913043,66686.80913043,66911.04217391,6.357112873200954,-26.142887126799046,-5.228577425359809,6.357112873200954,-26.142887126799046,-5.228577425359809,40.00328576443613,7.503285764436129,1.5006571528872257
2026-03-01T13:55:00+00:00,1,2000,66893.4503008674,66915.84565217,66940.87804348,67201.16630435,3.3479139141245895,-29.15208608587541,-5.830417217175082,7.090042806776609,-25.40995719322339,-5.081991438644678,46.00091669641593,13.500916696415928,2.7001833392831855
2026-03-01T16:47:00+00:00,1,2000,66462.52786956132,66482.44956522,66493.70782609,66729.80369565,2.997432733491401,-29.5025672665086,-5.90051345330172,4.691358804449486,-27.808641195550514,-5.561728239110103,40.21451405117116,7.714514051171157,1.5429028102342315
2026-03-01T16:48:00+00:00,1,2000,66227.73299478563,66202.09934783,66290.08,66517.35108696,-3.8705306367137204,-36.370530636713724,-7.274106127342745,9.414032822061547,-23.085967177938453,-4.617193435587691,43.730636559335956,11.230636559335956,2.246127311867191
2026-03-01T16:49:00+00:00,2,4000,65958.56297680402,65972.74304348,66097.68065217,66296.32956522,2.149844695822356,-30.350155304177644,-12.140062121671058,21.091677727258507,-11.408322272741493,-4.563328909096597,51.20890649706222,18.708906497062223,7.483562598824889
2026-03-01T16:50:00+00:00,1,2000,65833.28992956133,65866.73347826,65936.94369565,66178.71717391,5.080036062976578,-27.41996393702342,-5.483992787404684,15.744886242139433,-16.755113757860567,-3.3510227515721134,52.469995760240366,19.969995760240366,3.9939991520480733
2026-03-01T17:17:00+00:00,1,2000,65759.65781478563,65774.23478261,65793.40391304,66022.37065217,2.216703722124347,-30.283296277875653,-6.056659255575131,5.131732642134068,-27.368267357865932,-5.473653471573186,39.95045687803067,7.450456878030671,1.4900913756061342
2026-03-01T22:34:00+00:00,2,4000,65430.73353060866,65327.55434783,65331.18782609,65760.46521739,-15.769222995244414,-48.26922299524441,-19.307689198097766,-15.213906240573172,-47.71390624057317,-19.08556249622927,50.3940073707243,17.894007370724303,7.157602948289721
2026-03-02T02:06:00+00:00,2,4000,66241.02285889183,66199.36673913,66199.36673913,66574.55391304,-6.288568316731302,-38.7885683167313,-15.515427326692521,-6.288568316731302,-38.7885683167313,-15.515427326692521,50.35113284084902,17.85113284084902,7.140453136339608
2026-03-02T02:10:00+00:00,1,2000,65915.96962173481,65932.78108696,65932.78108696,66180.98978261,2.550438887825024,-29.949561112174976,-5.989912222434995,2.550438887825024,-29.949561112174976,-5.989912222434995,40.205759301734645,7.705759301734645,1.541151860346929
2026-03-02T04:35:00+00:00,1,2000,66655.42080782652,66784.58847826,66784.8126087,66926.7926087,19.378419469571195,-13.121580530428805,-2.624316106085761,19.412044707740606,-13.087955292259394,-2.617591058451879,40.7126378596967,8.212637859696699,1.6425275719393397
2026-03-02T09:23:00+00:00,1,2000,66440.55372782653,66464.5,66477.85652174,66707.155,3.604165051298569,-28.89583494870143,-5.779166989740286,5.614461623286715,-26.885538376713285,-5.377107675342657,40.12628691591136,7.626286915911358,1.5252573831822716
2026-03-02T15:53:00+00:00,1,2000,68966.6292808674,68971.83,68971.83,69240.38043478,0.7540921148141422,-31.745907885185858,-6.349181577037172,0.7540921148141422,-31.745907885185858,-6.349181577037172,39.69327728019722,7.193277280197222,1.4386554560394444
2026-03-02T17:43:00+00:00,1,2000,68814.24149738785,68829.64869565,68841.17804348,69089.56913043,2.2389548917334245,-30.261045108266575,-6.052209021653315,3.914385380994201,-28.5856146190058,-5.71712292380116,40.01026924820516,7.510269248205162,1.5020538496410325
2026-03-03T09:31:00+00:00,1,2000,66356.82498782652,66391.1823913,66392.01956522,66622.73347826,5.177674411001032,-27.322325588998968,-5.464465117799794,5.303836854753108,-27.196163145246892,-5.439232629049378,40.072515597642244,7.572515597642244,1.5145031195284488
2026-03-03T14:33:00+00:00,1,2000,66901.84874609171,66841.84282609,66875.51847826,67169.87586957,-8.96924690817591,-41.46924690817591,-8.293849381635182,-3.93565623748926,-36.43565623748926,-7.287131247497852,40.06273795145843,7.5627379514584305,1.5125475902916863
2026-03-03T14:40:00+00:00,1,2000,66760.47347478564,66807.57934783,66811.21195652,67065.23,7.055952510905961,-25.44404748909404,-5.088809497818808,7.600078174028191,-24.89992182597181,-4.979984365194362,45.64924563176697,13.149245631766973,2.6298491263533945
2026-03-03T14:42:00+00:00,1,2000,66515.4135208674,66495.99108696,66495.99108696,66782.41695652,-2.9199899510967686,-35.41998995109677,-7.083997990219353,-2.9199899510967686,-35.41998995109677,-7.083997990219353,40.14158847089444,7.64158847089444,1.528317694178888
2026-03-03T14:49:00+00:00,1,2000,66226.5685408674,66207.81565217,66316.13021739,66480.0473913,-2.8316262053995622,-35.33162620539956,-7.066325241079912,13.523526659444673,-18.976473340555327,-3.7952946681110653,38.274495571393174,5.7744955713931745,1.154899114278635
2026-03-03T16:38:00+00:00,1,2000,67889.11577478563,67828.14369565,67858.38217391,68157.98891304,-8.981127304398262,-41.481127304398264,-8.296225460879652,-4.527029189420606,-37.0270291894206,-7.40540583788412,39.604748888808494,7.104748888808494,1.4209497777616988
2026-03-03T16:42:00+00:00,1,2000,67545.59754,67568.57217391,67639.49,67812.44695652,3.4013517900088885,-29.09864820999111,-5.819729641998222,13.900603950449675,-18.599396049550325,-3.7198792099100655,39.50655945592408,7.0065594559240765,1.4013118911848153
2026-03-04T09:07:00+00:00,1,2000,70942.49884434696,70942.45478261,70942.45478261,71226.47369565,-0.0062109085074979475,-32.5062109085075,-6.5012421817015,-0.0062109085074979475,-32.5062109085075,-6.5012421817015,40.0288763335066,7.528876333506602,1.5057752667013204
2026-03-04T14:35:00+00:00,1,2000,72123.84881478564,72093.55152174,72097.36608696,72425.54065217,-4.20073159482226,-36.70073159482226,-7.340146318964452,-3.671840627037515,-36.17184062703751,-7.234368125407503,41.82969189000296,9.329691890002962,1.8659383780005927
2026-03-04T14:36:00+00:00,1,2000,71808.97662261216,71793.88782609,71826.55543478,72149.35891304,-2.101240991284614,-34.60124099128461,-6.920248198256923,2.4479964754586803,-30.05200352454132,-6.010400704908264,47.40107803188786,14.901078031887863,2.9802156063775724
2026-03-04T17:17:00+00:00,1,2000,73438.69158261215,73450.38065217,73450.38065217,73734.8273913,1.5916772624824382,-30.90832273751756,-6.181664547503512,1.5916772624824382,-30.90832273751756,-6.181664547503512,40.324221783651915,7.824221783651915,1.564844356730383
2026-03-04T18:10:00+00:00,1,2000,73026.47706261216,72995.21108696,73006.40804348,73312.4973913,-4.2814574808747174,-36.78145748087472,-7.356291496174944,-2.748183938129367,-35.248183938129365,-7.049636787625873,39.166661215577214,6.666661215577214,1.3333322431154429
2026-03-05T14:39:00+00:00,2,4000,72286.17342890806,72196.75065217,72229.22934783,72647.91391304,-12.3706612891894,-44.8706612891894,-17.94826451567576,-7.877589638088933,-40.377589638088935,-16.151035855235573,50.0428321175006,17.542832117500602,7.017132847000241
2026-03-05T23:33:00+00:00,1,2000,70830.68160521437,70962.51391304,70975.58608696,71115.13782609,18.612316702022458,-13.887683297977542,-2.7775366595955084,20.45786916936354,-12.04213083063646,-2.408426166127292,40.160028737417086,7.660028737417086,1.5320057474834172
2026-03-06T04:40:00+00:00,1,2000,70439.44912434697,70524.42956522,70524.42956522,70725.40782609,12.064325023752875,-20.435674976247125,-4.087134995249425,12.064325023752875,-20.435674976247125,-4.087134995249425,40.596385306510555,8.096385306510555,1.619277061302111
2026-03-06T13:30:00+00:00,1,2000,69801.73024434697,69845.48543478,69951.77891304,70081.26347826,6.268496537242818,-26.231503462757182,-5.246300692551436,21.496411072874366,-11.003588927125634,-2.2007177854251267,40.04674854541701,7.54674854541701,1.509349709083402
2026-03-06T13:55:00+00:00,3,6000,69544.9237648347,69530.29152174,69530.29152174,69965.32347826,-2.1039987252247094,-34.60399872522471,-20.76239923513483,-2.1039987252247094,-34.60399872522471,-20.76239923513483,60.450093359347704,27.950093359347704,16.770056015608624
2026-03-06T14:00:00+00:00,1,2000,68961.52261565304,68925.34065217,68927.89478261,69260.29565217,-5.246688604122474,-37.746688604122475,-7.549337720824496,-4.876318237700961,-37.37631823770096,-7.475263647540191,43.324599745588884,10.824599745588884,2.164919949117777
2026-03-06T14:09:00+00:00,1,2000,68657.10149478565,68692.79065217,68692.79065217,68939.62565217,5.198174203009387,-27.301825796990613,-5.460365159398123,5.198174203009387,-27.301825796990613,-5.460365159398123,41.150026906657814,8.650026906657814,1.730005381331563
2026-03-06T14:35:00+00:00,1,2000,68601.43657043867,68622.11717391,68669.94130435,68864.85282609,3.0146020994892275,-29.485397900510772,-5.8970795801021545,9.98590369765573,-22.51409630234427,-4.502819260468854,38.39806698229475,5.8980669822947505,1.1796133964589501
2026-03-08T22:00:00+00:00,1,2000,66734.37221217348,66758.20826087,66760.96347826,67010.37086957,3.571779864914859,-28.92822013508514,-5.785644027017028,3.9846431763801426,-28.515356823619857,-5.7030713647239715,41.35779632705949,8.85779632705949,1.7715592654118981
2026-03-08T22:03:00+00:00,4,8000,66201.98605315418,66122.01086957,66138.5476087,66665.50695652,-12.080481017587852,-44.58048101758785,-35.66438481407028,-9.582559109819755,-42.082559109819755,-33.666047287855804,70.01616280720935,37.516162807209355,30.012930245767482
2026-03-08T22:04:00+00:00,2,4000,65807.78839975438,65809.58492717,65809.58492717,66132.44,0.27299616949694183,-32.22700383050306,-12.890801532201223,0.27299616949694183,-32.22700383050306,-12.890801532201223,49.333309649231,16.833309649230998,6.7333238596923985
2026-03-08T22:12:00+00:00,1,2000,65726.8255408674,65715.07456522,65715.07456522,65986.03369565,-1.7878507824931056,-34.28785078249311,-6.857570156498621,-1.7878507824931056,-34.28785078249311,-6.857570156498621,39.43719366477305,6.937193664773048,1.3874387329546096
2026-03-09T03:20:00+00:00,1,2000,67355.35028086741,67321.94630435,67321.94630435,67633.09673913,-4.959364976667713,-37.459364976667715,-7.491872995333543,-4.959364976667713,-37.459364976667715,-7.491872995333543,41.23599047505478,8.735990475054777,1.7471980950109556
2026-03-09T21:40:00+00:00,1,2000,68661.64563652045,68686.54347826,68759.6573913,68937.39086957,3.6261644341228916,-28.87383556587711,-5.774767113175422,14.274600305737017,-18.225399694262983,-3.6450799388525965,40.16000934630615,7.660009346306147,1.5320018692612294
2026-03-10T14:01:00+00:00,1,2000,69628.65142695913,69652.05782609,69659.80413043,69913.88586957,3.361604548008934,-29.138395451991066,-5.827679090398213,4.474121332587178,-28.025878667412822,-5.6051757334825645,40.96509651778657,8.46509651778657,1.6930193035573138
2026-03-10T15:05:00+00:00,1,2000,71436.05148782652,71421.61804348,71473.76347826,71743.2023913,-2.0204706231530256,-34.520470623153024,-6.904094124630604,5.279125826251896,-27.220874173748104,-5.444174834749621,42.99662384416925,10.49662384416925,2.0993247688338497
2026-03-10T15:06:00+00:00,1,2000,71187.86842434696,71180.23543478,71180.23543478,71481.96326087,-1.0722317911615598,-33.572231791161556,-6.714446358232311,-1.0722317911615598,-33.572231791161556,-6.714446358232311,41.31249369203837,8.812493692038373,1.7624987384076747
2026-03-10T15:34:00+00:00,1,2000,71282.2883582652,71248.58021739,71263.59826087,71566.49326087,-4.7288241794063435,-37.228824179406345,-7.445764835881269,-2.621983360194813,-35.12198336019481,-7.024396672038963,39.87033934381934,7.370339343819339,1.4740678687638678
2026-03-11T05:42:00+00:00,1,2000,69435.81738261215,69446.00608696,69452.75847826,69715.13021739,1.4673557152367067,-31.032644284763293,-6.206528856952659,2.4398208714826453,-30.060179128517355,-6.012035825703471,40.226045477185224,7.726045477185224,1.5452090954370448
2026-03-11T13:51:00+00:00,1,2000,69962.4376591326,69988.00826087,70008.40304348,70246.64,3.654904344811971,-28.84509565518803,-5.769019131037606,6.570008977009323,-25.929991022990677,-5.185998204598135,40.62213244370838,8.12213244370838,1.6244264887416762
2026-03-11T15:30:00+00:00,1,2000,69934.69754347956,69938.81304348,69948.06673913,70210.56065217,0.5884775576348034,-31.911522442365197,-6.382304488473039,1.9116684735953626,-30.588331526404637,-6.1176663052809275,39.445814221035214,6.945814221035214,1.3891628442070427
2026-03-11T17:36:00+00:00,1,2000,70736.3905017348,70734.27021739,70734.27021739,71009.48521739,-0.29974449215708354,-32.79974449215708,-6.559948898431416,-0.29974449215708354,-32.79974449215708,-6.559948898431416,38.60738634218208,6.107386342182082,1.2214772684364164
2026-03-13T14:43:00+00:00,1,2000,73058.12799390827,73028.7726087,73028.7726087,73360.41282609,-4.018086147884459,-36.51808614788446,-7.303617229576892,-4.018086147884459,-36.51808614788446,-7.303617229576892,41.375934544467526,8.875934544467526,1.775186908893505
2026-03-13T15:02:00+00:00,1,2000,72216.87716347956,72204.77173913,72218.50173913,72499.61826087,-1.6762597366482002,-34.1762597366482,-6.83525194732964,0.2249578927049356,-32.275042107295064,-6.455008421459013,39.15166488719812,6.651664887198123,1.3303329774396246
2026-03-16T04:55:00+00:00,1,2000,74074.16621478564,73951.43326087,73951.43326087,74421.75304348,-16.56892816852773,-49.068928168527734,-9.813785633705546,-16.56892816852773,-49.068928168527734,-9.813785633705546,46.92416350478901,14.424163504789007,2.8848327009578014
2026-03-16T14:30:00+00:00,1,2000,73347.21439565305,73281.6323913,73293.69304348,73628.52021739,-8.941308118299851,-41.44130811829985,-8.28826162365997,-7.296984979462406,-39.79698497946241,-7.959396995892482,38.35262512077442,5.8526251207744195,1.170525024154884
2026-03-16T21:05:00+00:00,1,2000,74160.18835304088,74161.00347826,74188.1023913,74456.96108696,0.10991412471073048,-32.39008587528927,-6.478017175057855,3.764019331535806,-28.735980668464194,-5.747196133692839,40.01779667903938,7.517796679039378,1.5035593358078756
2026-03-17T10:06:00+00:00,1,2000,73574.37471390828,73613.93043478,73682.41608696,73871.08021739,5.376290457856925,-27.123709542143075,-5.424741908428615,14.68464713044959,-17.81535286955041,-3.563070573910082,40.32728849350686,7.827288493506863,1.5654576987013726
2026-03-18T11:30:00+00:00,1,2000,73303.34817390828,73240.89978261,73242.10152174,73603.23586957,-8.519173114729384,-41.019173114729384,-8.203834622945877,-8.355232563589388,-40.85523256358939,-8.171046512717878,40.91050451750844,8.410504517508443,1.6821009035016887
2026-03-18T12:30:00+00:00,1,2000,72523.63758521435,72537.72630435,72537.72630435,72814.94913043,1.9426382355813843,-30.557361764418616,-6.111472352883723,1.9426382355813843,-30.557361764418616,-6.111472352883723,40.167806651087986,7.667806651087986,1.5335613302175972
2026-03-19T04:07:00+00:00,1,2000,70755.21988173481,70823.35152174,70834.33043478,71046.18021739,9.629203346277482,-22.87079665372252,-4.574159330744504,11.18087869381501,-21.31912130618499,-4.263824261236998,41.1221018239405,8.622101823940497,1.7244203647880993
2026-03-20T13:31:00+00:00,1,2000,70101.4294591326,70106.89304348,70124.74869565,70403.03673913,0.7793827300739409,-31.72061726992606,-6.344123453985212,3.326499430513774,-29.173500569486226,-5.834700113897245,43.024412244434544,10.524412244434544,2.1048824488869085
2026-03-21T23:51:00+00:00,1,2000,69366.1237982652,69429.05130435,69429.05130435,69645.40913043,9.071792200441298,-23.428207799558702,-4.6856415599117405,9.071792200441298,-23.428207799558702,-4.6856415599117405,40.26249657210768,7.762496572107679,1.5524993144215358
2026-03-21T23:52:00+00:00,2,4000,69081.83626988724,69002.88195652,69201.09934783,69411.71065217,-11.429098824007333,-43.92909882400733,-17.571639529602933,17.264028344126103,-15.235971655873897,-6.094388662349559,47.751246940515024,15.251246940515024,6.10049877620601
2026-03-21T23:57:00+00:00,1,2000,68627.66731304087,68626.26891304,68662.9276087,68933.66673913,-0.20376621494344604,-32.70376621494344,-6.540753242988688,5.137912599926242,-27.362087400073758,-5.472417480014752,44.58834724679228,12.088347246792281,2.4176694493584563
2026-03-22T00:01:00+00:00,2,4000,68411.7541967214,68346.31065217,68379.52217391,68771.68673913,-9.566125780552381,-42.06612578055238,-16.826450312220953,-4.71147439352726,-37.21147439352726,-14.884589757410906,52.612675502166084,20.112675502166084,8.045070200866434
2026-03-22T21:05:00+00:00,3,6000,67697.5376139085,67629.03173913,67712.845,68106.36217391,-10.119404219574024,-42.61940421957402,-25.571642531744413,2.26114370345476,-30.23885629654524,-18.143313777927144,60.38987153906605,27.88987153906605,16.733922923439632
2026-03-23T06:42:00+00:00,1,2000,67857.40053652044,67824.30173913,67827.3926087,68130.32586957,-4.87769898769197,-37.37769898769197,-7.475539797538394,-4.422204149168163,-36.92220414916817,-7.3844408298336335,40.220422664538624,7.720422664538624,1.5440845329077248
2026-03-23T11:10:00+00:00,1,2000,70882.91357738784,70877.79717391,70906.2823913,71230.55152174,-0.7218105492023952,-33.221810549202395,-6.644362109840479,3.296819040410348,-29.203180959589652,-5.84063619191793,49.0439693865885,16.5439693865885,3.3087938773177004
2026-03-23T11:14:00+00:00,1,2000,70970.89567043868,70918.69195652,70944.61043478,71277.18586957,-7.355650992640905,-39.8556509926409,-7.971130198528181,-3.703664073896329,-36.20366407389633,-7.240732814779265,43.15715565344158,10.657155653441578,2.1314311306883154
2026-03-23T11:23:00+00:00,1,2000,70465.4585817348,70495.90478261,70495.90478261,70745.34195652,4.320726989932577,-28.179273010067423,-5.6358546020134845,4.320726989932577,-28.179273010067423,-5.6358546020134845,39.71922987779264,7.2192298777926425,1.4438459755585284
2026-03-23T11:47:00+00:00,1,2000,70115.28858261215,70164.10586957,70164.10586957,70385.41869565,6.962431153705317,-25.537568846294683,-5.1075137692589365,6.962431153705317,-25.537568846294683,-5.1075137692589365,38.52656367798968,6.026563677989678,1.2053127355979356
2026-03-23T11:55:00+00:00,1,2000,70215.38853130607,70176.56369565,70177.54782609,70497.85565217,-5.529391272793838,-38.02939127279384,-7.6058782545587675,-5.389232475614403,-37.889232475614406,-7.577846495122881,40.22866308543982,7.72866308543982,1.545732617087964
2026-03-23T12:01:00+00:00,1,2000,69789.2207008674,69734.79195652,69835.34043478,70072.42673913,-7.799018788402501,-40.2990187884025,-8.0598037576805,6.608432283585763,-25.891567716414237,-5.178313543282847,40.58019783262479,8.08019783262479,1.6160395665249583
2026-03-26T09:31:00+00:00,1,2000,69640.86823304088,69622.35347826,69687.37847826,69920.68934783,-2.658604817923349,-35.15860481792335,-7.03172096358467,6.678584917045871,-25.82141508295413,-5.164283016590826,40.180589629175145,7.680589629175145,1.536117925835029
2026-03-26T15:15:00+00:00,1,2000,68701.97237738784,68719.4573913,68953.11,68996.87891304,2.545052682929594,-29.954947317070406,-5.990989463414081,36.55464521930219,4.054645219302188,0.8109290438604375,42.925483133469115,10.425483133469115,2.085096626693823
2026-03-26T17:57:00+00:00,1,2000,68411.2622791326,68442.86934783,68591.59565217,68671.39217391,4.620155752781407,-27.879844247218593,-5.5759688494437185,26.36018793244821,-6.139812067551791,-1.2279624135103582,38.02442552748309,5.524425527483089,1.1048851054966178
2026-03-27T08:35:00+00:00,1,2000,67955.65766869392,67955.74934783,67960.48434783,68234.59326087,0.013491023296285931,-32.48650897670372,-6.497301795340744,0.7102689167703957,-31.789731083229604,-6.357946216645921,41.04670630015406,8.546706300154057,1.7093412600308115
2026-03-27T10:37:00+00:00,1,2000,67320.78886434696,67345.58826087,67413.305,67591.15847826,3.6837649916754422,-28.816235008324558,-5.7632470016649116,13.742580444124908,-18.757419555875092,-3.751483911175018,40.16138528290858,7.661385282908583,1.5322770565817165
2026-03-27T10:38:00+00:00,3,6000,67008.64431581898,66900.40913043,67063.1026087,67410.78673913,-16.152421302371156,-48.65242130237115,-29.191452781422694,8.127054865392225,-24.372945134607775,-14.623767080764665,60.013514288645986,27.513514288645986,16.50810857318759
2026-03-27T10:55:00+00:00,1,2000,66386.92562347956,66365.4576087,66470.67826087,66655.70456522,-3.2337714961105934,-35.73377149611059,-7.146754299222118,12.615833103259977,-19.884166896740023,-3.976833379348004,40.48672825502475,7.986728255024751,1.5973456510049502
2026-03-27T15:24:00+00:00,1,2000,66147.08276086739,66142.18108696,66221.39217391,66410.82652174,-0.7410264675022926,-33.241026467502294,-6.6482052935004585,11.233966781460936,-21.266033218539064,-4.253206643707813,39.872319362306285,7.3723193623062855,1.474463872461257
2026-03-29T22:41:00+00:00,1,2000,65945.86737652044,65864.63826087,65864.63826087,66215.59347826,-12.317544507629563,-44.81754450762956,-8.963508901525913,-12.317544507629563,-44.81754450762956,-8.963508901525913,40.901137928710526,8.401137928710526,1.6802275857421054
2026-03-29T22:45:00+00:00,3,6000,65286.28163485884,65122.27456522,65268.20326087,65685.17195652,-25.1212146766322,-57.6212146766322,-34.57272880597932,-2.769092301802001,-35.269092301802004,-21.161455381081204,61.098643033787866,28.598643033787866,17.159185820272718
2026-03-31T14:51:00+00:00,2,4000,66588.09797570335,66567.34891304,66567.34891304,66948.68108696,-3.1160317375222846,-35.616031737522285,-14.246412695008916,-3.1160317375222846,-35.616031737522285,-14.246412695008916,54.151285622878746,21.651285622878746,8.660514249151499
2026-04-01T13:43:00+00:00,1,2000,67930.51473130607,67994.45978261,68030.02130435,68208.83565217,9.413302925329603,-23.086697074670397,-4.617339414934079,14.648287803722404,-17.851712196277596,-3.570342439255519,40.97141350463795,8.471413504637951,1.69428270092759
2026-04-02T01:05:00+00:00,2,4000,67782.49325515136,67689.06021739,67783.23065217,68120.06891304,-13.78424328678185,-46.28424328678185,-18.51369731471274,0.10878871272268498,-32.391211287277315,-12.956484514910926,49.80277969680369,17.30277969680369,6.921111878721476
2026-04-02T01:22:00+00:00,1,2000,67387.3194991326,67409.43826087,67409.73869565,67668.95869565,3.282332922840414,-29.217667077159586,-5.843533415431917,3.326916203825192,-29.173083796174808,-5.834616759234962,41.794093994349524,9.294093994349524,1.8588187988699045
2026-04-02T08:59:00+00:00,1,2000,66192.5501608674,66431.84826087,66440.89456522,66463.44521739,36.15181760198594,3.6518176019859396,0.730363520397188,37.518482631211384,5.018482631211384,1.0036965262422768,40.925308945531924,8.425308945531924,1.6850617891063848
2026-04-06T14:38:00+00:00,1,2000,69469.81021304088,69395.72673913,69429.62130435,69777.41586957,-10.6641249895012,-43.164124989501204,-8.63282499790024,-5.78508974871661,-38.28508974871661,-7.657017949743322,44.27904086477197,11.779040864771972,2.3558081729543945
2026-04-06T23:07:00+00:00,1,2000,68306.67037043867,68350.17826087,68414.8873913,68577.8276087,6.369493666633641,-26.13050633336636,-5.226101266673272,15.84281890398831,-16.65718109601169,-3.3314362192023377,39.697036437407185,7.197036437407185,1.439407287481437
2026-04-07T22:38:00+00:00,1,2000,70958.28262956132,70995.57217391,71002.43521739,71265.62195652,5.25513625285301,-27.24486374714699,-5.448972749429398,6.222330388008235,-26.277669611991765,-5.255533922398353,43.312678318774275,10.812678318774275,2.162535663754855
2026-04-09T15:38:00+00:00,1,2000,71895.66110086741,71888.92282609,71898.53152174,72183.54152174,-0.9372296845500117,-33.43722968455001,-6.687445936910002,0.3992481366243972,-32.100751863375606,-6.4201503726751215,40.04141786368764,7.541417863687641,1.5082835727375283
2026-04-10T14:42:00+00:00,1,2000,72759.50900609173,72915.55282609,72915.55282609,73059.68304348,21.446519105181583,-11.053480894818417,-2.2106961789636834,21.446519105181583,-11.053480894818417,-2.2106961789636834,41.25564362496448,8.755643624964478,1.7511287249928955
2026-04-12T01:35:00+00:00,2,4000,72311.27768616687,72227.4176087,72259.24565217,72668.95913043,-11.597095245755584,-44.09709524575558,-17.638838098302234,-7.195562803176125,-39.695562803176124,-15.878225121270448,49.46413003729111,16.964130037291113,6.785652014916446
2026-04-12T01:41:00+00:00,1,2000,71895.7098182652,71950.19913043,71950.19913043,72185.00108696,7.578937923076179,-24.92106207692382,-4.984212415384764,7.578937923076179,-24.92106207692382,-4.984212415384764,40.23762605947611,7.7376260594761135,1.5475252118952227
2026-04-12T01:43:00+00:00,1,2000,71645.3002617348,71586.62608696,71612.04869565,71920.92804348,-8.189535749093535,-40.68953574909354,-8.137907149818707,-4.641137096687009,-37.14113709668701,-7.428227419337402,38.4711601093568,5.971160109356802,1.1942320218713605
2026-04-12T12:52:00+00:00,1,2000,71142.80375478564,71155.05782609,71155.05782609,71430.09586957,1.7224611144928126,-30.777538885507187,-6.1555077771014375,1.7224611144928126,-30.777538885507187,-6.1555077771014375,40.38245607729918,7.882456077299182,1.5764912154598363
2026-04-12T22:00:00+00:00,2,4000,70995.57277816998,71005.62,71005.62,71353.56847826,1.415189910700665,-31.084810089299335,-12.433924035719734,1.415189910700665,-31.084810089299335,-12.433924035719734,50.42507385757622,17.925073857576223,7.170029543030489
2026-04-15T15:30:00+00:00,1,2000,73730.86536782653,73745.38521739,73745.38521739,74026.86934783,1.969304102296121,-30.53069589770388,-6.106139179540776,1.969304102296121,-30.53069589770388,-6.106139179540776,40.146549009940635,7.646549009940635,1.529309801988127
2026-04-16T13:52:00+00:00,1,2000,74010.72902609172,73937.13456522,73937.13456522,74335.65,-9.943755701390389,-42.44375570139039,-8.488751140278078,-9.943755701390389,-42.44375570139039,-8.488751140278078,43.90187452331773,11.40187452331773,2.280374904663546
2026-04-16T13:54:00+00:00,1,2000,73432.40465738783,73455.9823913,73489.59434783,73729.66282609,3.2108078200865364,-29.289192179913464,-5.857838435982693,7.7880726784052,-24.7119273215948,-4.94238546431896,40.480516754024535,7.980516754024535,1.596103350804907
2026-04-17T09:30:00+00:00,1,2000,75988.63389390828,75972.7726087,75976.9673913,76309.56956522,-2.087323379232897,-34.5873233792329,-6.917464675846579,-1.5352957423298008,-34.0352957423298,-6.80705914846596,42.23469417278692,9.734694172786917,1.9469388345573833
2026-04-17T10:28:00+00:00,1,2000,75316.76975217348,75257.71913043,75343.61891304,75619.40304348,-7.840301959016749,-40.34030195901675,-8.06806039180335,3.5648317041303557,-28.935168295869644,-5.787033659173929,40.18139549828214,7.681395498282143,1.5362790996564286
2026-04-17T12:26:00+00:00,1,2000,75648.69086609171,75663.25478261,75663.25478261,75940.71934783,1.925204038768502,-30.574795961231498,-6.1149591922463,1.925204038768502,-30.574795961231498,-6.1149591922463,38.60324328086806,6.103243280868057,1.2206486561736114
2026-04-17T13:31:00+00:00,1,2000,76160.70934956131,76196.39173913,76200.64891304,76486.88826087,4.685144068830027,-27.814855931169973,-5.562971186233995,5.244116529348197,-27.255883470651803,-5.4511766941303605,42.82771445990541,10.327714459905408,2.0655428919810817
2026-04-19T22:00:00+00:00,1,2000,74134.31140695911,74082.14891304,74094.10869565,74432.02434783,-7.036214801101615,-39.536214801101615,-7.907242960220324,-5.4229560572061075,-37.92295605720611,-7.5845912114412215,40.15858989187882,7.658589891878819,1.5317179783757637
2026-04-20T14:51:00+00:00,1,2000,75056.01976695911,75022.41869565,75137.17934783,75357.26695652,-4.4767989847360745,-36.97679898473608,-7.395359796947216,10.813200742973983,-21.686799257026017,-4.337359851405203,40.136312916170255,7.6363129161702545,1.527262583234051
2026-04-23T10:05:00+00:00,1,2000,77318.55025565304,77273.4376087,77402.40021739,77628.8823913,-5.834647287601413,-38.33464728760141,-7.6669294575202835,10.844740551874121,-21.65525944812588,-4.331051889625176,40.13682804719476,7.636828047194761,1.5273656094389523
2026-04-27T15:04:00+00:00,1,2000,77380.9654617348,77319.69369565,77356.70065217,77698.15869565,-7.918196124743204,-40.418196124743204,-8.08363922494864,-3.135759475216826,-35.63575947521683,-7.127151895043366,40.99111868435479,8.491118684354788,1.6982237368709574
2026-04-27T15:18:00+00:00,1,2000,76942.01873478564,76915.02630435,77022.29913043,77249.66695652,-3.508152096799444,-36.00815209679944,-7.201630419359889,10.433882157561136,-22.066117842438864,-4.413223568487773,39.98442291913484,7.484422919134843,1.4968845838269687
2026-04-29T12:14:00+00:00,3,6000,77018.2796292679,77370.95673913,77370.95673913,77483.22695652,45.79135129474832,13.291351294748317,7.97481077684899,45.79135129474832,13.291351294748317,7.97481077684899,60.36843843956863,27.868438439568628,16.721063063741177
2026-04-29T18:08:00+00:00,1,2000,75506.60973390828,75497.67456522,75527.80847826,75813.5176087,-1.183362452606973,-33.68336245260697,-6.736672490521394,2.8075349199796484,-29.69246508002035,-5.93849301600407,40.64649119769781,8.146491197697813,1.6292982395395625
2026-04-29T18:09:00+00:00,2,4000,75150.0935285235,75054.44369565,75068.46913043,75527.1926087,-12.727839498589688,-45.22783949858969,-18.091135799435875,-10.861516501309287,-43.36151650130929,-17.34460660052372,50.17945586899053,17.67945586899053,7.071782347596213
2026-04-30T02:30:00+00:00,1,2000,75820.29733565304,75843.11869565,75843.11869565,76127.29413043,3.0099275258610447,-29.490072474138955,-5.898014494827791,3.0099275258610447,-29.490072474138955,-5.898014494827791,40.49005418930163,7.990054189301631,1.5980108378603262
2026-05-01T04:28:00+00:00,1,2000,76823.693112,77030.7473913,77049.38043478,77132.23625,26.95187785337838,-5.548122146621619,-1.1096244293243238,29.377307135050046,-3.122692864949954,-0.6245385729899908,40.16249746678913,7.662497466789127,1.5324994933578253
2026-05-01T04:29:00+00:00,1,2000,76741.18291304089,76975.89891304,77026.215,77032.24565217,30.585402920499938,-1.9145970795000622,-0.38291941590001244,37.14199809534912,4.641998095349123,0.9283996190698246,37.92784109920788,5.427841099207882,1.0855682198415764
2026-05-01T15:50:00+00:00,1,2000,78349.1697,78358.50717391,78446.29521739,78664.21847826,1.191777008708872,-31.308222991291128,-6.261644598258226,12.396496065227858,-20.103503934772142,-4.0207007869544285,40.21086368449333,7.710863684493333,1.5421727368986664
2026-05-04T01:56:00+00:00,2,4000,79101.15169308675,79331.64217391,79353.38152174,79763.96173913,29.138701003692535,-3.3612989963074646,-1.3445195985229859,31.88699826165653,-0.6130017383434705,-0.2452006953373882,83.79271753399476,51.29271753399476,20.517087013597905
2026-05-04T15:19:00+00:00,2,4000,79650.25118954509,79721.8073913,79721.8073913,80054.70086957,8.983801141395631,-23.51619885860437,-9.406479543441748,8.983801141395631,-23.51619885860437,-9.406479543441748,50.77820521399712,18.27820521399712,7.311282085598848
2026-05-04T15:20:00+00:00,1,2000,79402.9201617348,79376.46347826,79667.05978261,79667.05978261,-3.3319534622788805,-35.83195346227888,-7.166390692455777,33.265731327911666,0.7657313279116664,0.1531462655823333,33.265731327911666,0.7657313279116664,0.1531462655823333
2026-05-17T23:40:00+00:00,2,4000,77352.94602956474,77263.38565217,77272.47782609,77744.39826087,-11.578146921580323,-44.07814692158033,-17.631258768632133,-10.402732876390042,-42.90273287639004,-17.161093150556013,50.60598870476607,18.10598870476607,7.242395481906428
2026-05-17T23:41:00+00:00,2,4000,76886.03777617782,76927.10752174,76932.21398261,77278.98043478,5.34163896984019,-27.15836103015981,-10.863344412063924,6.005798681758545,-26.494201318241455,-10.597680527296582,51.10715416836386,18.607154168363863,7.442861667345546
2026-05-18T13:36:00+00:00,1,2000,76881.46063565303,76896.83152174,76899.64673913,77188.22934783,1.9992968343585105,-30.50070316564149,-6.100140633128298,2.365473200769408,-30.134526799230592,-6.026905359846118,39.90151977350864,7.401519773508639,1.4803039547017276
2026-05-22T18:45:00+00:00,1,2000,76288.5117391326,76228.2873913,76228.2873913,76594.89130435,-7.8942879418786305,-40.39428794187863,-8.078857588375726,-7.8942879418786305,-40.39428794187863,-8.078857588375726,40.160642570281624,7.660642570281624,1.5321285140563248
2026-05-22T19:30:00+00:00,2,4000,75881.2443139144,75787.0173913,75787.36065217,76275.71804348,-12.417682849873435,-44.91768284987344,-17.967073139949377,-12.372446260371373,-44.872446260371376,-17.94897850414855,51.98566959889072,19.485669598890723,7.794267839556289
2026-05-23T07:50:00+00:00,3,6000,74588.41191479332,74371.96,74371.96,75044.09782609,-29.019509765214615,-61.519509765214615,-36.91170585912877,-29.019509765214615,-61.519509765214615,-36.91170585912877,61.09339233783872,28.593392337838722,17.156035402703232
2026-05-27T21:40:00+00:00,1,2000,74590.4636008674,74595.30956522,74685.39065217,74890.02869565,0.6496761273044882,-31.850323872695512,-6.370064774539102,12.726432672487409,-19.77356732751259,-3.9547134655025182,40.16131289725999,7.6613128972599895,1.532262579451998
2026-05-28T03:18:00+00:00,2,4000,73604.52005923662,73551.85847826,73722.47847826,73985.70543478,-7.15466671533771,-39.65466671533771,-15.861866686135086,16.0259748896463,-16.4740251103537,-6.58961004414148,51.78831072284895,19.288310722848948,7.715324289139579
2026-05-28T04:02:00+00:00,2,4000,72850.59417945641,72788.46847826,72806.11652174,73213.33847826,-8.527823540241952,-41.027823540241954,-16.41112941609678,-6.105325319221144,-38.605325319221144,-15.442130127688456,49.79290874553843,17.292908745538433,6.917163498215373
2026-05-29T18:52:00+00:00,1,2000,73202.42955652044,73196.76369565,73237.5323913,73494.8326087,-0.7739990195343438,-33.273999019534344,-6.654799803906869,4.795310072660541,-27.70468992733946,-5.540937985467892,39.944446373025855,7.444446373025855,1.488889274605171
2026-06-01T09:52:00+00:00,1,2000,72636.83363478564,72822.7526087,72867.60652174,72923.41086957,25.595688111785808,-6.904311888214192,-1.3808623776428384,31.770780113389296,-0.7292198866107036,-0.14584397732214072,39.45343160540959,6.953431605409591,1.390686321081918
2026-06-02T14:27:00+00:00,1,2000,67649.02716000001,67666.44586957,67782.78108696,67910.63934783,2.57486475434332,-29.92513524565668,-5.985027049131336,19.77174433619666,-12.728255663803338,-2.5456511327606677,38.67198078270073,6.171980782700729,1.2343961565401458
2026-06-02T19:33:00+00:00,1,2000,66452.41478869392,66472.83217391,66555.16630435,66742.38304348,3.0724820581773393,-29.42751794182266,-5.885503588364532,15.462420136695965,-17.037579863304035,-3.407515972660807,43.63547294829351,11.135472948293511,2.227094589658702
2026-06-02T22:58:00+00:00,1,2000,66330.85558695912,66349.90413043,66395.21652174,66605.04543478,2.8717469874806056,-29.628253012519394,-5.925650602503879,9.703015920925484,-22.796984079074516,-4.559396815814903,41.33669698582754,8.836696985827537,1.7673393971655074
2026-06-03T20:55:00+00:00,1,2000,64784.32264956132,64817.9623913,64915.58847826,65057.16826087,5.192574432035801,-27.3074255679642,-5.46148511359284,20.261974399073956,-12.238025600926044,-2.4476051201852087,42.11599352278217,9.61599352278217,1.923198704556434
2026-06-04T00:29:00+00:00,1,2000,63462.32015738784,63403.81282609,63403.81282609,63709.75956522,-9.219223493994733,-41.71922349399473,-8.343844698798947,-9.219223493994733,-41.71922349399473,-8.343844698798947,38.98997187914199,6.48997187914199,1.297994375828398
2026-06-04T00:37:00+00:00,1,2000,63362.12407304088,63365.45956522,63374.90065217,63615.5426087,0.5264173554642149,-31.973582644535785,-6.394716528907157,2.0164379455445136,-30.483562054455486,-6.096712410891097,39.99527152324988,7.495271523249883,1.4990543046499767
2026-06-04T02:03:00+00:00,1,2000,61548.31929913261,61560.40369565,61624.72347826,61795.5526087,1.963399919771014,-30.536600080228986,-6.107320016045797,12.413690576351666,-20.086309423648334,-4.017261884729667,40.168978191883475,7.668978191883475,1.533795638376695
2026-06-04T02:15:00+00:00,1,2000,62152.65745565304,62174.25934783,62232.69847826,62406.29608696,3.4756184306949933,-29.024381569305007,-5.804876313861001,12.87813359614809,-19.62186640385191,-3.9243732807703817,40.80897610660328,8.308976106603282,1.6617952213206566
2026-06-05T06:24:00+00:00,1,2000,61172.86778869391,61176.24282609,61448.16608696,61465.97456522,0.5517212970529428,-31.948278702947057,-6.389655740589411,45.00333370294874,12.503333702948737,2.5006667405897476,47.91450640152295,15.41450640152295,3.08290128030459
2026-06-05T12:31:00+00:00,1,2000,61836.43763217349,61850.68847826,61911.34608696,62082.39347826,2.304603342657696,-30.195396657342304,-6.039079331468461,12.113966724942582,-20.386033275057418,-4.077206655011484,39.7752288949027,7.275228894902703,1.4550457789805407
2026-06-05T13:49:00+00:00,1,2000,61320.92124,61292.74021739,61297.30369565,61597.11021739,-4.595661976393162,-37.09566197639316,-7.419132395278631,-3.851466004166637,-36.35146600416664,-7.270293200833327,45.039926309822235,12.539926309822235,2.5079852619644467
2026-06-05T14:11:00+00:00,1,2000,60717.81011217349,60727.37369565,60751.15282609,60941.53913043,1.5750870228758984,-30.9249129771241,-6.18498259542482,5.491422344598984,-27.008577655401016,-5.401715531080203,36.847346411734705,4.347346411734705,0.869469282346941
2026-06-05T14:38:00+00:00,1,2000,60911.59468695912,60914.89869565,60914.89869565,61156.87065217,0.5424268906217833,-31.957573109378217,-6.391514621875643,0.5424268906217833,-31.957573109378217,-6.391514621875643,40.26753304874342,7.767533048743417,1.5535066097486834
2026-06-05T16:00:00+00:00,1,2000,60215.663504346965,60217.40434783,60220.68913043,60451.93217391,0.2891014366901423,-32.210898563309854,-6.442179712661971,0.8346044518248164,-31.665395548175184,-6.333079109635037,39.237078164218175,6.737078164218175,1.347415632843635
2026-06-05T16:16:00+00:00,1,2000,60827.30342347955,60791.36326087,60901.7976087,61045.59652174,-5.908557602716247,-38.40855760271624,-7.681711520543249,12.246833416535985,-20.253166583464015,-4.050633316692803,35.887354193675506,3.387354193675506,0.6774708387351012
2026-06-05T16:23:00+00:00,1,2000,61199.04548347955,61167.13326087,61175.27282609,61474.99956522,-5.214496787889766,-37.714496787889765,-7.542899357577953,-3.8844817270844434,-36.38448172708444,-7.276896345416889,45.09123950551475,12.59123950551475,2.51824790110295
2026-06-05T16:28:00+00:00,1,2000,60989.986815653036,60999.18804348,61030.81130435,61225.47434783,1.5086456494528555,-30.991354350547144,-6.198270870109429,6.693637895078819,-25.80636210492118,-5.161272420984236,38.61085146464216,6.11085146464216,1.222170292928432
2026-06-05T17:11:00+00:00,1,2000,61023.19129043869,61001.12913043,61001.12913043,61293.09434783,-3.6153730314891774,-36.11537303148918,-7.223074606297836,-3.6153730314891774,-36.11537303148918,-7.223074606297836,44.229587421398264,11.729587421398264,2.345917484279653
2026-06-05T18:51:00+00:00,1,2000,59554.94936609173,59574.65326087,59605.70478261,59795.59586957,3.3085234708440936,-29.191476529155906,-5.838295305831181,8.522451460124536,-23.977548539875464,-4.795509707975093,40.40747344087103,7.90747344087103,1.581494688174206
2026-06-05T18:52:00+00:00,1,2000,59367.28196347956,59303.20434783,59325.84608696,59616.92608696,-10.793422493046156,-43.29342249304616,-8.658684498609231,-6.979581201822516,-39.47958120182251,-7.895916240364502,42.0507921575397,9.550792157539703,1.9101584315079405
2026-06-05T20:16:00+00:00,1,2000,60811.67813217348,60773.61043478,60773.61043478,61058.66891304,-6.259932066130514,-38.75993206613052,-7.751986413226104,-6.259932066130514,-38.75993206613052,-7.751986413226104,40.61568245653069,8.115682456530692,1.6231364913061386
2026-06-05T21:16:00+00:00,1,2000,61699.1199782652,61709.91826087,61712.73717391,61946.87565217,1.7501518025886398,-30.74984819741136,-6.149969639482272,2.2070323935907687,-30.29296760640923,-6.058593521281846,40.155463156050786,7.655463156050786,1.5310926312101572
2026-06-06T04:38:00+00:00,1,2000,59523.37313478564,59542.99956522,59625.34717391,59761.21782609,3.297264486326057,-29.202735513673943,-5.840547102734789,17.131764171605113,-15.368235828394887,-3.0736471656789774,39.958201086114364,7.458201086114364,1.4916402172228729
2026-06-06T05:07:00+00:00,1,2000,59799.38248956132,59781.93413043,59887.30804348,60038.06021739,-2.917815938042745,-35.41781593804274,-7.083563187608549,14.703421717443543,-17.796578282556457,-3.5593156565112913,39.91307566935775,7.413075669357752,1.4826151338715505
2026-06-06T10:30:00+00:00,1,2000,60287.97786782652,60265.56130435,60331.54,60534.45847826,-3.7182476953645516,-36.21824769536455,-7.24364953907291,7.2256747885934836,-25.274325211406516,-5.054865042281303,40.883874223456296,8.383874223456296,1.6767748446912591
2026-06-07T22:16:00+00:00,1,2000,63459.61363565304,63460.38,63463.285,63693.26217391,0.12076410539796356,-32.37923589460203,-6.475847178920406,0.5785355656340307,-31.92146443436597,-6.384292886873194,36.81846214797835,4.318462147978352,0.8636924295956704
2026-06-08T12:01:00+00:00,1,2000,63324.791178265186,63323.765,63332.13347826,63643.66130435,-0.16205000381241952,-32.66205000381242,-6.532410000762484,1.1594669099102006,-31.3405330900898,-6.26810661801796,50.35470629301653,17.854706293016527,3.5709412586033054
2026-06-08T12:14:00+00:00,1,2000,62742.27235043868,62777.46913043,62777.46913043,63004.8676087,5.609739442449246,-26.890260557550754,-5.378052111510151,5.609739442449246,-26.890260557550754,-5.378052111510151,41.85300411094772,9.353004110947722,1.8706008221895445
2026-06-09T00:28:00+00:00,2,4000,62544.6900609456,62764.58695652,62769.02652174,62865.48326087,35.1583636212971,2.6583636212970987,1.0633454485188394,35.8681865040511,3.3681865040511028,1.347274601620441,51.290237366563574,18.790237366563574,7.51609494662543
2026-06-09T16:38:00+00:00,2,4000,60978.46084512871,60927.59065217,60930.22282609,61283.31108696,-8.34232157612358,-40.84232157612358,-16.336928630449435,-7.910665236570136,-40.41066523657014,-16.164266094628054,49.99310208985585,17.493102089855853,6.997240835942341
2026-06-10T11:03:00+00:00,1,2000,61182.400158265205,61210.58021739,61210.58021739,61428.73108696,4.605909387651597,-27.894090612348403,-5.578818122469681,4.605909387651597,-27.894090612348403,-5.578818122469681,40.26173018017998,7.761730180179981,1.5523460360359962
2026-06-10T21:50:00+00:00,1,2000,61246.29139304088,61279.42891304,61381.33173913,61488.34543478,5.410534947571932,-27.089465052428068,-5.417893010485614,22.048738465241247,-10.451261534758753,-2.0902523069517507,39.5214201927363,7.021420192736301,1.4042840385472601
2026-06-15T19:18:00+00:00,1,2000,66581.9887591326,66597.31565217,66597.31565217,66849.37978261,2.301957830195267,-30.198042169804733,-6.039608433960947,2.301957830195267,-30.198042169804733,-6.039608433960947,40.15966306514463,7.659663065144628,1.5319326130289255
2026-06-17T14:47:00+00:00,2,4000,64841.81720263096,64808.42,64858.6173913,65167.59086957,-5.150565494886905,-37.650565494886905,-15.060226197954762,2.590949697869327,-29.909050302130673,-11.96362012085227,50.241291961481416,17.741291961481416,7.096516784592566
2026-06-17T18:00:00+00:00,4,8000,65615.35700825257,65468.51152174,65481.61978261,66094.50608696,-22.37974358565209,-54.87974358565209,-43.90379486852168,-20.382000760240658,-52.88200076024066,-42.30560060819252,73.02392314152416,40.523923141524165,32.41913851321933
2026-06-17T18:05:00+00:00,2,4000,64955.252711961555,64870.13434783,64912.71891304,65281.75913043,-13.104154102672183,-45.60415410267218,-18.241661641068873,-6.548169262025061,-39.04816926202506,-15.619267704810024,50.26636104647375,17.766361046473747,7.106544418589499
2026-06-17T18:32:00+00:00,1,2000,65306.42411738784,65312.0476087,65400.37673913,65601.51108696,0.8610931295294222,-31.638906870470578,-6.327781374094116,14.386428749073588,-18.113571250926412,-3.6227142501852825,45.184983492856375,12.684983492856375,2.5369966985712753
2026-06-17T18:58:00+00:00,1,2000,65350.52699738784,65387.6973913,65433.65369565,65615.37173913,5.68784914521725,-26.81215085478275,-5.36243017095655,12.720126689336198,-19.779873310663802,-3.9559746621327605,40.52679510185841,8.026795101858411,1.6053590203716823
2026-06-17T19:29:00+00:00,1,2000,64389.3010382652,64394.38565217,64477.73673913,64666.78195652,0.789667510410208,-31.710332489589792,-6.342066497917958,13.734533445586283,-18.765466554413717,-3.7530933108827433,43.09425848401327,10.594258484013267,2.118851696802653
2026-06-19T03:15:00+00:00,1,2000,62485.56287738784,62530.29478261,62530.29478261,62749.98086957,7.158758465524162,-25.341241534475838,-5.068248306895168,7.158758465524162,-25.341241534475838,-5.068248306895168,42.31665364061943,9.816653640619428,1.9633307281238856
2026-06-20T17:35:00+00:00,1,2000,63749.508313040875,63778.46304348,63806.57956522,64005.78695652,4.541953531145282,-27.958046468854718,-5.591609293770944,8.952422330676946,-23.547577669323054,-4.709515533864611,40.20088158494861,7.700881584948611,1.5401763169897222
2026-06-22T03:01:00+00:00,1,2000,63940.67037652043,63934.10478261,63962.01282609,64193.75413043,-1.0268259422008263,-33.52682594220083,-6.705365188440165,3.3378520187388183,-29.16214798126118,-5.832429596252236,39.581029166455565,7.081029166455565,1.4162058332911132
2026-06-23T06:21:00+00:00,1,2000,62625.34758,62660.99934783,62686.38217391,62876.60021739,5.69286546225678,-26.80713453774322,-5.361426907548644,9.745988847731368,-22.75401115226863,-4.550802230453726,40.11995894618092,7.6199589461809225,1.5239917892361845
2026-06-24T13:22:00+00:00,1,2000,61863.043173908285,61820.3276087,61820.3276087,62105.90782609,-6.9048599966548,-39.4048599966548,-7.88097199933096,-6.9048599966548,-39.4048599966548,-7.88097199933096,39.258439242793045,6.758439242793045,1.351687848558609
2026-06-24T16:51:00+00:00,2,4000,59778.970954533535,59676.58978261,59688.00195652,60076.45456522,-17.12661999508258,-49.62661999508258,-19.85064799803303,-15.217558375624218,-47.71755837562422,-19.087023350249687,49.76392298768894,17.263922987688943,6.905569195075578
2026-06-25T13:45:00+00:00,1,2000,59869.96121478564,59902.57217391,59902.57217391,60251.78717391,5.446965132875903,-27.053034867124097,-5.410606973424819,5.446965132875903,-27.053034867124097,-5.410606973424819,63.77588215809027,31.27588215809027,6.255176431618054
2026-06-25T13:46:00+00:00,1,2000,59662.961885214354,59696.54065217,59696.54065217,59928.84282609,5.628075760006901,-26.8719242399931,-5.37438484799862,5.628075760006901,-26.8719242399931,-5.37438484799862,44.56381856924318,12.063818569243182,2.412763713848636
2026-06-25T13:48:00+00:00,2,4000,59470.77477453221,59371.26043478,59384.70369565,59790.64456522,-16.733318193599132,-49.23331819359913,-19.693327277439653,-14.47283631473173,-46.97283631473173,-18.789134525892692,53.786047331734196,21.286047331734196,8.514418932693678
2026-06-25T13:51:00+00:00,1,2000,59221.13585217347,59203.03152174,59234.92978261,59444.54130435,-3.0570724747103206,-35.557072474710324,-7.111414494942065,2.329224226795823,-30.170775773204177,-6.034155154640835,37.723939090630324,5.223939090630324,1.0447878181260648
2026-06-25T13:53:00+00:00,2,4000,58918.18629246672,58908.90086957,58908.90086957,59289.18521739,-1.5759858680353123,-34.07598586803531,-13.630394347214125,-1.5759858680353123,-34.07598586803531,-13.630394347214125,62.96849042189745,30.46849042189745,12.18739616875898
2026-06-25T13:55:00+00:00,1,2000,58591.18815390828,58545.69217391,58600.925,58937.40282609,-7.764986755136594,-40.26498675513659,-8.052997351027319,1.661827725039089,-30.83817227496091,-6.167634454992182,59.08988759065315,26.58988759065315,5.31797751813063
2026-06-25T13:57:00+00:00,1,2000,58433.90957738784,58408.21065217,58408.21065217,58672.16108696,-4.397947254207724,-36.89794725420772,-7.379589450841544,-4.397947254207724,-36.89794725420772,-7.379589450841544,40.7728168960908,8.272816896090802,1.6545633792181604
2026-06-25T14:16:00+00:00,2,4000,58959.72317443039,58832.51130435,58851.54652174,59254.10086957,-21.576062985241286,-54.076062985241286,-21.630425194096517,-18.347550983297545,-50.847550983297545,-20.339020393319018,49.92860876715799,17.42860876715799,6.971443506863195
2026-06-25T16:11:00+00:00,1,2000,59778.15058434696,59792.45804348,59792.45804348,60053.40586957,2.3934261922109457,-30.106573807789054,-6.021314761557811,2.3934261922109457,-30.106573807789054,-6.021314761557811,46.046136009956214,13.546136009956214,2.7092272019912427
2026-06-25T16:30:00+00:00,1,2000,59503.18724609173,59498.05521739,59498.37478261,59741.92108696,-0.8624796316381023,-33.3624796316381,-6.6724959263276205,-0.8087740681561595,-33.30877406815616,-6.661754813631233,40.121185421702066,7.621185421702066,1.5242370843404132
2026-06-26T02:12:00+00:00,1,2000,58980.31604347956,58966.2,58966.2,59218.99065217,-2.3933482264071326,-34.893348226407134,-6.978669645281427,-2.3933482264071326,-34.893348226407134,-6.978669645281427,40.466824307028304,7.966824307028304,1.5933648614056608
2026-06-26T02:13:00+00:00,2,4000,58671.30973748743,58739.55869565,58748.43934783,58972.75413043,11.632424513434714,-20.867575486565286,-8.347030194626115,13.146052250694318,-19.353947749305682,-7.741579099722274,51.378500717187414,18.878500717187414,7.551400286874966
2026-06-26T02:16:00+00:00,1,2000,58530.616846959114,58484.82347826,58608.17978261,58765.93173913,-7.823831554493177,-40.323831554493175,-8.064766310898635,13.251686011390706,-19.248313988609294,-3.8496627977218587,40.2037266728561,7.703726672856099,1.5407453345712199
2026-06-26T02:32:00+00:00,1,2000,58756.8363782652,58774.32543478,58784.50326087,58986.73586957,2.976514324599666,-29.523485675400334,-5.904697135080067,4.708708689944441,-27.79129131005556,-5.558258262011112,39.127275305421705,6.627275305421705,1.325455061084341
2026-06-26T13:19:00+00:00,1,2000,58606.088530438676,58603.94173913,58760.2726087,58856.68521739,-0.36630858030406444,-32.866308580304064,-6.573261716060814,26.30854270051497,-6.19145729948503,-1.238291459897006,42.7594970480194,10.259497048019398,2.05189940960388
2026-06-26T15:51:00+00:00,1,2000,60158.820052173476,60162.75173913,60190.25586957,60418.16130435,0.6535512088023943,-31.846448791197606,-6.369289758239521,5.22547107294713,-27.27452892705287,-5.454905785410574,43.10943132721068,10.609431327210679,2.1218862654421358
2026-06-29T12:38:00+00:00,1,2000,59983.723252173484,59977.84913043,59977.84913043,60211.99782609,-0.9792859504220708,-33.47928595042207,-6.695857190084414,-0.9792859504220708,-33.47928595042207,-6.695857190084414,38.0560861413759,5.5560861413759,1.11121722827518
2026-07-01T01:12:00+00:00,1,2000,57901.05130956131,57882.91717391,57882.91717391,58158.54652174,-3.1319182020306258,-35.631918202030626,-7.126383640406125,-3.1319182020306258,-35.631918202030626,-7.126383640406125,44.47159530869493,11.97159530869493,2.3943190617389862
2026-07-01T22:25:00+00:00,1,2000,60723.539926959114,60887.90413043,60887.90413043,61016.18956522,27.06762544946839,-5.432374550531609,-1.0864749101063218,27.06762544946839,-5.432374550531609,-1.0864749101063218,48.19377108332246,15.69377108332246,3.1387542166644917
2026-07-02T16:27:00+00:00,1,2000,61210.21064347956,61214.59152174,61225.97391304,61460.28934783,0.7157103715860202,-31.78428962841398,-6.356857925682796,2.575267981392848,-29.924732018607152,-5.98494640372143,40.85571699908641,8.355716999086411,1.6711433998172822
2026-07-06T11:57:00+00:00,1,2000,62681.63240609171,62694.37934783,62694.37934783,62933.71369565,2.033600793245327,-30.466399206754673,-6.093279841350935,2.033600793245327,-30.466399206754673,-6.093279841350935,40.21613347992448,7.71613347992448,1.543226695984896
2026-07-06T12:00:00+00:00,1,2000,62269.23340956132,62276.43695652,62329.28043478,62514.12369565,1.1568388695759602,-31.34316113042404,-6.268632226084808,9.643129027097075,-22.856870972902925,-4.571374194580585,39.32765391184034,6.827653911840343,1.3655307823680687
2026-07-07T14:35:00+00:00,1,2000,62940.26394261216,62869.36108696,62869.36108696,63201.00369565,-11.265103005733135,-43.76510300573314,-8.753020601146627,-11.265103005733135,-43.76510300573314,-8.753020601146627,41.42654267792256,8.926542677922562,1.7853085355845124
2026-07-08T01:36:00+00:00,1,2000,63082.4381791326,63044.76630435,63062.27326087,63336.35021739,-5.971848246516531,-38.47184824651653,-7.694369649303305,-3.196597792453071,-35.69659779245307,-7.139319558490613,40.25082821567105,7.750828215671049,1.55016564313421
2026-07-10T12:14:00+00:00,3,6000,64192.95049223847,64508.30869565,64539.2923913,64601.95608696,49.12660985253447,16.62660985253447,9.975965911520683,53.95326066269579,21.45326066269579,12.871956397617474,63.71503281672464,31.215032816724637,18.729019690034782
2026-07-10T14:32:00+00:00,1,2000,63968.549282612155,64001.51543478,64001.51543478,64314.54086957,5.153493793050856,-27.346506206949144,-5.469301241389829,5.153493793050856,-27.346506206949144,-5.469301241389829,54.0877651342786,21.587765134278598,4.31755302685572
2026-07-11T15:37:00+00:00,3,6000,64031.771018133186,63994.8673913,64182.12673913,64419.44130435,-5.76333064764567,-38.263330647645674,-22.957998388587406,23.481424706217613,-9.018575293782387,-5.411145176269432,60.5434271226124,28.0434271226124,16.826056273567442
2026-07-13T14:16:00+00:00,1,2000,62157.51057390828,62113.78695652,62146.79608696,62421.17847826,-7.034325696858579,-39.53432569685858,-7.906865139371716,-1.72376384596995,-34.22376384596995,-6.844752769193989,42.419315367885346,9.919315367885346,1.9838630735770695
2026-07-14T17:11:00+00:00,1,2000,64334.57473565304,64330.27913043,64431.35282609,64592.95152174,-0.6676977722619437,-33.167697772261945,-6.63353955445239,15.042936218139236,-17.457063781860764,-3.491412756372153,40.16141975735632,7.66141975735632,1.532283951471264
2026-07-20T08:36:00+00:00,2,4000,63886.82819875818,64083.95326087,64084.38673913,64208.2176087,30.855352765135624,-1.644647234864376,-0.6578588939457504,30.92320372474866,-1.5767962752513398,-0.6307185101005359,50.30605196769899,17.80605196769899,7.122420787079596
2026-07-20T08:37:00+00:00,5,10000,63571.194832705456,63883.23934783,63883.23934783,64084.53130435,49.08583454278581,16.58583454278581,16.58583454278581,49.08583454278581,16.58583454278581,16.58583454278581,80.7498542375118,48.2498542375118,48.2498542375118
2026-07-21T17:46:00+00:00,2,4000,66159.21858390435,66237.58804348,66237.58804348,66496.81369565,11.84558422138382,-20.65441577861618,-8.261766311446472,11.84558422138382,-20.65441577861618,-8.261766311446472,51.02767520107632,18.52767520107632,7.411070080430528
2026-07-23T07:11:00+00:00,1,2000,65394.06670434696,65392.85608696,65410.83434783,65655.25478261,-0.18512648745860893,-32.68512648745861,-6.537025297491723,2.564092482404412,-29.935907517595588,-5.987181503519118,39.940638566478,7.440638566478,1.4881277132956
2026-07-27T14:30:00+00:00,1,2000,64622.8779782652,64666.07826087,64666.07826087,64880.94086957,6.684982773335069,-25.81501722666493,-5.163003445332986,6.684982773335069,-25.81501722666493,-5.163003445332986,39.93367355003885,7.433673550038847,1.4867347100077692
2026-07-27T22:40:00+00:00,1,2000,64273.33004609172,64172.55891304,64200.10152174,64531.4623913,-15.67852995627561,-48.17852995627561,-9.635705991255122,-11.393298635563598,-43.893298635563596,-8.77865972711272,40.16165725708731,7.661657257087313,1.5323314514174626
2026-07-29T18:32:00+00:00,1,2000,63763.753927826525,63781.97608696,63882.54282609,64014.16586957,2.857761347316856,-29.642238652683144,-5.928447730536629,18.62953338630735,-13.870466613692649,-2.77409332273853,39.2718317724694,6.7718317724693975,1.3543663544938793
2026-07-31T14:06:00+00:00,1,2000,62687.478276520436,62657.08826087,62657.08826087,62923.18434783,-4.8478606072466235,-37.34786060724662,-7.469572121449324,-4.8478606072466235,-37.34786060724662,-7.469572121449324,37.60018392666042,5.100183926660421,1.0200367853320842
2026-08-12T12:30:00+00:00,1,2000,64147.39212521436,64178.29956522,64203.94130435,64451.18456522,4.818191197126787,-27.681808802873213,-5.536361760574643,8.815507109822818,-23.684492890177182,-4.7368985780354365,47.35850202805425,14.858502028054247,2.971700405610849
2026-08-19T15:28:00+00:00,2,4000,68634.11225901665,68627.8276087,68745.43869565,69269.00870435,-0.915674452512949,-33.415674452512945,-13.36626978100518,16.22027778449553,-16.27972221550447,-6.511888886201788,92.50450314521873,60.004503145218735,24.001801258087493
2026-08-19T15:29:00+00:00,3,6000,68332.78163549094,68174.00891304,68253.09847826,68768.1620663,-23.235220146295976,-55.73522014629597,-33.44113208777758,-11.661043985594644,-44.161043985594645,-26.496626391356788,63.71472379560483,31.214723795604833,18.7288342773629
2026-08-19T15:30:00+00:00,2,4000,67911.76438978982,67841.77956522,67841.77956522,68313.92695652,-10.305257888476582,-42.80525788847658,-17.122103155390633,-10.305257888476582,-42.80525788847658,-17.122103155390633,59.21839468371104,26.71839468371104,10.687357873484416
2026-08-19T19:14:00+00:00,1,2000,68152.58548956133,68137.07717391,68142.0176087,68429.57673913,-2.2755285863229613,-34.77552858632296,-6.955105717264593,-1.5506206823145963,-34.050620682314594,-6.810124136462918,40.64280871796111,8.14280871796111,1.628561743592222
2026-08-19T21:48:00+00:00,1,2000,69559.59506609173,69539.83565217,69692.31326087,69834.42826087,-2.8406453348317484,-35.34064533483175,-7.068129066966351,19.079782545048385,-13.420217454951615,-2.684043490990323,39.510465021703745,7.0104650217037445,1.402093004340749
2026-08-20T13:30:00+00:00,1,2000,71675.12699738784,71647.81543478,71671.58521739,71962.99195652,-3.8104658829318794,-36.31046588293188,-7.262093176586376,-0.49414352596310884,-32.99414352596311,-6.598828705192622,40.1624623759167,7.6624623759166965,1.5324924751833393
2026-08-20T13:36:00+00:00,1,2000,71297.56829738784,71262.40152174,71263.68065217,71626.74608696,-4.932394819014974,-37.432394819014974,-7.486478963802995,-4.752987517959717,-37.25298751795972,-7.450597503591943,46.16956755090662,13.66956755090662,2.733913510181324
2026-08-21T02:33:00+00:00,1,2000,74715.86238261216,74602.42717391,74693.42652174,75014.09369565,-15.182212328792577,-47.68221232879257,-9.536442465758514,-3.0028243209290206,-35.50282432092902,-7.100564864185805,39.91539460665328,7.41539460665328,1.4830789213306559
2026-08-21T09:00:00+00:00,3,6000,78786.67432598911,78625.04586957,78764.83478261,79338.70869565,-20.514694623401386,-53.01469462340138,-31.808816774040828,-2.771984420707474,-35.271984420707476,-21.163190652424483,70.06697190654165,37.56697190654165,22.540183143924992
2026-08-21T09:01:00+00:00,2,4000,78370.93144805898,78315.28086957,78410.53217391,78764.21673913,-7.100920897676888,-39.600920897676886,-15.840368359070755,5.052986498861323,-27.447013501138677,-10.978805400455471,50.18254648812892,17.68254648812892,7.073018595251567
2026-08-21T09:03:00+00:00,4,8000,77815.88591983897,77680.43347826,77885.33043478,78422.11652174,-17.406785256997015,-49.90678525699701,-39.92542820559761,8.924207971181541,-23.57579202881846,-18.860633623054767,77.90576367986412,45.40576367986412,36.3246109438913
2026-08-21T09:07:00+00:00,1,2000,77391.42172956132,77286.88608696,77637.29630435,77707.51543478,-13.50739400635459,-46.00739400635459,-9.201478801270918,31.77026203858624,-0.7297379614137611,-0.14594759228275223,40.84350670326753,8.34350670326753,1.6687013406535058
2026-08-21T09:15:00+00:00,1,2000,77609.16681652045,77529.68347826,77655.85217391,77918.54891304,-10.241488411846245,-42.74148841184625,-8.54829768236925,6.015443703952794,-26.484556296047206,-5.296911259209441,39.86411775956489,7.364117759564891,1.4728235519129782
2026-08-21T09:57:00+00:00,1,2000,77718.88920782652,77651.24108696,77735.7476087,78056.07782609,-8.704205831561174,-41.204205831561175,-8.240841166312235,2.1691510320476226,-30.330848967952377,-6.0661697935904755,43.38567132139648,10.88567132139648,2.177134264279296
2026-08-21T11:12:00+00:00,1,2000,77461.03043738785,77402.0923913,77471.95108696,77772.06021739,-7.60873509622173,-40.10873509622173,-8.021747019244346,1.4098249804450624,-31.090175019554938,-6.2180350039109875,40.15306512783256,7.653065127832562,1.5306130255665125
2026-08-21T11:32:00+00:00,2,4000,76799.5859906725,76776.05891304,76864.72630435,77185.47434783,-3.063438080948,-35.563438080948,-14.225375232379202,8.48185740030205,-24.01814259969795,-9.60725703987918,50.246150702475404,17.746150702475404,7.098460280990161
2026-08-21T11:34:00+00:00,1,2000,76463.23936956133,76470.87152174,76503.815,76797.66391304,0.998146591957294,-31.501853408042706,-6.300370681608541,5.306553943205117,-27.193446056794883,-5.438689211358977,43.73664341662753,11.23664341662753,2.247328683325506
2026-08-21T11:58:00+00:00,1,2000,76588.52967390827,76713.66869565,76747.52217391,76905.36630435,16.33913358495498,-16.16086641504502,-3.232173283009004,20.75930960924177,-11.740690390758228,-2.3481380781516457,41.36867906861852,8.868679068618519,1.7737358137237038
2026-08-21T13:30:00+00:00,1,2000,76782.69142956132,76827.14434783,76926.29847826,77091.05782609,5.789445178470132,-26.71055482152987,-5.342110964305974,18.7030496098739,-13.7969503901261,-2.75939007802522,40.160925696588464,7.660925696588464,1.5321851393176928
2026-08-21T13:35:00+00:00,1,2000,76304.48043390828,76369.7176087,76373.02369565,76612.10326087,8.549586396597864,-23.950413603402136,-4.790082720680427,8.982861996038594,-23.517138003961406,-4.703427600792281,40.315172216942585,7.815172216942585,1.563034443388517
2026-08-22T05:09:00+00:00,1,2000,77847.71877652044,77855.02956522,77855.02956522,78169.15043478,0.9391140568348888,-31.56088594316511,-6.312177188633022,0.9391140568348888,-31.56088594316511,-6.312177188633022,41.28979799424614,8.789797994246143,1.7579595988492285
2026-08-22T05:10:00+00:00,5,10000,77231.56146198357,77145.16926957,77179.3874,77856.85217391,-11.186125306568151,-43.68612530656815,-43.68612530656815,-6.755536337206269,-39.255536337206266,-39.255536337206266,80.96310628579184,48.46310628579184,48.46310628579184
2026-08-22T05:11:00+00:00,3,6000,76716.10402129672,76675.63489565,76913.75717391,77167.48043913,-5.275179985089196,-37.775179985089196,-22.665107991053517,25.764232312737168,-6.7357676872628325,-4.0414606123576995,58.83724461658968,26.33724461658968,15.802346769953807
2026-08-22T05:16:00+00:00,3,6000,77007.89667902424,76848.47673913,77018.68782609,77460.97695652,-20.70176524346823,-53.20176524346823,-31.92105914608094,1.401303961168221,-31.09869603883178,-18.659217623299067,58.83556064181672,26.33556064181672,15.801336385090032
2026-08-23T05:14:00+00:00,2,4000,75933.47159485781,75922.31152174,75931.80086957,76308.18043478,-1.4697172252764457,-33.96971722527645,-13.58788689011058,-0.2200248787154191,-32.72002487871542,-13.088009951486168,49.34699178795077,16.84699178795077,6.738796715180308
2026-08-23T05:17:00+00:00,1,2000,75570.70384956131,75629.91913043,75791.45434783,75872.4476087,7.835745580269116,-24.664254419730884,-4.932850883946177,29.211121112242555,-3.288878887757445,-0.657775777551489,39.92866861996846,7.428668619968462,1.4857337239936925
2026-08-23T14:42:00+00:00,2,4000,77033.93810395892,76939.30369565,76950.27826087,77421.84326087,-12.284768329149376,-44.78476832914937,-17.91390733165975,-10.860128035518057,-43.36012803551806,-17.344051214207223,50.355098864034446,17.855098864034446,7.142039545613778
2026-08-23T22:01:00+00:00,1,2000,77630.28266609172,77626.92413043,77752.03173913,77942.56456522,-0.43263215672828537,-32.93263215672829,-6.586526431345657,15.683193317994615,-16.816806682005385,-3.3633613364010775,40.22681464029843,7.726814640298429,1.5453629280596857
2026-08-24T13:32:00+00:00,1,2000,78675.65785043869,78720.73543478,78720.73543478,78993.15478261,5.729546542465602,-26.770453457534398,-5.3540906915068796,5.729546542465602,-26.770453457534398,-5.3540906915068796,40.35516713122078,7.855167131220782,1.5710334262441563
2026-08-24T13:42:00+00:00,1,2000,78236.75529390828,78265.52978261,78276.13608696,78554.67586957,3.677873474381421,-28.82212652561858,-5.764425305123716,5.03354119221644,-27.46645880778356,-5.493291761556712,40.63570561782637,8.135705617826368,1.6271411235652735
2026-08-24T14:23:00+00:00,1,2000,79028.86175217349,79010.51,79096.96108696,79620.32086957,-2.322158230121385,-34.82215823012139,-6.964431646024277,8.617020829688737,-23.882979170311263,-4.7765958340622525,74.840900436004,42.340900436004006,8.468180087200802
2026-08-24T15:43:00+00:00,2,4000,79191.7394298488,79153.10847826,79173.25826087,79627.65413043,-4.878154194736251,-37.378154194736254,-14.951261677894502,-2.333724339415033,-34.833724339415035,-13.933489735766015,55.045476172088655,22.545476172088655,9.018190468835462
2026-08-25T07:49:00+00:00,1,2000,79850.84734434696,79799.23282609,79891.79891304,80165.14934783,-6.463866066991342,-38.96386606699134,-7.792773213398269,5.128507718452635,-27.371492281547365,-5.474298456309473,39.36113565929489,6.861135659294888,1.3722271318589776
2026-08-25T07:51:00+00:00,1,2000,79490.80395390828,79422.25369565,79529.945,79815.0926087,-8.623671525329613,-41.12367152532961,-8.224734305065923,4.923971597321497,-27.576028402678503,-5.515205680535701,40.7957447480034,8.2957447480034,1.6591489496006802
2026-08-25T21:07:00+00:00,1,2000,77929.70863043868,77927.70304348,77980.69413043,78253.04391304,-0.2573584572462817,-32.75735845724628,-6.551471691449256,6.542498475530234,-25.957501524469766,-5.191500304893953,41.49063152983912,8.99063152983912,1.798126305967824
2026-08-26T12:30:00+00:00,3,6000,78231.64567182232,78051.41717391,78290.41586957,78705.52478261,-23.03779964803132,-55.537799648031324,-33.32267978881879,7.512330495285102,-24.987669504714898,-14.992601702828939,60.57383897758895,28.07383897758895,16.844303386553367
2026-08-27T10:26:00+00:00,1,2000,79402.12076347957,79349.08565217,79484.73478261,79745.9473913,-6.679306648187389,-39.17930664818739,-7.835861329637478,10.404510400485734,-22.095489599514266,-4.419097919902853,43.30194515139052,10.80194515139052,2.160389030278104
2026-08-28T14:01:00+00:00,1,2000,79112.89145738784,79131.52,79182.03782609,79405.29,2.3546785193917508,-30.14532148060825,-6.02906429612165,8.740215081053382,-23.759784918946618,-4.751956983789324,36.959658182844635,4.459658182844635,0.8919316365689268
2026-08-28T14:02:00+00:00,1,2000,78865.30967478565,78809.8073913,78983.17934783,79154.88065217,-7.037604203232739,-39.53760420323274,-7.907520840646548,14.945693300438823,-17.554306699561177,-3.5108613399122355,36.717154675287574,4.217154675287574,0.8434309350575148
2026-08-30T23:23:00+00:00,2,4000,77963.0610274332,77892.27,77999.55413043,78356.71956522,-9.080072857616805,-41.580072857616805,-16.632029143046722,4.680819674840464,-27.819180325159536,-11.127672130063814,50.492955586785015,17.992955586785015,7.197182234714005
2026-09-01T13:06:00+00:00,1,2000,77570.11214086741,77567.84891304,77688.19195652,77885.71043478,-0.29176544482756306,-32.79176544482756,-6.558353088965513,15.22233401418216,-17.27766598581784,-3.4555331971635677,40.685553391939244,8.185553391939244,1.6371106783878488
2026-09-04T12:30:00+00:00,5,10000,80685.55963605104,80302.76381522,80320.96423587,81335.08108696,-47.44291575316861,-79.94291575316862,-79.94291575316862,-45.18719357288092,-77.68719357288091,-77.68719357288091,80.50033411663327,48.00033411663327,48.00033411663327
2026-09-04T12:31:00+00:00,3,6000,79838.82296803323,79728.11152174,79908.88913043,80316.78856304,-13.86686854559005,-46.36686854559005,-27.820121127354035,8.775951321930986,-23.724048678069014,-14.234429206841407,59.86631280851196,27.366312808511957,16.419787685107174
2026-09-04T12:45:00+00:00,1,2000,79415.70360521437,79421.48673913,79432.06673913,79723.17456522,0.7282103731509615,-31.77178962684904,-6.354357925369808,2.0604405895552347,-30.439559410444765,-6.087911882088953,38.716644951497514,6.216644951497514,1.2433289902995028
