minute_utc,minute_ms,anchor_source,anchor_price,prev_spot_close,prev_index_close,prev_gap_bp,spot_open,spot_low,spot_close,index_low,index_close,filled_layers_proxy,capital_proxy_usd,qty_proxy_btc,entry_proxy,deepest_filled_bp,index_low_edge_proxy_bp,index_close_edge_proxy_bp,levels_json
2026-01-06 17:40:00,1767721200000,prev_completed_binance_index_close,92588.16065217,92588.03,92588.16065217,-0.014111109788439435,92588.03,92060.0,92073.35,92384.4273913,92384.4273913,1,2000,0.021687785072842285,92217.80800956133,40,18.06802670059282,18.06802670059282,"[{""offset_bp"":40,""limit_px"":92217.80800956133,""price_through"":true},{""offset_bp"":60,""limit_px"":92032.63168825698,""price_through"":false},{""offset_bp"":80,""limit_px"":91847.45536695264,""price_through"":false},{""offset_bp"":100,""limit_px"":91662.2790456483,""price_through"":false},{""offset_bp"":120,""limit_px"":91477.10272434396,""price_through"":false}]"
2026-01-06 17:41:00,1767721260000,prev_completed_binance_index_close,92384.4273913,92073.35,92384.4273913,-33.672059251113055,92073.35,92010.03,92191.52,92104.47652174,92211.80434783,1,2000,0.021735612648319084,92014.8896817348,40,9.73612426369952,21.400304535090786,"[{""offset_bp"":40,""limit_px"":92014.8896817348,""price_through"":true},{""offset_bp"":60,""limit_px"":91830.1208269522,""price_through"":false},{""offset_bp"":80,""limit_px"":91645.3519721696,""price_through"":false},{""offset_bp"":100,""limit_px"":91460.58311738701,""price_through"":false},{""offset_bp"":120,""limit_px"":91275.8142626044,""price_through"":false}]"
2026-01-12 17:32:00,1768239120000,prev_completed_binance_index_close,91525.53152174,91466.96,91525.53152174,-6.399473542100242,91466.96,91136.67,91212.03,91161.58804348,91201.8126087,1,2000,0.02193958445395195,91159.42939565305,40,0.23679918152996748,4.649350410366182,"[{""offset_bp"":40,""limit_px"":91159.42939565305,""price_through"":true},{""offset_bp"":60,""limit_px"":90976.37833260956,""price_through"":false},{""offset_bp"":80,""limit_px"":90793.32726956609,""price_through"":false},{""offset_bp"":100,""limit_px"":90610.2762065226,""price_through"":false},{""offset_bp"":120,""limit_px"":90427.22514347913,""price_through"":false}]"
2026-01-13 13:33:00,1768311180000,prev_completed_binance_index_close,92568.75195652,92574.39,92568.75195652,0.6090655173407455,92574.38,92115.2,92248.0,92170.91913043,92204.23043478,1,2000,0.021692332305152377,92198.47694869392,40,-2.98896675692939,0.6240326604611823,"[{""offset_bp"":40,""limit_px"":92198.47694869392,""price_through"":true},{""offset_bp"":60,""limit_px"":92013.33944478088,""price_through"":false},{""offset_bp"":80,""limit_px"":91828.20194086785,""price_through"":false},{""offset_bp"":100,""limit_px"":91643.06443695481,""price_through"":false},{""offset_bp"":120,""limit_px"":91457.92693304176,""price_through"":false}]"
2026-01-13 22:11:00,1768342260000,prev_completed_binance_index_close,95809.8,95862.62,95809.8,5.513005976423013,95862.62,95306.86,95306.88,95421.73804348,95421.73804348,1,2000,0.020958525417170856,95426.5608,40,-0.505389325526906,-0.505389325526906,"[{""offset_bp"":40,""limit_px"":95426.5608,""price_through"":true},{""offset_bp"":60,""limit_px"":95234.9412,""price_through"":false},{""offset_bp"":80,""limit_px"":95043.3216,""price_through"":false},{""offset_bp"":100,""limit_px"":94851.702,""price_through"":false},{""offset_bp"":120,""limit_px"":94660.0824,""price_through"":false}]"
2026-01-18 23:46:00,1768779960000,prev_completed_binance_index_close,94448.95217391,94449.23,94448.95217391,0.029415476148209052,94449.24,93928.0,94158.13,93942.06369565,94123.41456522,1,2000,0.02126050191448013,94071.15636521437,40,-13.72287474209366,5.555177806335632,"[{""offset_bp"":40,""limit_px"":94071.15636521437,""price_through"":true},{""offset_bp"":60,""limit_px"":93882.25846086653,""price_through"":false},{""offset_bp"":80,""limit_px"":93693.36055651872,""price_through"":false},{""offset_bp"":100,""limit_px"":93504.4626521709,""price_through"":false},{""offset_bp"":120,""limit_px"":93315.56474782308,""price_through"":false}]"
2026-01-19 00:01:00,1768780860000,prev_completed_binance_index_close,93365.77456522,93365.03,93365.77456522,-0.0797471261249072,93365.03,92789.84,92792.2,92928.06586957,92928.06586957,2,4000,0.04305758273673922,92898.85185744458,60,3.144711860405547,3.144711860405547,"[{""offset_bp"":40,""limit_px"":92992.31146695912,""price_through"":true},{""offset_bp"":60,""limit_px"":92805.57991782867,""price_through"":true},{""offset_bp"":80,""limit_px"":92618.84836869824,""price_through"":false},{""offset_bp"":100,""limit_px"":92432.11681956779,""price_through"":false},{""offset_bp"":120,""limit_px"":92245.38527043736,""price_through"":false}]"
2026-01-19 00:02:00,1768780920000,prev_completed_binance_index_close,92928.06586957,92792.2,92928.06586957,-14.620542061071218,92792.19,92164.46,92209.91,92390.49600435,92390.49600435,3,6000,0.0649559800787415,92370.24817001651,80,2.192029872674084,2.192029872674084,"[{""offset_bp"":40,""limit_px"":92556.35360609171,""price_through"":true},{""offset_bp"":60,""limit_px"":92370.49747435258,""price_through"":true},{""offset_bp"":80,""limit_px"":92184.64134261344,""price_through"":true},{""offset_bp"":100,""limit_px"":91998.7852108743,""price_through"":false},{""offset_bp"":120,""limit_px"":91812.92907913515,""price_through"":false}]"
2026-01-19 00:03:00,1768780980000,prev_completed_binance_index_close,92390.49600435,92209.91,92390.49600435,-19.545950304401536,92209.91,91910.2,92793.11,92142.15306087,92854.0476087,1,2000,0.02173418495793672,92020.9340203326,40,13.17298523731747,90.53522410273685,"[{""offset_bp"":40,""limit_px"":92020.9340203326,""price_through"":true},{""offset_bp"":60,""limit_px"":91836.1530283239,""price_through"":false},{""offset_bp"":80,""limit_px"":91651.37203631521,""price_through"":false},{""offset_bp"":100,""limit_px"":91466.59104430651,""price_through"":false},{""offset_bp"":120,""limit_px"":91281.8100522978,""price_through"":false}]"
2026-01-19 00:20:00,1768782000000,prev_completed_binance_index_close,92786.44478261,92792.38,92786.44478261,0.6396642746597792,92792.38,92354.63,92366.21,92397.21978261,92412.23847826,1,2000,0.02164143839349259,92415.29900347955,40,-1.9563017232537838,-0.3311708399533764,"[{""offset_bp"":40,""limit_px"":92415.29900347955,""price_through"":true},{""offset_bp"":60,""limit_px"":92229.72611391434,""price_through"":false},{""offset_bp"":80,""limit_px"":92044.15322434911,""price_through"":false},{""offset_bp"":100,""limit_px"":91858.5803347839,""price_through"":false},{""offset_bp"":120,""limit_px"":91673.00744521867,""price_through"":false}]"
2026-01-19 00:30:00,1768782600000,prev_completed_binance_index_close,92640.6623913,92638.36,92640.6623913,-0.2485292354958979,92638.35,92269.55,92360.0,92313.91,92395.95434783,1,2000,0.02167549407227288,92270.0997417348,40,4.74804496666037,13.63980384192498,"[{""offset_bp"":40,""limit_px"":92270.0997417348,""price_through"":true},{""offset_bp"":60,""limit_px"":92084.8184169522,""price_through"":false},{""offset_bp"":80,""limit_px"":91899.53709216959,""price_through"":false},{""offset_bp"":100,""limit_px"":91714.25576738699,""price_through"":false},{""offset_bp"":120,""limit_px"":91528.97444260439,""price_through"":false}]"
2026-01-20 22:33:00,1768948380000,prev_completed_binance_index_close,89471.80717391,89476.01,89471.80717391,0.46973747627854223,89476.0,87900.0,88218.19,88082.754775,88217.82410217,5,10000,0.11266931374218445,88755.31116558054,120,-75.77646697963125,-60.558298579768135,"[{""offset_bp"":40,""limit_px"":89113.91994521435,""price_through"":true},{""offset_bp"":60,""limit_px"":88934.97633086654,""price_through"":true},{""offset_bp"":80,""limit_px"":88756.03271651872,""price_through"":true},{""offset_bp"":100,""limit_px"":88577.0891021709,""price_through"":true},{""offset_bp"":120,""limit_px"":88398.14548782307,""price_through"":true}]"
2026-01-21 16:40:00,1769013600000,prev_completed_binance_index_close,88850.94826087,88872.75,88850.94826087,2.453742988310914,88872.76,88432.06,88475.83,88448.31869565,88463.3026087,1,2000,0.022600007853809192,88495.54446782652,40,-5.3365141104577685,-3.6433313474038,"[{""offset_bp"":40,""limit_px"":88495.54446782652,""price_through"":true},{""offset_bp"":60,""limit_px"":88317.84257130479,""price_through"":false},{""offset_bp"":80,""limit_px"":88140.14067478305,""price_through"":false},{""offset_bp"":100,""limit_px"":87962.4387782613,""price_through"":false},{""offset_bp"":120,""limit_px"":87784.73688173956,""price_through"":false}]"
2026-01-21 16:56:00,1769014560000,prev_completed_binance_index_close,88090.75413043,88086.04,88090.75413043,-0.5351447466350745,88086.04,87693.0,87826.45,87713.215,87820.80913043,1,2000,0.022795038461594953,87738.39111390828,40,-2.8694524242633968,9.393609282706272,"[{""offset_bp"":40,""limit_px"":87738.39111390828,""price_through"":true},{""offset_bp"":60,""limit_px"":87562.20960564741,""price_through"":false},{""offset_bp"":80,""limit_px"":87386.02809738656,""price_through"":false},{""offset_bp"":100,""limit_px"":87209.8465891257,""price_through"":false},{""offset_bp"":120,""limit_px"":87033.66508086484,""price_through"":false}]"
2026-01-21 19:51:00,1769025060000,prev_completed_binance_index_close,90330.96478261,90310.01,90330.96478261,-2.3197784569706226,90310.0,89900.0,89911.0,89900.48717391,89923.43804348,1,2000,0.0222297208199489,89969.64092347956,40,-7.686342732918794,-5.135385617338617,"[{""offset_bp"":40,""limit_px"":89969.64092347956,""price_through"":true},{""offset_bp"":60,""limit_px"":89788.97899391434,""price_through"":false},{""offset_bp"":80,""limit_px"":89608.31706434912,""price_through"":false},{""offset_bp"":100,""limit_px"":89427.6551347839,""price_through"":false},{""offset_bp"":120,""limit_px"":89246.99320521868,""price_through"":false}]"
2026-01-25 18:44:00,1769366640000,prev_completed_binance_index_close,87305.03434783,87300.01,87305.03434783,-0.575493482998235,87300.0,86827.1,87079.93,86926.93869565,87020.03826087,1,2000,0.023000187142861672,86955.81421043868,40,-3.3207112199307165,7.385825894965503,"[{""offset_bp"":40,""limit_px"":86955.81421043868,""price_through"":true},{""offset_bp"":60,""limit_px"":86781.20414174303,""price_through"":false},{""offset_bp"":80,""limit_px"":86606.59407304737,""price_through"":false},{""offset_bp"":100,""limit_px"":86431.9840043517,""price_through"":false},{""offset_bp"":120,""limit_px"":86257.37393565604,""price_through"":false}]"
2026-01-25 19:20:00,1769368800000,prev_completed_binance_index_close,87094.12152174,87091.0,87094.12152174,-0.3584078564045079,87090.99,86622.45,86748.69,86690.17108696,86785.24021739,1,2000,0.02305588590170028,86745.74503565305,40,-6.406533100867806,4.552982018970475,"[{""offset_bp"":40,""limit_px"":86745.74503565305,""price_through"":true},{""offset_bp"":60,""limit_px"":86571.55679260957,""price_through"":false},{""offset_bp"":80,""limit_px"":86397.36854956608,""price_through"":false},{""offset_bp"":100,""limit_px"":86223.1803065226,""price_through"":false},{""offset_bp"":120,""limit_px"":86048.99206347912,""price_through"":false}]"
2026-01-25 19:53:00,1769370780000,prev_completed_binance_index_close,86541.17847826,86544.77,86541.17847826,0.4150072604924837,86544.77,86194.85,86325.99,86248.03869565,86319.49521739,1,2000,0.02320319833659873,86195.01376434696,40,6.15173998904428,14.441839220926678,"[{""offset_bp"":40,""limit_px"":86195.01376434696,""price_through"":true},{""offset_bp"":60,""limit_px"":86021.93140739044,""price_through"":false},{""offset_bp"":80,""limit_px"":85848.84905043391,""price_through"":false},{""offset_bp"":100,""limit_px"":85675.7666934774,""price_through"":false},{""offset_bp"":120,""limit_px"":85502.68433652088,""price_through"":false}]"
2026-01-26 15:40:00,1769442000000,prev_completed_binance_index_close,88226.3226087,88227.79,88226.3226087,0.16632125839688428,88227.79,87728.95,87754.37,87882.42304348,87893.32195652,1,2000,0.022760011628502858,87873.41731826519,40,1.0248520530620198,2.265148990703292,"[{""offset_bp"":40,""limit_px"":87873.41731826519,""price_through"":true},{""offset_bp"":60,""limit_px"":87696.9646730478,""price_through"":false},{""offset_bp"":80,""limit_px"":87520.5120278304,""price_through"":false},{""offset_bp"":100,""limit_px"":87344.05938261299,""price_through"":false},{""offset_bp"":120,""limit_px"":87167.60673739559,""price_through"":false}]"
2026-01-28 18:00:00,1769623200000,prev_completed_binance_index_close,90177.37978261,90169.88,90177.37978261,-0.8316700516342035,90169.89,89806.02,89883.19,89897.71673913,89910.27891304,1,2000,0.022267581219977843,89816.67026347957,40,9.023544895694346,10.422191034897832,"[{""offset_bp"":40,""limit_px"":89816.67026347957,""price_through"":true},{""offset_bp"":60,""limit_px"":89636.31550391435,""price_through"":false},{""offset_bp"":80,""limit_px"":89455.96074434913,""price_through"":false},{""offset_bp"":100,""limit_px"":89275.6059847839,""price_through"":false},{""offset_bp"":120,""limit_px"":89095.25122521869,""price_through"":false}]"
2026-01-28 18:01:00,1769623260000,prev_completed_binance_index_close,89910.27891304,89883.19,89910.27891304,-3.0128827724140717,89883.2,89500.0,89540.0,89600.19804348,89601.81608696,1,2000,0.02233373261422309,89550.63779738784,40,5.53432642258711,5.715011174789453,"[{""offset_bp"":40,""limit_px"":89550.63779738784,""price_through"":true},{""offset_bp"":60,""limit_px"":89370.81723956176,""price_through"":false},{""offset_bp"":80,""limit_px"":89190.99668173569,""price_through"":false},{""offset_bp"":100,""limit_px"":89011.17612390961,""price_through"":false},{""offset_bp"":120,""limit_px"":88831.35556608353,""price_through"":false}]"
2026-01-29 02:31:00,1769653860000,prev_completed_binance_index_close,88550.79456522,88532.01,88550.79456522,-2.1213322039892457,88532.01,88081.97,88239.05,88173.74826087,88192.09217391,1,2000,0.02267661333106489,88196.59138695912,40,-2.590023687979448,-0.5101345730440521,"[{""offset_bp"":40,""limit_px"":88196.59138695912,""price_through"":true},{""offset_bp"":60,""limit_px"":88019.48979782868,""price_through"":false},{""offset_bp"":80,""limit_px"":87842.38820869823,""price_through"":false},{""offset_bp"":100,""limit_px"":87665.28661956779,""price_through"":false},{""offset_bp"":120,""limit_px"":87488.18503043737,""price_through"":false}]"
2026-01-29 15:00:00,1769698800000,prev_completed_binance_index_close,87021.06978261,87014.4,87021.06978261,-0.766456057902376,87014.4,86668.29,86827.5,86719.76978261,86833.68130435,1,2000,0.02307524066907455,86672.98550347955,40,5.397792502321863,18.540471397976432,"[{""offset_bp"":40,""limit_px"":86672.98550347955,""price_through"":true},{""offset_bp"":60,""limit_px"":86498.94336391434,""price_through"":false},{""offset_bp"":80,""limit_px"":86324.90122434912,""price_through"":false},{""offset_bp"":100,""limit_px"":86150.8590847839,""price_through"":false},{""offset_bp"":120,""limit_px"":85976.81694521867,""price_through"":false}]"
2026-01-29 15:12:00,1769699520000,prev_completed_binance_index_close,86006.47347826,86008.54,86006.47347826,0.24027513934932188,86008.53,85566.48,85792.17,85653.33304348,85757.34304348,1,2000,0.02334745336374744,85662.44758434696,40,-1.0640065891154293,11.077836532700225,"[{""offset_bp"":40,""limit_px"":85662.44758434696,""price_through"":true},{""offset_bp"":60,""limit_px"":85490.43463739044,""price_through"":false},{""offset_bp"":80,""limit_px"":85318.42169043391,""price_through"":false},{""offset_bp"":100,""limit_px"":85146.4087434774,""price_through"":false},{""offset_bp"":120,""limit_px"":84974.39579652088,""price_through"":false}]"
2026-01-29 15:40:00,1769701200000,prev_completed_binance_index_close,85129.58304348,85100.01,85129.58304348,-3.473885625036033,85100.01,84680.0,84721.77,84738.75108696,84738.75108696,1,2000,0.023587947417626282,84789.06471130608,40,-5.933975627329113,-5.933975627329113,"[{""offset_bp"":40,""limit_px"":84789.06471130608,""price_through"":true},{""offset_bp"":60,""limit_px"":84618.80554521912,""price_through"":false},{""offset_bp"":80,""limit_px"":84448.54637913217,""price_through"":false},{""offset_bp"":100,""limit_px"":84278.2872130452,""price_through"":false},{""offset_bp"":120,""limit_px"":84108.02804695824,""price_through"":false}]"
2026-01-30 01:22:00,1769736120000,prev_completed_binance_index_close,83853.31630435,83846.4,83853.31630435,-0.8248098769159107,83846.4,83500.0,83594.62,83621.22826087,83655.56782609,1,2000,0.023946961396563,83517.9030391326,40,12.371625481184534,16.483266694675702,"[{""offset_bp"":40,""limit_px"":83517.9030391326,""price_through"":true},{""offset_bp"":60,""limit_px"":83350.1964065239,""price_through"":false},{""offset_bp"":80,""limit_px"":83182.4897739152,""price_through"":false},{""offset_bp"":100,""limit_px"":83014.7831413065,""price_through"":false},{""offset_bp"":120,""limit_px"":82847.07650869779,""price_through"":false}]"
2026-01-30 01:37:00,1769737020000,prev_completed_binance_index_close,83616.81043478,83589.98,83616.81043478,-3.2087369322619796,83589.98,83215.07,83224.41,83256.96913043,83256.96913043,1,2000,0.02401469415148638,83282.34319304087,40,-3.0467517649024334,-3.0467517649024334,"[{""offset_bp"":40,""limit_px"":83282.34319304087,""price_through"":true},{""offset_bp"":60,""limit_px"":83115.10957217132,""price_through"":false},{""offset_bp"":80,""limit_px"":82947.87595130176,""price_through"":false},{""offset_bp"":100,""limit_px"":82780.6423304322,""price_through"":false},{""offset_bp"":120,""limit_px"":82613.40870956263,""price_through"":false}]"
2026-01-30 01:39:00,1769737140000,prev_completed_binance_index_close,83307.94695652,83299.24,83307.94695652,-1.0451531742272646,83299.25,82327.13,82885.07,82425.94267065,82924.12826087,4,8000,0.09670668777597644,82724.3718503958,100,-36.0751218861477,24.14722602372299,"[{""offset_bp"":40,""limit_px"":82974.71516869392,""price_through"":true},{""offset_bp"":60,""limit_px"":82808.09927478088,""price_through"":true},{""offset_bp"":80,""limit_px"":82641.48338086784,""price_through"":true},{""offset_bp"":100,""limit_px"":82474.8674869548,""price_through"":true},{""offset_bp"":120,""limit_px"":82308.25159304176,""price_through"":false}]"
2026-01-30 01:40:00,1769737200000,prev_completed_binance_index_close,82924.12826087,82885.07,82924.12826087,-4.710120165161147,82885.06,82550.0,82819.98,82653.92195652,82804.51630435,1,2000,0.024215293794792907,82592.43174782651,40,7.445017345080185,25.678449227772848,"[{""offset_bp"":40,""limit_px"":82592.43174782651,""price_through"":true},{""offset_bp"":60,""limit_px"":82426.58349130477,""price_through"":false},{""offset_bp"":80,""limit_px"":82260.73523478303,""price_through"":false},{""offset_bp"":100,""limit_px"":82094.8869782613,""price_through"":false},{""offset_bp"":120,""limit_px"":81929.03872173956,""price_through"":false}]"
2026-01-30 01:41:00,1769737260000,prev_completed_binance_index_close,82804.51630435,82819.98,82804.51630435,1.8674942310092923,82819.98,82000.0,82244.63,82115.15978261,82142.07326087,3,6000,0.07289739575548565,82307.46706131117,80,-23.36449967023202,-20.094628877105336,"[{""offset_bp"":40,""limit_px"":82473.29823913261,""price_through"":true},{""offset_bp"":60,""limit_px"":82307.68920652391,""price_through"":true},{""offset_bp"":80,""limit_px"":82142.08017391521,""price_through"":true},{""offset_bp"":100,""limit_px"":81976.47114130651,""price_through"":false},{""offset_bp"":120,""limit_px"":81810.86210869781,""price_through"":false}]"
2026-01-30 01:42:00,1769737320000,prev_completed_binance_index_close,82142.07326087,82244.63,82142.07326087,12.485287387902222,82244.63,81234.0,81234.0,81519.9295587,81519.9295587,4,8000,0.0980792825863531,81566.66514109609,100,-5.729740490830748,-5.729740490830748,"[{""offset_bp"":40,""limit_px"":81813.50496782652,""price_through"":true},{""offset_bp"":60,""limit_px"":81649.22082130479,""price_through"":true},{""offset_bp"":80,""limit_px"":81484.93667478305,""price_through"":true},{""offset_bp"":100,""limit_px"":81320.6525282613,""price_through"":true},{""offset_bp"":120,""limit_px"":81156.36838173956,""price_through"":false}]"
2026-01-30 01:43:00,1769737380000,prev_completed_binance_index_close,81519.9295587,81234.0,81519.9295587,-35.07480443712963,81235.21,81118.0,81935.33,81300.09191739,81938.58391304,1,2000,0.02463240755216961,81193.84984046519,40,13.08499069000435,91.72296596824836,"[{""offset_bp"":40,""limit_px"":81193.84984046519,""price_through"":true},{""offset_bp"":60,""limit_px"":81030.80998134779,""price_through"":false},{""offset_bp"":80,""limit_px"":80867.77012223039,""price_through"":false},{""offset_bp"":100,""limit_px"":80704.730263113,""price_through"":false},{""offset_bp"":120,""limit_px"":80541.6904039956,""price_through"":false}]"
2026-01-30 01:45:00,1769737500000,prev_completed_binance_index_close,82007.71304348,82035.92,82007.71304348,3.439549217161275,82035.91,81593.75,81940.51,81701.38021739,81951.33956522,1,2000,0.02448589350918016,81679.68219130608,40,2.656477780251798,33.258867643197746,"[{""offset_bp"":40,""limit_px"":81679.68219130608,""price_through"":true},{""offset_bp"":60,""limit_px"":81515.66676521912,""price_through"":false},{""offset_bp"":80,""limit_px"":81351.65133913216,""price_through"":false},{""offset_bp"":100,""limit_px"":81187.6359130452,""price_through"":false},{""offset_bp"":120,""limit_px"":81023.62048695824,""price_through"":false}]"
2026-01-30 02:16:00,1769739360000,prev_completed_binance_index_close,82094.56282609,82067.21,82094.56282609,-3.3318681710914344,82067.21,81758.0,81894.5,81801.32347826,81901.10934783,1,2000,0.024459989302432768,81766.18457478564,40,4.297486015409913,16.501292526491795,"[{""offset_bp"":40,""limit_px"":81766.18457478564,""price_through"":true},{""offset_bp"":60,""limit_px"":81601.99544913345,""price_through"":false},{""offset_bp"":80,""limit_px"":81437.80632348127,""price_through"":false},{""offset_bp"":100,""limit_px"":81273.6171978291,""price_through"":false},{""offset_bp"":120,""limit_px"":81109.42807217692,""price_through"":false}]"
2026-01-31 14:26:00,1769869560000,prev_completed_binance_index_close,81997.91043478,81986.86,81997.91043478,-1.3476483390140181,81986.86,81307.56,81585.14,81461.15891304,81680.50195652,3,6000,0.07361448070290649,81505.70299089407,80,-5.465148599362868,21.446225136596553,"[{""offset_bp"":40,""limit_px"":81669.91879304088,""price_through"":true},{""offset_bp"":60,""limit_px"":81505.92297217132,""price_through"":true},{""offset_bp"":80,""limit_px"":81341.92715130176,""price_through"":true},{""offset_bp"":100,""limit_px"":81177.9313304322,""price_through"":false},{""offset_bp"":120,""limit_px"":81013.93550956264,""price_through"":false}]"
2026-01-31 14:27:00,1769869620000,prev_completed_binance_index_close,81680.50195652,81585.14,81680.50195652,-11.674996386624725,81585.14,81299.98,81539.56,81465.77782609,81539.00543478,1,2000,0.024583983697638978,81353.77994869392,40,13.766769960377179,22.76790165163689,"[{""offset_bp"":40,""limit_px"":81353.77994869392,""price_through"":true},{""offset_bp"":60,""limit_px"":81190.41894478089,""price_through"":false},{""offset_bp"":80,""limit_px"":81027.05794086785,""price_through"":false},{""offset_bp"":100,""limit_px"":80863.6969369548,""price_through"":false},{""offset_bp"":120,""limit_px"":80700.33593304176,""price_through"":false}]"
2026-01-31 14:36:00,1769870160000,prev_completed_binance_index_close,81530.5223913,81532.16,81530.5223913,0.2008583597867819,81532.17,81183.89,81233.93,81235.49869565,81276.6323913,1,2000,0.024629207192818504,81204.4003017348,40,3.829643935506777,8.895095499357186,"[{""offset_bp"":40,""limit_px"":81204.4003017348,""price_through"":true},{""offset_bp"":60,""limit_px"":81041.3392569522,""price_through"":false},{""offset_bp"":80,""limit_px"":80878.2782121696,""price_through"":false},{""offset_bp"":100,""limit_px"":80715.21716738699,""price_through"":false},{""offset_bp"":120,""limit_px"":80552.1561226044,""price_through"":false}]"
2026-01-31 14:38:00,1769870280000,prev_completed_binance_index_close,81166.79,81175.96,81166.79,1.1297724106151819,81175.97,80825.76,81178.49,80890.41043478,81193.87543478,1,2000,0.02473957795440791,80842.12284,40,5.973073576455157,43.51105369612584,"[{""offset_bp"":40,""limit_px"":80842.12284,""price_through"":true},{""offset_bp"":60,""limit_px"":80679.78925999999,""price_through"":false},{""offset_bp"":80,""limit_px"":80517.45568,""price_through"":false},{""offset_bp"":100,""limit_px"":80355.1221,""price_through"":false},{""offset_bp"":120,""limit_px"":80192.78851999999,""price_through"":false}]"
2026-01-31 16:16:00,1769876160000,prev_completed_binance_index_close,81017.805,81014.23,81017.805,-0.44126102897945607,81014.23,80666.0,80666.0,80844.28913043,80868.41804348,1,2000,0.02478507197910455,80693.73378,40,18.65762598623588,21.647810219842523,"[{""offset_bp"":40,""limit_px"":80693.73378,""price_through"":true},{""offset_bp"":60,""limit_px"":80531.69816999999,""price_through"":false},{""offset_bp"":80,""limit_px"":80369.66256,""price_through"":false},{""offset_bp"":100,""limit_px"":80207.62694999999,""price_through"":false},{""offset_bp"":120,""limit_px"":80045.59134,""price_through"":false}]"
2026-01-31 16:17:00,1769876220000,prev_completed_binance_index_close,80868.41804348,80666.0,80868.41804348,-25.030543242624546,80666.0,80500.0,81108.73,80597.38978261,81107.51,1,2000,0.02483085705268045,80544.94437130608,40,6.51132255578446,69.8449335442497,"[{""offset_bp"":40,""limit_px"":80544.94437130608,""price_through"":true},{""offset_bp"":60,""limit_px"":80383.20753521912,""price_through"":false},{""offset_bp"":80,""limit_px"":80221.47069913216,""price_through"":false},{""offset_bp"":100,""limit_px"":80059.73386304518,""price_through"":false},{""offset_bp"":120,""limit_px"":79897.99702695823,""price_through"":false}]"
2026-01-31 16:47:00,1769878020000,prev_completed_binance_index_close,80862.06217391,80809.29,80862.06217391,-6.526196895215719,80809.29,80227.02,80291.34,80299.02521739,80357.61717391,2,4000,0.04971558299460216,80457.67059463625,60,-19.717868547990403,-12.435535355024285,"[{""offset_bp"":40,""limit_px"":80538.61392521436,""price_through"":true},{""offset_bp"":60,""limit_px"":80376.88980086654,""price_through"":true},{""offset_bp"":80,""limit_px"":80215.16567651872,""price_through"":false},{""offset_bp"":100,""limit_px"":80053.4415521709,""price_through"":false},{""offset_bp"":120,""limit_px"":79891.71742782308,""price_through"":false}]"
2026-01-31 17:08:00,1769879280000,prev_completed_binance_index_close,80169.93978261,80162.82,80169.93978261,-0.8880863113158721,80162.82,79402.72,79474.71,79521.65782609,79521.65782609,3,6000,0.07529297903612885,79688.7050666562,80,-20.962473969989848,-20.962473969989848,"[{""offset_bp"":40,""limit_px"":79849.26002347957,""price_through"":true},{""offset_bp"":60,""limit_px"":79688.92014391434,""price_through"":true},{""offset_bp"":80,""limit_px"":79528.58026434912,""price_through"":true},{""offset_bp"":100,""limit_px"":79368.2403847839,""price_through"":false},{""offset_bp"":120,""limit_px"":79207.90050521868,""price_through"":false}]"
2026-01-31 17:10:00,1769879400000,prev_completed_binance_index_close,79534.28217391,79507.43,79534.28217391,-3.3761760559170018,79507.43,79041.14,79418.56,79177.34543478,79366.50673913,2,4000,0.05054555662338568,79136.53082908852,60,5.157492407599218,29.060650957541956,"[{""offset_bp"":40,""limit_px"":79216.14504521436,""price_through"":true},{""offset_bp"":60,""limit_px"":79057.07648086654,""price_through"":true},{""offset_bp"":80,""limit_px"":78898.00791651872,""price_through"":false},{""offset_bp"":100,""limit_px"":78738.9393521709,""price_through"":false},{""offset_bp"":120,""limit_px"":78579.87078782308,""price_through"":false}]"
2026-01-31 17:11:00,1769879460000,prev_completed_binance_index_close,79366.50673913,79418.56,79366.50673913,6.55859291389671,79418.57,78791.97,78851.01,78930.50717391,78930.50717391,2,4000,0.05065240651620709,78969.59444010095,60,-4.949660241778675,-4.949660241778675,"[{""offset_bp"":40,""limit_px"":79049.04071217348,""price_through"":true},{""offset_bp"":60,""limit_px"":78890.30769869522,""price_through"":true},{""offset_bp"":80,""limit_px"":78731.57468521695,""price_through"":false},{""offset_bp"":100,""limit_px"":78572.8416717387,""price_through"":false},{""offset_bp"":120,""limit_px"":78414.10865826043,""price_through"":false}]"
2026-01-31 17:12:00,1769879520000,prev_completed_binance_index_close,78930.50717391,78851.01,78930.50717391,-10.07179311984463,78851.0,78159.9,78810.82,78396.85061304,78805.07369565,3,6000,0.07647529214629203,78456.71237871714,80,-7.629910030919618,44.40172247484497,"[{""offset_bp"":40,""limit_px"":78614.78514521435,""price_through"":true},{""offset_bp"":60,""limit_px"":78456.92413086654,""price_through"":true},{""offset_bp"":80,""limit_px"":78299.06311651871,""price_through"":true},{""offset_bp"":100,""limit_px"":78141.2021021709,""price_through"":false},{""offset_bp"":120,""limit_px"":77983.34108782308,""price_through"":false}]"
2026-01-31 17:14:00,1769879640000,prev_completed_binance_index_close,79260.34217391,79298.33,79260.34217391,4.79279107913122,79298.34,78807.32,78846.77,78923.62543478,78923.62543478,1,2000,0.02533463865331428,78943.30080521436,40,-2.4923420016231823,-2.4923420016231823,"[{""offset_bp"":40,""limit_px"":78943.30080521436,""price_through"":true},{""offset_bp"":60,""limit_px"":78784.78012086655,""price_through"":false},{""offset_bp"":80,""limit_px"":78626.25943651873,""price_through"":false},{""offset_bp"":100,""limit_px"":78467.7387521709,""price_through"":false},{""offset_bp"":120,""limit_px"":78309.21806782308,""price_through"":false}]"
2026-01-31 17:20:00,1769880000000,prev_completed_binance_index_close,79094.05021739,79075.41,79094.05021739,-2.3567154974069027,79075.41,78637.54,78915.38,78761.46391304,78963.525,1,2000,0.025387903679163982,78777.67401652044,40,-2.0577027289525596,23.59183433628509,"[{""offset_bp"":40,""limit_px"":78777.67401652044,""price_through"":true},{""offset_bp"":60,""limit_px"":78619.48591608566,""price_through"":false},{""offset_bp"":80,""limit_px"":78461.29781565088,""price_through"":false},{""offset_bp"":100,""limit_px"":78303.1097152161,""price_through"":false},{""offset_bp"":120,""limit_px"":78144.92161478133,""price_through"":false}]"
2026-01-31 17:33:00,1769880780000,prev_completed_binance_index_close,78958.19913043,78945.78,78958.19913043,-1.572874073468844,78945.78,78506.66,78538.66,78577.95434783,78577.95434783,1,2000,0.025431584694542167,78642.36633390829,40,-8.19049439646724,-8.19049439646724,"[{""offset_bp"":40,""limit_px"":78642.36633390829,""price_through"":true},{""offset_bp"":60,""limit_px"":78484.44993564743,""price_through"":false},{""offset_bp"":80,""limit_px"":78326.53353738657,""price_through"":false},{""offset_bp"":100,""limit_px"":78168.61713912571,""price_through"":false},{""offset_bp"":120,""limit_px"":78010.70074086484,""price_through"":false}]"
2026-01-31 18:37:00,1769884620000,prev_completed_binance_index_close,78218.83804348,78200.01,78218.83804348,-2.4070983347446173,78200.01,77737.0,77755.0,77822.66021739,77857.91369565,2,4000,0.05139560576043102,77827.66524136507,60,-0.643090597610696,3.8865940782262243,"[{""offset_bp"":40,""limit_px"":77905.96269130608,""price_through"":true},{""offset_bp"":60,""limit_px"":77749.52501521913,""price_through"":true},{""offset_bp"":80,""limit_px"":77593.08733913217,""price_through"":false},{""offset_bp"":100,""limit_px"":77436.6496630452,""price_through"":false},{""offset_bp"":120,""limit_px"":77280.21198695824,""price_through"":false}]"
2026-01-31 18:38:00,1769884680000,prev_completed_binance_index_close,77857.91369565,77755.0,77857.91369565,-13.218141967211716,77754.99,77446.97,77813.02,77537.26282609,77750.60282609,1,2000,0.025790982999667086,77546.4820408674,40,-1.188863057971501,26.322378507774857,"[{""offset_bp"":40,""limit_px"":77546.4820408674,""price_through"":true},{""offset_bp"":60,""limit_px"":77390.7662134761,""price_through"":false},{""offset_bp"":80,""limit_px"":77235.0503860848,""price_through"":false},{""offset_bp"":100,""limit_px"":77079.3345586935,""price_through"":false},{""offset_bp"":120,""limit_px"":76923.6187313022,""price_through"":false}]"
2026-01-31 18:40:00,1769884800000,prev_completed_binance_index_close,77545.96478261,77548.79,77545.96478261,0.36432809855657666,77548.78,77166.11,77192.4,77212.6576087,77234.22608696,1,2000,0.025894733970275727,77235.78092347956,40,-2.9938604236379174,-0.20131039020654384,"[{""offset_bp"":40,""limit_px"":77235.78092347956,""price_through"":true},{""offset_bp"":60,""limit_px"":77080.68899391434,""price_through"":false},{""offset_bp"":80,""limit_px"":76925.59706434912,""price_through"":false},{""offset_bp"":100,""limit_px"":76770.5051347839,""price_through"":false},{""offset_bp"":120,""limit_px"":76615.41320521868,""price_through"":false}]"
2026-01-31 18:43:00,1769884980000,prev_completed_binance_index_close,77391.40282609,77373.42,77391.40282609,-2.323620639156365,77373.42,75777.77,75777.77,76058.0157587,76058.0157587,5,10000,0.13025642055113523,76771.64747571321,120,-92.95511304990178,-92.95511304990178,"[{""offset_bp"":40,""limit_px"":77081.83721478563,""price_through"":true},{""offset_bp"":60,""limit_px"":76927.05440913346,""price_through"":true},{""offset_bp"":80,""limit_px"":76772.27160348128,""price_through"":true},{""offset_bp"":100,""limit_px"":76617.4887978291,""price_through"":true},{""offset_bp"":120,""limit_px"":76462.70599217691,""price_through"":true}]"
2026-01-31 18:44:00,1769885040000,prev_completed_binance_index_close,76058.0157587,75777.77,76058.0157587,-36.846314738093746,75788.23,75719.9,77540.28,75997.31539674,77351.0361587,1,2000,0.026401321523883754,75753.7836956652,40,32.147793706669425,210.84787915698345,"[{""offset_bp"":40,""limit_px"":75753.7836956652,""price_through"":true},{""offset_bp"":60,""limit_px"":75601.6676641478,""price_through"":false},{""offset_bp"":80,""limit_px"":75449.5516326304,""price_through"":false},{""offset_bp"":100,""limit_px"":75297.435601113,""price_through"":false},{""offset_bp"":120,""limit_px"":75145.3195695956,""price_through"":false}]"
2026-01-31 19:01:00,1769886060000,prev_completed_binance_index_close,78193.42673913,78200.47,78193.42673913,0.9007484597778337,78200.46,77794.21,77903.3,77829.38956522,77915.13173913,1,2000,0.025680318822876008,77880.65303217348,40,-6.582310876656061,4.427120936218998,"[{""offset_bp"":40,""limit_px"":77880.65303217348,""price_through"":true},{""offset_bp"":60,""limit_px"":77724.26617869521,""price_through"":false},{""offset_bp"":80,""limit_px"":77567.87932521696,""price_through"":false},{""offset_bp"":100,""limit_px"":77411.49247173869,""price_through"":false},{""offset_bp"":120,""limit_px"":77255.10561826044,""price_through"":false}]"
2026-02-01 15:16:00,1769958960000,prev_completed_binance_index_close,77665.53978261,77665.62,77665.53978261,0.010328569173267965,77663.91,77347.8,77347.8,77406.57804348,77406.57804348,1,2000,0.025854866059447288,77354.87762347955,40,6.683537171643383,6.683537171643383,"[{""offset_bp"":40,""limit_px"":77354.87762347955,""price_through"":true},{""offset_bp"":60,""limit_px"":77199.54654391433,""price_through"":false},{""offset_bp"":80,""limit_px"":77044.21546434911,""price_through"":false},{""offset_bp"":100,""limit_px"":76888.88438478389,""price_through"":false},{""offset_bp"":120,""limit_px"":76733.55330521868,""price_through"":false}]"
2026-02-01 15:25:00,1769959500000,prev_completed_binance_index_close,77432.66173913,77383.71,77432.66173913,-6.321846366964534,77383.7,77089.99,77142.17,77121.39826087,77143.78478261,1,2000,0.02593262433983091,77122.93109217347,40,-0.19875169184557784,2.7039546009488546,"[{""offset_bp"":40,""limit_px"":77122.93109217347,""price_through"":true},{""offset_bp"":60,""limit_px"":76968.06576869522,""price_through"":false},{""offset_bp"":80,""limit_px"":76813.20044521695,""price_through"":false},{""offset_bp"":100,""limit_px"":76658.3351217387,""price_through"":false},{""offset_bp"":120,""limit_px"":76503.46979826044,""price_through"":false}]"
2026-02-01 21:45:00,1769982300000,prev_completed_binance_index_close,76853.92717391,76841.43,76853.92717391,-1.6260943805412875,76841.43,76453.44,76611.26,76525.9076087,76617.75478261,1,2000,0.026127905265922877,76546.51146521435,40,-2.6916780555985564,9.30719323871898,"[{""offset_bp"":40,""limit_px"":76546.51146521435,""price_through"":true},{""offset_bp"":60,""limit_px"":76392.80361086653,""price_through"":false},{""offset_bp"":80,""limit_px"":76239.09575651871,""price_through"":false},{""offset_bp"":100,""limit_px"":76085.38790217089,""price_through"":false},{""offset_bp"":120,""limit_px"":75931.68004782307,""price_through"":false}]"
2026-02-01 23:05:00,1769987100000,prev_completed_binance_index_close,77072.62934783,77071.41,77072.62934783,-0.15820763354268408,77071.42,76599.89,76612.02,76679.06347826,76679.06347826,2,4000,0.052159950907849605,76687.18874116187,60,-1.059533285187042,-1.059533285187042,"[{""offset_bp"":40,""limit_px"":76764.33883043869,""price_through"":true},{""offset_bp"":60,""limit_px"":76610.19357174303,""price_through"":true},{""offset_bp"":80,""limit_px"":76456.04831304737,""price_through"":false},{""offset_bp"":100,""limit_px"":76301.9030543517,""price_through"":false},{""offset_bp"":120,""limit_px"":76147.75779565604,""price_through"":false}]"
2026-02-01 23:06:00,1769987160000,prev_completed_binance_index_close,76679.06347826,76612.02,76679.06347826,-8.743387727864205,76613.64,76131.01,76212.22,76221.88434783,76251.92,2,4000,0.052427669050254894,76295.59109648329,60,-9.660682562913081,-5.723934483718995,"[{""offset_bp"":40,""limit_px"":76372.34722434696,""price_through"":true},{""offset_bp"":60,""limit_px"":76218.98909739044,""price_through"":true},{""offset_bp"":80,""limit_px"":76065.63097043392,""price_through"":false},{""offset_bp"":100,""limit_px"":75912.27284347739,""price_through"":false},{""offset_bp"":120,""limit_px"":75758.91471652087,""price_through"":false}]"
2026-02-01 23:27:00,1769988420000,prev_completed_binance_index_close,76877.54673913,76889.96,76877.54673913,1.614679629686755,76889.96,76441.18,76767.1,76780.45173913,76787.85521739,1,2000,0.026119877827630852,76570.03655217348,40,27.480094881913164,28.44698462016515,"[{""offset_bp"":40,""limit_px"":76570.03655217348,""price_through"":true},{""offset_bp"":60,""limit_px"":76416.28145869523,""price_through"":false},{""offset_bp"":80,""limit_px"":76262.52636521697,""price_through"":false},{""offset_bp"":100,""limit_px"":76108.7712717387,""price_through"":false},{""offset_bp"":120,""limit_px"":75955.01617826044,""price_through"":false}]"
2026-02-01 23:28:00,1769988480000,prev_completed_binance_index_close,76787.85521739,76767.1,76787.85521739,-2.7029296926228685,76770.8,76367.9,76675.21,76636.17804348,76681.48717391,1,2000,0.026150386969778276,76480.70379652044,40,20.328558609137293,26.252815079181868,"[{""offset_bp"":40,""limit_px"":76480.70379652044,""price_through"":true},{""offset_bp"":60,""limit_px"":76327.12808608565,""price_through"":false},{""offset_bp"":80,""limit_px"":76173.55237565088,""price_through"":false},{""offset_bp"":100,""limit_px"":76019.97666521609,""price_through"":false},{""offset_bp"":120,""limit_px"":75866.40095478132,""price_through"":false}]"
2026-02-01 23:37:00,1769989020000,prev_completed_binance_index_close,77447.40108696,77439.59,77447.40108696,-1.008566698220692,77439.58,77051.93,77456.45,77342.83586957,77464.06978261,1,2000,0.025927688990614213,77137.61148261216,40,26.604970391661542,42.32154635374297,"[{""offset_bp"":40,""limit_px"":77137.61148261216,""price_through"":true},{""offset_bp"":60,""limit_px"":76982.71668043824,""price_through"":false},{""offset_bp"":80,""limit_px"":76827.82187826432,""price_through"":false},{""offset_bp"":100,""limit_px"":76672.9270760904,""price_through"":false},{""offset_bp"":120,""limit_px"":76518.03227391648,""price_through"":false}]"
2026-02-02 03:18:00,1770002280000,prev_completed_binance_index_close,75800.51478261,75790.12,75800.51478261,-1.3713340390653084,75790.13,75412.0,75450.77,75517.33173913,75517.33173913,1,2000,0.026491009121414767,75497.31272347955,40,2.6516196309867013,2.6516196309867013,"[{""offset_bp"":40,""limit_px"":75497.31272347955,""price_through"":true},{""offset_bp"":60,""limit_px"":75345.71169391435,""price_through"":false},{""offset_bp"":80,""limit_px"":75194.11066434912,""price_through"":false},{""offset_bp"":100,""limit_px"":75042.5096347839,""price_through"":false},{""offset_bp"":120,""limit_px"":74890.90860521868,""price_through"":false}]"
2026-02-02 03:21:00,1770002460000,prev_completed_binance_index_close,75586.8923913,75575.17,75586.8923913,-1.5508497477734196,75575.18,75188.88,75297.21,75239.74326087,75328.36130435,1,2000,0.026565877561400834,75284.5448217348,40,-5.950963902469075,5.8201165616322825,"[{""offset_bp"":40,""limit_px"":75284.5448217348,""price_through"":true},{""offset_bp"":60,""limit_px"":75133.3710369522,""price_through"":false},{""offset_bp"":80,""limit_px"":74982.1972521696,""price_through"":false},{""offset_bp"":100,""limit_px"":74831.023467387,""price_through"":false},{""offset_bp"":120,""limit_px"":74679.8496826044,""price_through"":false}]"
2026-02-02 03:34:00,1770003240000,prev_completed_binance_index_close,75121.54891304,75115.12,75121.54891304,-0.855801448854665,75115.12,74804.94,74870.65,74847.01630435,74886.65630435,1,2000,0.026730440966260368,74821.06271738783,40,3.4687541207767403,8.766727520288509,"[{""offset_bp"":40,""limit_px"":74821.06271738783,""price_through"":true},{""offset_bp"":60,""limit_px"":74670.81961956175,""price_through"":false},{""offset_bp"":80,""limit_px"":74520.57652173567,""price_through"":false},{""offset_bp"":100,""limit_px"":74370.3334239096,""price_through"":false},{""offset_bp"":120,""limit_px"":74220.09032608352,""price_through"":false}]"
2026-02-02 03:50:00,1770004200000,prev_completed_binance_index_close,75877.01413043,75923.18,75877.01413043,6.08430235415236,75923.18,75554.77,75591.99,75582.39391304,75594.68456522,1,2000,0.02646430083638132,75573.50607390828,40,1.1760522428350129,2.8023698266688157,"[{""offset_bp"":40,""limit_px"":75573.50607390828,""price_through"":true},{""offset_bp"":60,""limit_px"":75421.75204564743,""price_through"":false},{""offset_bp"":80,""limit_px"":75269.99801738656,""price_through"":false},{""offset_bp"":100,""limit_px"":75118.24398912571,""price_through"":false},{""offset_bp"":120,""limit_px"":74966.48996086484,""price_through"":false}]"
2026-02-02 04:11:00,1770005460000,prev_completed_binance_index_close,75829.22847826,75800.56,75829.22847826,-3.7806633187920102,75800.55,75500.0,75500.01,75526.09173913,75526.09173913,1,2000,0.026480977966032614,75525.91156434697,40,0.02385602229759698,0.02385602229759698,"[{""offset_bp"":40,""limit_px"":75525.91156434697,""price_through"":true},{""offset_bp"":60,""limit_px"":75374.25310739044,""price_through"":false},{""offset_bp"":80,""limit_px"":75222.59465043392,""price_through"":false},{""offset_bp"":100,""limit_px"":75070.9361934774,""price_through"":false},{""offset_bp"":120,""limit_px"":74919.27773652089,""price_through"":false}]"
2026-02-02 05:26:00,1770009960000,prev_completed_binance_index_close,75339.08543478,75362.99,75339.08543478,3.1729301042138225,75362.98,74986.59,74991.0,75078.53086957,75078.53086957,1,2000,0.0266532586230076,75037.72909304088,40,5.437501510543452,5.437501510543452,"[{""offset_bp"":40,""limit_px"":75037.72909304088,""price_through"":true},{""offset_bp"":60,""limit_px"":74887.05092217133,""price_through"":false},{""offset_bp"":80,""limit_px"":74736.37275130177,""price_through"":false},{""offset_bp"":100,""limit_px"":74585.6945804322,""price_through"":false},{""offset_bp"":120,""limit_px"":74435.01640956264,""price_through"":false}]"
2026-02-02 05:53:00,1770011580000,prev_completed_binance_index_close,75568.46978261,75576.16,75568.46978261,1.0176489496371843,75576.17,75240.44,75308.28,75292.49434783,75313.25978261,1,2000,0.026572353976342517,75266.19590347956,40,3.494057861535005,6.2529902787678004,"[{""offset_bp"":40,""limit_px"":75266.19590347956,""price_through"":true},{""offset_bp"":60,""limit_px"":75115.05896391434,""price_through"":false},{""offset_bp"":80,""limit_px"":74963.92202434911,""price_through"":false},{""offset_bp"":100,""limit_px"":74812.7850847839,""price_through"":false},{""offset_bp"":120,""limit_px"":74661.64814521869,""price_through"":false}]"
2026-02-02 06:09:00,1770012540000,prev_completed_binance_index_close,75514.80978261,75523.99,75514.80978261,1.2156843692556762,75523.99,75160.53,75609.17,75475.045,75564.54543478,1,2000,0.02659123600118606,75212.75054347956,40,34.87366897569011,46.77330489290643,"[{""offset_bp"":40,""limit_px"":75212.75054347956,""price_through"":true},{""offset_bp"":60,""limit_px"":75061.72092391434,""price_through"":false},{""offset_bp"":80,""limit_px"":74910.69130434912,""price_through"":false},{""offset_bp"":100,""limit_px"":74759.6616847839,""price_through"":false},{""offset_bp"":120,""limit_px"":74608.63206521868,""price_through"":false}]"
2026-02-02 06:25:00,1770013500000,prev_completed_binance_index_close,75737.13934783,75751.24,75737.13934783,1.8617883235916288,75751.23,75428.57,75475.62,75462.67934783,75482.40021739,1,2000,0.026513176306963197,75434.19079043868,40,3.7766107242354074,6.39092518208928,"[{""offset_bp"":40,""limit_px"":75434.19079043868,""price_through"":true},{""offset_bp"":60,""limit_px"":75282.71651174303,""price_through"":false},{""offset_bp"":80,""limit_px"":75131.24223304736,""price_through"":false},{""offset_bp"":100,""limit_px"":74979.7679543517,""price_through"":false},{""offset_bp"":120,""limit_px"":74828.29367565604,""price_through"":false}]"
2026-02-02 06:47:00,1770014820000,prev_completed_binance_index_close,76613.75108696,76581.76,76613.75108696,-4.175632508018889,76581.76,76300.62,76311.81,76335.61782609,76335.61782609,1,2000,0.026209813512914293,76307.29608261216,40,3.711538074575582,3.711538074575582,"[{""offset_bp"":40,""limit_px"":76307.29608261216,""price_through"":true},{""offset_bp"":60,""limit_px"":76154.06858043824,""price_through"":false},{""offset_bp"":80,""limit_px"":76000.84107826432,""price_through"":false},{""offset_bp"":100,""limit_px"":75847.6135760904,""price_through"":false},{""offset_bp"":120,""limit_px"":75694.38607391647,""price_through"":false}]"
2026-02-02 14:56:00,1770044160000,prev_completed_binance_index_close,78340.05978261,78340.07,78340.05978261,0.0013042356661330246,78340.08,77906.01,77978.06,77940.34521739,77998.24782609,1,2000,0.025632251674127537,78026.69954347955,40,-11.067279097385363,-3.6464079034514985,"[{""offset_bp"":40,""limit_px"":78026.69954347955,""price_through"":true},{""offset_bp"":60,""limit_px"":77870.01942391433,""price_through"":false},{""offset_bp"":80,""limit_px"":77713.33930434912,""price_through"":false},{""offset_bp"":100,""limit_px"":77556.6591847839,""price_through"":false},{""offset_bp"":120,""limit_px"":77399.97906521868,""price_through"":false}]"
2026-02-03 14:36:00,1770129360000,prev_completed_binance_index_close,78254.34456522,78230.16,78254.34456522,-3.090507671410503,78230.15,77920.17,77994.28,77943.0776087,77999.81043478,1,2000,0.02566032773861507,77941.32718695913,40,0.22458197775687694,7.503496531511278,"[{""offset_bp"":40,""limit_px"":77941.32718695913,""price_through"":true},{""offset_bp"":60,""limit_px"":77784.81849782869,""price_through"":false},{""offset_bp"":80,""limit_px"":77628.30980869824,""price_through"":false},{""offset_bp"":100,""limit_px"":77471.8011195678,""price_through"":false},{""offset_bp"":120,""limit_px"":77315.29243043736,""price_through"":false}]"
2026-02-03 14:50:00,1770130200000,prev_completed_binance_index_close,78061.07282609,78040.0,78061.07282609,-2.6995306786203876,78040.0,77747.23,77790.33,77764.56152174,77778.41434783,1,2000,0.025723860252186037,77748.82853478564,40,2.023565788817905,3.8053066010013126,"[{""offset_bp"":40,""limit_px"":77748.82853478564,""price_through"":true},{""offset_bp"":60,""limit_px"":77592.70638913347,""price_through"":false},{""offset_bp"":80,""limit_px"":77436.58424348128,""price_through"":false},{""offset_bp"":100,""limit_px"":77280.4620978291,""price_through"":false},{""offset_bp"":120,""limit_px"":77124.33995217693,""price_through"":false}]"
2026-02-03 16:34:00,1770136440000,prev_completed_binance_index_close,76763.45891304,76780.4,76763.45891304,2.206920740659424,76780.39,76400.0,76776.01,76773.49,76773.49,1,2000,0.02615869786155437,76456.40507738784,40,41.47264343532964,41.47264343532964,"[{""offset_bp"":40,""limit_px"":76456.40507738784,""price_through"":true},{""offset_bp"":60,""limit_px"":76302.87815956176,""price_through"":false},{""offset_bp"":80,""limit_px"":76149.35124173568,""price_through"":false},{""offset_bp"":100,""limit_px"":75995.8243239096,""price_through"":false},{""offset_bp"":120,""limit_px"":75842.29740608351,""price_through"":false}]"
2026-02-03 18:07:00,1770142020000,prev_completed_binance_index_close,75233.2026087,75229.57,75233.2026087,-0.48284647921836843,75229.09,74876.0,74891.18,74957.34413043,74957.34413043,1,2000,0.026690770283410034,74932.2697982652,40,3.3462661991046083,3.3462661991046083,"[{""offset_bp"":40,""limit_px"":74932.2697982652,""price_through"":true},{""offset_bp"":60,""limit_px"":74781.8033930478,""price_through"":false},{""offset_bp"":80,""limit_px"":74631.3369878304,""price_through"":false},{""offset_bp"":100,""limit_px"":74480.870582613,""price_through"":false},{""offset_bp"":120,""limit_px"":74330.4041773956,""price_through"":false}]"
2026-02-03 18:21:00,1770142860000,prev_completed_binance_index_close,74612.4923913,74629.38,74612.4923913,2.2633754963496955,74629.39,74312.44,74412.48,74364.77,74400.99195652,1,2000,0.0269128139827185,74314.04242173479,40,6.826109388227142,11.700283277791268,"[{""offset_bp"":40,""limit_px"":74314.04242173479,""price_through"":true},{""offset_bp"":60,""limit_px"":74164.81743695219,""price_through"":false},{""offset_bp"":80,""limit_px"":74015.5924521696,""price_through"":false},{""offset_bp"":100,""limit_px"":73866.367467387,""price_through"":false},{""offset_bp"":120,""limit_px"":73717.1424826044,""price_through"":false}]"
2026-02-03 18:25:00,1770143100000,prev_completed_binance_index_close,74393.65913043,74380.63,74393.65913043,-1.7513764724419456,74380.63,74053.53,74123.78,74097.99673913,74147.12782609,1,2000,0.026991979585161856,74096.08449390827,40,0.25807641993447206,6.888802901039437,"[{""offset_bp"":40,""limit_px"":74096.08449390827,""price_through"":true},{""offset_bp"":60,""limit_px"":73947.29717564741,""price_through"":false},{""offset_bp"":80,""limit_px"":73798.50985738655,""price_through"":false},{""offset_bp"":100,""limit_px"":73649.7225391257,""price_through"":false},{""offset_bp"":120,""limit_px"":73500.93522086483,""price_through"":false}]"
2026-02-03 18:29:00,1770143340000,prev_completed_binance_index_close,74196.05630435,74187.92,74196.05630435,-1.096595257924493,74187.92,73801.8,74088.14,74084.96086957,74095.2723913,1,2000,0.02706386603995728,73899.2720791326,40,25.12728274759679,26.522630961440807,"[{""offset_bp"":40,""limit_px"":73899.2720791326,""price_through"":true},{""offset_bp"":60,""limit_px"":73750.8799665239,""price_through"":false},{""offset_bp"":80,""limit_px"":73602.4878539152,""price_through"":false},{""offset_bp"":100,""limit_px"":73454.0957413065,""price_through"":false},{""offset_bp"":120,""limit_px"":73305.7036286978,""price_through"":false}]"
2026-02-03 18:30:00,1770143400000,prev_completed_binance_index_close,74095.2723913,74088.14,74095.2723913,-0.9625973520044351,74088.14,73798.79,74176.36,74037.50369565,74165.33869565,1,2000,0.027100678136515392,73798.8913017348,40,32.33278843439713,49.65486438230471,"[{""offset_bp"":40,""limit_px"":73798.8913017348,""price_through"":true},{""offset_bp"":60,""limit_px"":73650.7007569522,""price_through"":false},{""offset_bp"":80,""limit_px"":73502.5102121696,""price_through"":false},{""offset_bp"":100,""limit_px"":73354.319667387,""price_through"":false},{""offset_bp"":120,""limit_px"":73206.1291226044,""price_through"":false}]"
2026-02-03 18:32:00,1770143520000,prev_completed_binance_index_close,74109.31043478,74084.43,74109.31043478,-3.3572616765742413,74084.43,73730.0,73919.76,73940.82608696,73941.93086957,1,2000,0.02709554463175349,73812.87319304088,40,17.334766739738328,17.4844401723262,"[{""offset_bp"":40,""limit_px"":73812.87319304088,""price_through"":true},{""offset_bp"":60,""limit_px"":73664.65457217132,""price_through"":false},{""offset_bp"":80,""limit_px"":73516.43595130176,""price_through"":false},{""offset_bp"":100,""limit_px"":73368.21733043219,""price_through"":false},{""offset_bp"":120,""limit_px"":73219.99870956264,""price_through"":false}]"
2026-02-03 18:48:00,1770144480000,prev_completed_binance_index_close,73604.82217391,73604.99,73604.82217391,0.022800963992430923,73604.99,73275.59,73308.26,73309.74195652,73329.19717391,1,2000,0.027281257792724136,73310.40288521435,40,-0.09015483046659334,2.563659174683597,"[{""offset_bp"":40,""limit_px"":73310.40288521435,""price_through"":true},{""offset_bp"":60,""limit_px"":73163.19324086653,""price_through"":false},{""offset_bp"":80,""limit_px"":73015.98359651872,""price_through"":false},{""offset_bp"":100,""limit_px"":72868.7739521709,""price_through"":false},{""offset_bp"":120,""limit_px"":72721.56430782308,""price_through"":false}]"
2026-02-03 19:22:00,1770146520000,prev_completed_binance_index_close,75135.02152174,75135.68,75135.02152174,0.08763932539901376,75135.69,74730.89,74743.62,74757.22891304,74762.59347826,1,2000,0.02672564787824065,74834.48143565304,40,-10.32311858530921,-9.606261179863074,"[{""offset_bp"":40,""limit_px"":74834.48143565304,""price_through"":true},{""offset_bp"":60,""limit_px"":74684.21139260956,""price_through"":false},{""offset_bp"":80,""limit_px"":74533.94134956607,""price_through"":false},{""offset_bp"":100,""limit_px"":74383.67130652259,""price_through"":false},{""offset_bp"":120,""limit_px"":74233.40126347911,""price_through"":false}]"
2026-02-04 02:41:00,1770172860000,prev_completed_binance_index_close,76015.11282609,76014.3,76015.11282609,-0.1069295380584645,76014.29,75707.41,75754.5,75739.07978261,75777.55347826,1,2000,0.02641622243076981,75711.05237478564,40,3.701891196232765,8.783539706351817,"[{""offset_bp"":40,""limit_px"":75711.05237478564,""price_through"":true},{""offset_bp"":60,""limit_px"":75559.02214913347,""price_through"":false},{""offset_bp"":80,""limit_px"":75406.99192348128,""price_through"":false},{""offset_bp"":100,""limit_px"":75254.9616978291,""price_through"":false},{""offset_bp"":120,""limit_px"":75102.93147217692,""price_through"":false}]"
2026-02-04 17:10:00,1770225000000,prev_completed_binance_index_close,73137.71782609,73148.07,73137.71782609,1.4154357310713905,73148.06,72824.56,72838.71,72865.23521739,72865.5523913,1,2000,0.02745549339246326,72845.16695478563,40,2.754920256662352,2.798461087614168,"[{""offset_bp"":40,""limit_px"":72845.16695478563,""price_through"":true},{""offset_bp"":60,""limit_px"":72698.89151913345,""price_through"":false},{""offset_bp"":80,""limit_px"":72552.61608348128,""price_through"":false},{""offset_bp"":100,""limit_px"":72406.3406478291,""price_through"":false},{""offset_bp"":120,""limit_px"":72260.06521217691,""price_through"":false}]"
2026-02-04 17:16:00,1770225360000,prev_completed_binance_index_close,73772.81913043,73761.36,73772.81913043,-1.5532997877898413,73761.37,73413.75,73443.37,73444.03891304,73462.98173913,1,2000,0.02721913236044111,73477.72785390828,40,-4.584918702883467,-2.0068822497609773,"[{""offset_bp"":40,""limit_px"":73477.72785390828,""price_through"":true},{""offset_bp"":60,""limit_px"":73330.18221564742,""price_through"":false},{""offset_bp"":80,""limit_px"":73182.63657738655,""price_through"":false},{""offset_bp"":100,""limit_px"":73035.0909391257,""price_through"":false},{""offset_bp"":120,""limit_px"":72887.54530086483,""price_through"":false}]"
2026-02-04 21:44:00,1770241440000,prev_completed_binance_index_close,72918.92413043,72876.76,72918.92413043,-5.782330298041982,72876.76,72552.91,72639.97,72584.80956522,72636.57804348,1,2000,0.027537873775020205,72627.24843390827,40,-5.843381045461671,1.2845880537826204,"[{""offset_bp"":40,""limit_px"":72627.24843390827,""price_through"":true},{""offset_bp"":60,""limit_px"":72481.41058564742,""price_through"":false},{""offset_bp"":80,""limit_px"":72335.57273738655,""price_through"":false},{""offset_bp"":100,""limit_px"":72189.7348891257,""price_through"":false},{""offset_bp"":120,""limit_px"":72043.89704086483,""price_through"":false}]"
2026-02-05 01:21:00,1770254460000,prev_completed_binance_index_close,72398.59586957,72396.51,72398.59586957,-0.28810911937515726,72396.5,72100.0,72100.01,72134.07065217,72134.07065217,1,2000,0.027735788303569247,72109.00148609171,40,3.4765654164714554,3.4765654164714554,"[{""offset_bp"":40,""limit_px"":72109.00148609171,""price_through"":true},{""offset_bp"":60,""limit_px"":71964.20429435257,""price_through"":false},{""offset_bp"":80,""limit_px"":71819.40710261343,""price_through"":false},{""offset_bp"":100,""limit_px"":71674.6099108743,""price_through"":false},{""offset_bp"":120,""limit_px"":71529.81271913515,""price_through"":false}]"
2026-02-05 01:40:00,1770255600000,prev_completed_binance_index_close,72857.03826087,72869.52,72857.03826087,1.713182340092878,72869.51,72262.87,72365.5,72355.46021739,72382.84586957,3,6000,0.08285038397754499,72419.70057285656,80,-8.870563528763364,-5.089043864450193,"[{""offset_bp"":40,""limit_px"":72565.61010782652,""price_through"":true},{""offset_bp"":60,""limit_px"":72419.89603130479,""price_through"":true},{""offset_bp"":80,""limit_px"":72274.18195478304,""price_through"":true},{""offset_bp"":100,""limit_px"":72128.4678782613,""price_through"":false},{""offset_bp"":120,""limit_px"":71982.75380173956,""price_through"":false}]"
2026-02-05 02:48:00,1770259680000,prev_completed_binance_index_close,72248.03173913,72219.91,72248.03173913,-3.8923882703878476,72219.9,71906.6,71907.32,71948.67956522,71948.67956522,1,2000,0.027793589391674638,71959.03961217348,40,-1.4397144555189367,-1.4397144555189367,"[{""offset_bp"":40,""limit_px"":71959.03961217348,""price_through"":true},{""offset_bp"":60,""limit_px"":71814.54354869522,""price_through"":false},{""offset_bp"":80,""limit_px"":71670.04748521696,""price_through"":false},{""offset_bp"":100,""limit_px"":71525.55142173871,""price_through"":false},{""offset_bp"":120,""limit_px"":71381.05535826045,""price_through"":false}]"
2026-02-05 02:59:00,1770260340000,prev_completed_binance_index_close,71641.21673913,71644.9,71641.21673913,0.5141259511831642,71644.89,71305.55,71454.44,71341.08152174,71471.66543478,1,2000,0.02802900648415818,71354.65187217348,40,-1.901817201461764,16.398869525164894,"[{""offset_bp"":40,""limit_px"":71354.65187217348,""price_through"":true},{""offset_bp"":60,""limit_px"":71211.36943869523,""price_through"":false},{""offset_bp"":80,""limit_px"":71068.08700521696,""price_through"":false},{""offset_bp"":100,""limit_px"":70924.8045717387,""price_through"":false},{""offset_bp"":120,""limit_px"":70781.52213826044,""price_through"":false}]"
2026-02-05 04:06:00,1770264360000,prev_completed_binance_index_close,71107.79978261,71079.01,71107.79978261,-4.048751711911436,71079.0,70754.17,70873.02,70871.30673913,70890.48521739,1,2000,0.028239266784417325,70823.36858347956,40,6.768691832828022,9.476622653343814,"[{""offset_bp"":40,""limit_px"":70823.36858347956,""price_through"":true},{""offset_bp"":60,""limit_px"":70681.15298391435,""price_through"":false},{""offset_bp"":80,""limit_px"":70538.93738434912,""price_through"":false},{""offset_bp"":100,""limit_px"":70396.7217847839,""price_through"":false},{""offset_bp"":120,""limit_px"":70254.50618521868,""price_through"":false}]"
2026-02-05 05:22:00,1770268920000,prev_completed_binance_index_close,70459.69347826,70410.59,70459.69347826,-6.969016729423405,70410.6,70166.3,70223.68,70280.06221304,70295.72908696,1,2000,0.02849901879197963,70177.85470434696,40,14.564068554621112,16.796521225910244,"[{""offset_bp"":40,""limit_px"":70177.85470434696,""price_through"":true},{""offset_bp"":60,""limit_px"":70036.93531739044,""price_through"":false},{""offset_bp"":80,""limit_px"":69896.01593043392,""price_through"":false},{""offset_bp"":100,""limit_px"":69755.0965434774,""price_through"":false},{""offset_bp"":120,""limit_px"":69614.17715652088,""price_through"":false}]"
2026-02-05 06:47:00,1770274020000,prev_completed_binance_index_close,70918.06347826,70882.92,70918.06347826,-4.955504498620478,70882.91,70601.33,70650.35,70657.13391304,70679.03086957,1,2000,0.02831481896188015,70634.39122434695,40,3.219775565250771,6.319817365063596,"[{""offset_bp"":40,""limit_px"":70634.39122434695,""price_through"":true},{""offset_bp"":60,""limit_px"":70492.55509739043,""price_through"":false},{""offset_bp"":80,""limit_px"":70350.71897043391,""price_through"":false},{""offset_bp"":100,""limit_px"":70208.88284347739,""price_through"":false},{""offset_bp"":120,""limit_px"":70067.04671652087,""price_through"":false}]"
2026-02-05 10:52:00,1770288720000,prev_completed_binance_index_close,71074.14695652,71069.89,71074.14695652,-0.598945847721799,71069.89,70765.86,70849.5,70837.82695652,70887.54652174,1,2000,0.02825263776633832,70789.85036869391,40,6.777325785578547,13.800870115880937,"[{""offset_bp"":40,""limit_px"":70789.85036869391,""price_through"":true},{""offset_bp"":60,""limit_px"":70647.70207478087,""price_through"":false},{""offset_bp"":80,""limit_px"":70505.55378086783,""price_through"":false},{""offset_bp"":100,""limit_px"":70363.4054869548,""price_through"":false},{""offset_bp"":120,""limit_px"":70221.25719304175,""price_through"":false}]"
2026-02-05 11:22:00,1770290520000,prev_completed_binance_index_close,70682.82804348,70650.0,70682.82804348,-4.644415678982661,70650.01,70152.0,70324.09,70226.77521739,70335.35021739,2,4000,0.05687526481890008,70329.34286524447,60,-14.583905333938052,0.8541743603451835,"[{""offset_bp"":40,""limit_px"":70400.09673130608,""price_through"":true},{""offset_bp"":60,""limit_px"":70258.73107521911,""price_through"":true},{""offset_bp"":80,""limit_px"":70117.36541913215,""price_through"":false},{""offset_bp"":100,""limit_px"":69975.9997630452,""price_through"":false},{""offset_bp"":120,""limit_px"":69834.63410695824,""price_through"":false}]"
2026-02-05 12:31:00,1770294660000,prev_completed_binance_index_close,69731.36673913,69686.87,69731.36673913,-6.381165494212526,69686.87,69434.16,69539.15,69462.68891304,69548.50065217,1,2000,0.028796683937463142,69452.44127217347,40,1.475490375688615,13.830958024942941,"[{""offset_bp"":40,""limit_px"":69452.44127217347,""price_through"":true},{""offset_bp"":60,""limit_px"":69312.97853869521,""price_through"":false},{""offset_bp"":80,""limit_px"":69173.51580521696,""price_through"":false},{""offset_bp"":100,""limit_px"":69034.0530717387,""price_through"":false},{""offset_bp"":120,""limit_px"":68894.59033826043,""price_through"":false}]"
2026-02-05 14:48:00,1770302880000,prev_completed_binance_index_close,70568.61304348,70539.0,70568.61304348,-4.196347668297129,70539.0,70264.7,70264.7,70308.73978261,70308.73978261,1,2000,0.028455031803966892,70286.33859130608,40,3.187133055000402,3.187133055000402,"[{""offset_bp"":40,""limit_px"":70286.33859130608,""price_through"":true},{""offset_bp"":60,""limit_px"":70145.20136521912,""price_through"":false},{""offset_bp"":80,""limit_px"":70004.06413913216,""price_through"":false},{""offset_bp"":100,""limit_px"":69862.9269130452,""price_through"":false},{""offset_bp"":120,""limit_px"":69721.78968695823,""price_through"":false}]"
2026-02-05 14:57:00,1770303420000,prev_completed_binance_index_close,69652.12913043,69658.48,69652.12913043,0.9117983397333163,69656.6,69370.17,69415.7,69392.30413043,69428.43282609,1,2000,0.028829443601843557,69373.52061390827,40,2.7075916510366227,7.915442620727298,"[{""offset_bp"":40,""limit_px"":69373.52061390827,""price_through"":true},{""offset_bp"":60,""limit_px"":69234.21635564741,""price_through"":false},{""offset_bp"":80,""limit_px"":69094.91209738655,""price_through"":false},{""offset_bp"":100,""limit_px"":68955.60783912569,""price_through"":false},{""offset_bp"":120,""limit_px"":68816.30358086484,""price_through"":false}]"
2026-02-05 15:05:00,1770303900000,prev_completed_binance_index_close,68985.93913043,68981.35,68985.93913043,-0.6652269270857047,68981.36,68643.0,68645.96,68651.93195652,68651.93195652,1,2000,0.0291078465238767,68709.99537390827,40,-8.450505209948167,-8.450505209948167,"[{""offset_bp"":40,""limit_px"":68709.99537390827,""price_through"":true},{""offset_bp"":60,""limit_px"":68572.02349564742,""price_through"":false},{""offset_bp"":80,""limit_px"":68434.05161738655,""price_through"":false},{""offset_bp"":100,""limit_px"":68296.0797391257,""price_through"":false},{""offset_bp"":120,""limit_px"":68158.10786086484,""price_through"":false}]"
2026-02-05 15:10:00,1770304200000,prev_completed_binance_index_close,68647.86173913,68627.96,68647.86173913,-2.8991054674987193,68627.95,68335.73,68388.95,68334.02673913,68354.61913043,1,2000,0.029251197016810455,68373.27029217349,40,-5.739604508573359,-2.727844033756366,"[{""offset_bp"":40,""limit_px"":68373.27029217349,""price_through"":true},{""offset_bp"":60,""limit_px"":68235.97456869522,""price_through"":false},{""offset_bp"":80,""limit_px"":68098.67884521697,""price_through"":false},{""offset_bp"":100,""limit_px"":67961.3831217387,""price_through"":false},{""offset_bp"":120,""limit_px"":67824.08739826044,""price_through"":false}]"
2026-02-05 15:18:00,1770304680000,prev_completed_binance_index_close,68600.0326087,68656.07,68600.0326087,8.16871204998515,68656.74,68242.0,68242.01,68273.28456522,68280.09891304,1,2000,0.0292715914578063,68325.6324782652,40,-7.661533621637906,-6.664199594446085,"[{""offset_bp"":40,""limit_px"":68325.6324782652,""price_through"":true},{""offset_bp"":60,""limit_px"":68188.4324130478,""price_through"":false},{""offset_bp"":80,""limit_px"":68051.2323478304,""price_through"":false},{""offset_bp"":100,""limit_px"":67914.032282613,""price_through"":false},{""offset_bp"":120,""limit_px"":67776.8322173956,""price_through"":false}]"
2026-02-05 15:20:00,1770304800000,prev_completed_binance_index_close,68302.65521739,68296.72,68302.65521739,-0.868958515757301,68296.71,68000.0,68009.59,67984.74217391,68005.62369565,1,2000,0.02939903466597309,68029.44459652044,40,-6.571040359886204,-3.501557452322279,"[{""offset_bp"":40,""limit_px"":68029.44459652044,""price_through"":true},{""offset_bp"":60,""limit_px"":67892.83928608565,""price_through"":false},{""offset_bp"":80,""limit_px"":67756.23397565087,""price_through"":false},{""offset_bp"":100,""limit_px"":67619.62866521609,""price_through"":false},{""offset_bp"":120,""limit_px"":67483.02335478131,""price_through"":false}]"
2026-02-05 15:21:00,1770304860000,prev_completed_binance_index_close,68005.62369565,68009.59,68005.62369565,0.5832318173770723,68009.59,67606.5,67673.82,67650.64130435,67693.3126087,1,2000,0.029527442281843237,67733.6012008674,40,-12.247967780625313,-5.948095399198605,"[{""offset_bp"":40,""limit_px"":67733.6012008674,""price_through"":true},{""offset_bp"":60,""limit_px"":67597.58995347611,""price_through"":false},{""offset_bp"":80,""limit_px"":67461.57870608481,""price_through"":false},{""offset_bp"":100,""limit_px"":67325.5674586935,""price_through"":false},{""offset_bp"":120,""limit_px"":67189.5562113022,""price_through"":false}]"
2026-02-05 15:22:00,1770304920000,prev_completed_binance_index_close,67693.3126087,67673.82,67693.3126087,-2.8795471736875466,67673.83,67417.5,67439.02,67495.03195652,67495.03195652,1,2000,0.029663670621667616,67422.5393582652,40,10.751982785697223,10.751982785697223,"[{""offset_bp"":40,""limit_px"":67422.5393582652,""price_through"":true},{""offset_bp"":60,""limit_px"":67287.1527330478,""price_through"":false},{""offset_bp"":80,""limit_px"":67151.7661078304,""price_through"":false},{""offset_bp"":100,""limit_px"":67016.379482613,""price_through"":false},{""offset_bp"":120,""limit_px"":66880.9928573956,""price_through"":false}]"
2026-02-05 15:23:00,1770304980000,prev_completed_binance_index_close,67495.03195652,67439.02,67495.03195652,-8.298678420669559,67439.01,67000.0,67151.48,67072.37835652,67176.6124,2,4000,0.059561488402752896,67157.48896253442,60,-12.673285932698342,2.8475509970671276,"[{""offset_bp"":40,""limit_px"":67225.05182869392,""price_through"":true},{""offset_bp"":60,""limit_px"":67090.06176478088,""price_through"":true},{""offset_bp"":80,""limit_px"":66955.07170086785,""price_through"":false},{""offset_bp"":100,""limit_px"":66820.0816369548,""price_through"":false},{""offset_bp"":120,""limit_px"":66685.09157304176,""price_through"":false}]"
2026-02-05 15:26:00,1770305160000,prev_completed_binance_index_close,67601.79543478,67587.84,67601.79543478,-2.0643586002777603,67587.84,67322.5,67339.4,67389.17282609,67389.17282609,1,2000,0.029703828361353806,67331.38825304087,40,8.582115198927376,8.582115198927376,"[{""offset_bp"":40,""limit_px"":67331.38825304087,""price_through"":true},{""offset_bp"":60,""limit_px"":67196.18466217132,""price_through"":false},{""offset_bp"":80,""limit_px"":67060.98107130175,""price_through"":false},{""offset_bp"":100,""limit_px"":66925.7774804322,""price_through"":false},{""offset_bp"":120,""limit_px"":66790.57388956264,""price_through"":false}]"
2026-02-05 15:28:00,1770305280000,prev_completed_binance_index_close,67417.38130435,67419.98,67417.38130435,0.38546374832693076,67419.99,67100.0,67160.0,67165.28593804,67177.07740652,1,2000,0.029785080489094746,67147.7117791326,40,2.617238687925294,4.37328787673108,"[{""offset_bp"":40,""limit_px"":67147.7117791326,""price_through"":true},{""offset_bp"":60,""limit_px"":67012.8770165239,""price_through"":false},{""offset_bp"":80,""limit_px"":66878.04225391519,""price_through"":false},{""offset_bp"":100,""limit_px"":66743.2074913065,""price_through"":false},{""offset_bp"":120,""limit_px"":66608.3727286978,""price_through"":false}]"
2026-02-05 15:29:00,1770305340000,prev_completed_binance_index_close,67177.07740652,67160.0,67177.07740652,-2.5421478842624357,67159.99,66818.0,66851.99,66863.2273913,66863.2273913,1,2000,0.029891626817322107,66908.36909689392,40,-6.7467950875554905,-6.7467950875554905,"[{""offset_bp"":40,""limit_px"":66908.36909689392,""price_through"":true},{""offset_bp"":60,""limit_px"":66774.01494208087,""price_through"":false},{""offset_bp"":80,""limit_px"":66639.66078726783,""price_through"":false},{""offset_bp"":100,""limit_px"":66505.3066324548,""price_through"":false},{""offset_bp"":120,""limit_px"":66370.95247764175,""price_through"":false}]"
2026-02-05 15:32:00,1770305520000,prev_completed_binance_index_close,67212.19695652,67176.33,67212.19695652,-5.336376155535838,67176.33,66720.15,66852.09,66764.16021739,66830.81804348,2,4000,0.05981212852962288,66876.06842179071,60,-16.73366976283619,-6.7663036088350115,"[{""offset_bp"":40,""limit_px"":66943.34816869392,""price_through"":true},{""offset_bp"":60,""limit_px"":66808.92377478088,""price_through"":true},{""offset_bp"":80,""limit_px"":66674.49938086784,""price_through"":false},{""offset_bp"":100,""limit_px"":66540.0749869548,""price_through"":false},{""offset_bp"":120,""limit_px"":66405.65059304176,""price_through"":false}]"
2026-02-05 15:45:00,1770306300000,prev_completed_binance_index_close,67479.035,67519.99,67479.035,6.0692924846961205,67519.99,67188.4,67188.41,67192.99956522,67192.99956522,1,2000,0.029757866699102263,67209.11886,40,-2.398379126733463,-2.398379126733463,"[{""offset_bp"":40,""limit_px"":67209.11886,""price_through"":true},{""offset_bp"":60,""limit_px"":67074.16079000001,""price_through"":false},{""offset_bp"":80,""limit_px"":66939.20272,""price_through"":false},{""offset_bp"":100,""limit_px"":66804.24465000001,""price_through"":false},{""offset_bp"":120,""limit_px"":66669.28658,""price_through"":false}]"
2026-02-05 15:53:00,1770306780000,prev_completed_binance_index_close,68169.28673913,68176.6,68169.28673913,1.0728087706124434,68181.34,67850.36,67876.95,67854.01,67856.67521739,1,2000,0.029456551836876142,67896.60959217348,40,-6.274185475440008,-5.881644904414118,"[{""offset_bp"":40,""limit_px"":67896.60959217348,""price_through"":true},{""offset_bp"":60,""limit_px"":67760.27101869522,""price_through"":false},{""offset_bp"":80,""limit_px"":67623.93244521695,""price_through"":false},{""offset_bp"":100,""limit_px"":67487.59387173869,""price_through"":false},{""offset_bp"":120,""limit_px"":67351.25529826044,""price_through"":false}]"
2026-02-05 15:56:00,1770306960000,prev_completed_binance_index_close,67683.25956522,67669.64,67683.25956522,-2.0122501941377546,67669.64,67385.73,67505.8,67418.28347826,67469.97108696,1,2000,0.029668076588112668,67412.52652695912,40,0.8539883605429566,8.521348028383002,"[{""offset_bp"":40,""limit_px"":67412.52652695912,""price_through"":true},{""offset_bp"":60,""limit_px"":67277.16000782867,""price_through"":false},{""offset_bp"":80,""limit_px"":67141.79348869824,""price_through"":false},{""offset_bp"":100,""limit_px"":67006.4269695678,""price_through"":false},{""offset_bp"":120,""limit_px"":66871.06045043736,""price_through"":false}]"
2026-02-05 16:03:00,1770307380000,prev_completed_binance_index_close,67615.65065217,67620.04,67615.65065217,0.6491615162551589,67620.03,67316.47,67318.78,67315.62173913,67320.33456522,1,2000,0.029697741708407444,67345.18804956133,40,-4.390263252300741,-3.6904617926147854,"[{""offset_bp"":40,""limit_px"":67345.18804956133,""price_through"":true},{""offset_bp"":60,""limit_px"":67209.95674825698,""price_through"":false},{""offset_bp"":80,""limit_px"":67074.72544695265,""price_through"":false},{""offset_bp"":100,""limit_px"":66939.4941456483,""price_through"":false},{""offset_bp"":120,""limit_px"":66804.26284434396,""price_through"":false}]"
2026-02-05 16:32:00,1770309120000,prev_completed_binance_index_close,68244.37152174,68235.79,68244.37152174,-1.257469524394983,68235.79,67902.36,67902.36,67946.09891304,67946.82847826,1,2000,0.02942414273497083,67971.39403565304,40,-3.721436491322949,-3.614102335485203,"[{""offset_bp"":40,""limit_px"":67971.39403565304,""price_through"":true},{""offset_bp"":60,""limit_px"":67834.90529260956,""price_through"":false},{""offset_bp"":80,""limit_px"":67698.41654956609,""price_through"":false},{""offset_bp"":100,""limit_px"":67561.9278065226,""price_through"":false},{""offset_bp"":120,""limit_px"":67425.43906347912,""price_through"":false}]"
2026-02-05 16:56:00,1770310560000,prev_completed_binance_index_close,68600.32673913,68585.84,68600.32673913,-2.11175949425102,68585.85,68300.0,68342.6,68311.50347826,68360.67956522,1,2000,0.02927146595307197,68325.92543217348,40,-2.110758664776169,5.086522110997471,"[{""offset_bp"":40,""limit_px"":68325.92543217348,""price_through"":true},{""offset_bp"":60,""limit_px"":68188.72477869522,""price_through"":false},{""offset_bp"":80,""limit_px"":68051.52412521697,""price_through"":false},{""offset_bp"":100,""limit_px"":67914.32347173871,""price_through"":false},{""offset_bp"":120,""limit_px"":67777.12281826044,""price_through"":false}]"
2026-02-05 17:20:00,1770312000000,prev_completed_binance_index_close,66875.46826087,66875.88,66875.46826087,0.061568036937575954,66875.87,66462.0,66609.0,66495.16369565,66588.77630435,2,4000,0.06011329217823116,66541.02370803975,60,-6.891990810206083,7.176414435667855,"[{""offset_bp"":40,""limit_px"":66607.96638782651,""price_through"":true},{""offset_bp"":60,""limit_px"":66474.21545130477,""price_through"":true},{""offset_bp"":80,""limit_px"":66340.46451478303,""price_through"":false},{""offset_bp"":100,""limit_px"":66206.71357826129,""price_through"":false},{""offset_bp"":120,""limit_px"":66072.96264173955,""price_through"":false}]"
2026-02-05 17:31:00,1770312660000,prev_completed_binance_index_close,67212.55130435,67190.69,67212.55130435,-3.252562791583591,67190.68,66533.97,66584.14,66618.82369565,66618.82369565,4,8000,0.11986504691810998,66741.72501234227,100,-18.414465114520162,-18.414465114520162,"[{""offset_bp"":40,""limit_px"":66943.7010991326,""price_through"":true},{""offset_bp"":60,""limit_px"":66809.2759965239,""price_through"":true},{""offset_bp"":80,""limit_px"":66674.8508939152,""price_through"":true},{""offset_bp"":100,""limit_px"":66540.4257913065,""price_through"":true},{""offset_bp"":120,""limit_px"":66406.0006886978,""price_through"":false}]"
2026-02-05 17:48:00,1770313680000,prev_completed_binance_index_close,67111.04978261,67124.97,67111.04978261,2.074206473463569,67125.18,66792.61,66792.61,66812.28891304,66812.28891304,1,2000,0.029921035880359343,66842.60558347957,40,-4.535530919976827,-4.535530919976827,"[{""offset_bp"":40,""limit_px"":66842.60558347957,""price_through"":true},{""offset_bp"":60,""limit_px"":66708.38348391434,""price_through"":false},{""offset_bp"":80,""limit_px"":66574.16138434912,""price_through"":false},{""offset_bp"":100,""limit_px"":66439.9392847839,""price_through"":false},{""offset_bp"":120,""limit_px"":66305.71718521869,""price_through"":false}]"
2026-02-05 18:16:00,1770315360000,prev_completed_binance_index_close,66478.59304348,66493.13,66478.59304348,2.1867124219232537,66493.12,66101.0,66144.0,66124.80130435,66135.64,1,2000,0.03020569534618028,66212.67867130607,40,-13.271984870498743,-11.635033176728982,"[{""offset_bp"":40,""limit_px"":66212.67867130607,""price_through"":true},{""offset_bp"":60,""limit_px"":66079.72148521911,""price_through"":false},{""offset_bp"":80,""limit_px"":65946.76429913215,""price_through"":false},{""offset_bp"":100,""limit_px"":65813.8071130452,""price_through"":false},{""offset_bp"":120,""limit_px"":65680.84992695824,""price_through"":false}]"
2026-02-05 18:25:00,1770315900000,prev_completed_binance_index_close,66054.735,66052.79,66054.735,-0.2944527746584491,66052.78,65744.99,65747.17,65782.54543478,65784.89565217,1,2000,0.03039951834662657,65790.51606,40,-1.211515838046573,-0.8542884547169116,"[{""offset_bp"":40,""limit_px"":65790.51606,""price_through"":true},{""offset_bp"":60,""limit_px"":65658.40659,""price_through"":false},{""offset_bp"":80,""limit_px"":65526.29712,""price_through"":false},{""offset_bp"":100,""limit_px"":65394.18765,""price_through"":false},{""offset_bp"":120,""limit_px"":65262.07818,""price_through"":false}]"
2026-02-05 18:32:00,1770316320000,prev_completed_binance_index_close,65815.66434783,65821.71,65815.66434783,0.9185734475103402,65821.72,65519.9,65533.85,65584.35282609,65584.35282609,1,2000,0.03050994240370777,65552.40169043868,40,4.874136542274421,4.874136542274421,"[{""offset_bp"":40,""limit_px"":65552.40169043868,""price_through"":true},{""offset_bp"":60,""limit_px"":65420.770361743016,""price_through"":false},{""offset_bp"":80,""limit_px"":65289.13903304736,""price_through"":false},{""offset_bp"":100,""limit_px"":65157.507704351694,""price_through"":false},{""offset_bp"":120,""limit_px"":65025.87637565604,""price_through"":false}]"
2026-02-05 19:25:00,1770319500000,prev_completed_binance_index_close,65957.12,65983.51,65957.12,4.001084340856664,65983.52,65671.98,65696.36,65684.29826087,65704.39673913,1,2000,0.030444508925102493,65693.29152,40,-1.368976789245524,1.6904647145921103,"[{""offset_bp"":40,""limit_px"":65693.29152,""price_through"":true},{""offset_bp"":60,""limit_px"":65561.37728,""price_through"":false},{""offset_bp"":80,""limit_px"":65429.463039999995,""price_through"":false},{""offset_bp"":100,""limit_px"":65297.5488,""price_through"":false},{""offset_bp"":120,""limit_px"":65165.63455999999,""price_through"":false}]"
2026-02-05 19:32:00,1770319920000,prev_completed_binance_index_close,66016.69304348,66002.21,66016.69304348,-2.1938456490777636,65998.96,65700.33,65700.33,65714.33434783,65714.33434783,1,2000,0.030417035994085972,65752.62627130609,40,-5.823634073275352,-5.823634073275352,"[{""offset_bp"":40,""limit_px"":65752.62627130609,""price_through"":true},{""offset_bp"":60,""limit_px"":65620.59288521913,""price_through"":false},{""offset_bp"":80,""limit_px"":65488.55949913216,""price_through"":false},{""offset_bp"":100,""limit_px"":65356.5261130452,""price_through"":false},{""offset_bp"":120,""limit_px"":65224.49272695824,""price_through"":false}]"
2026-02-05 20:15:00,1770322500000,prev_completed_binance_index_close,65046.69608696,65051.38,65046.69608696,0.7200846963439922,65051.38,64485.0,64554.21,64543.3573913,64626.28152174,3,6000,0.09279846569470665,64656.2414053172,80,-17.459105503759844,-4.633718713927815,"[{""offset_bp"":40,""limit_px"":64786.50930261216,""price_through"":true},{""offset_bp"":60,""limit_px"":64656.41591043824,""price_through"":true},{""offset_bp"":80,""limit_px"":64526.32251826432,""price_through"":true},{""offset_bp"":100,""limit_px"":64396.2291260904,""price_through"":false},{""offset_bp"":120,""limit_px"":64266.13573391648,""price_through"":false}]"
2026-02-05 20:16:00,1770322560000,prev_completed_binance_index_close,64626.28152174,64554.21,64626.28152174,-11.152045273679079,64554.2,64277.52,64277.52,64336.59326087,64343.00391304,1,2000,0.031071447733513228,64367.77639565304,40,-4.844525712891512,-3.8485844937030667,"[{""offset_bp"":40,""limit_px"":64367.77639565304,""price_through"":true},{""offset_bp"":60,""limit_px"":64238.52383260956,""price_through"":false},{""offset_bp"":80,""limit_px"":64109.27126956608,""price_through"":false},{""offset_bp"":100,""limit_px"":63980.0187065226,""price_through"":false},{""offset_bp"":120,""limit_px"":63850.766143479115,""price_through"":false}]"
2026-02-05 20:17:00,1770322620000,prev_completed_binance_index_close,64343.00391304,64277.52,64343.00391304,-10.177316733378516,64277.53,64048.0,64457.42,64099.43629674,64462.48456522,1,2000,0.03120824342034023,64085.63189738784,40,2.1540552762688847,58.80454895655474,"[{""offset_bp"":40,""limit_px"":64085.63189738784,""price_through"":true},{""offset_bp"":60,""limit_px"":63956.94588956176,""price_through"":false},{""offset_bp"":80,""limit_px"":63828.25988173568,""price_through"":false},{""offset_bp"":100,""limit_px"":63699.5738739096,""price_through"":false},{""offset_bp"":120,""limit_px"":63570.88786608352,""price_through"":false}]"
2026-02-05 20:19:00,1770322740000,prev_completed_binance_index_close,64478.46413043,64452.26,64478.46413043,-4.064012811625384,64452.26,64201.53,64271.32,64266.17243913,64289.36004348,1,2000,0.03114267927430958,64220.55027390828,40,7.103982296499112,10.714602923556082,"[{""offset_bp"":40,""limit_px"":64220.55027390828,""price_through"":true},{""offset_bp"":60,""limit_px"":64091.59334564742,""price_through"":false},{""offset_bp"":80,""limit_px"":63962.63641738656,""price_through"":false},{""offset_bp"":100,""limit_px"":63833.6794891257,""price_through"":false},{""offset_bp"":120,""limit_px"":63704.722560864844,""price_through"":false}]"
2026-02-05 20:21:00,1770322860000,prev_completed_binance_index_close,64302.89378913,64244.53,64302.89378913,-9.076386098796352,64244.53,64020.61,64049.03,64078.6625,64090.30630652,1,2000,0.031227710141615763,64045.68221397348,40,5.149494062117732,6.967541136877475,"[{""offset_bp"":40,""limit_px"":64045.68221397348,""price_through"":true},{""offset_bp"":60,""limit_px"":63917.07642639522,""price_through"":false},{""offset_bp"":80,""limit_px"":63788.47063881696,""price_through"":false},{""offset_bp"":100,""limit_px"":63659.8648512387,""price_through"":false},{""offset_bp"":120,""limit_px"":63531.259063660444,""price_through"":false}]"
2026-02-05 20:22:00,1770322920000,prev_completed_binance_index_close,64090.30630652,64049.03,64090.30630652,-6.440335348467663,64049.04,63555.0,63666.23,63636.9686087,63745.32501304,3,6000,0.09418325396216265,63705.59252933065,80,-10.772040241059377,6.236891006241585,"[{""offset_bp"":40,""limit_px"":63833.94508129392,""price_through"":true},{""offset_bp"":60,""limit_px"":63705.76446868088,""price_through"":true},{""offset_bp"":80,""limit_px"":63577.58385606784,""price_through"":true},{""offset_bp"":100,""limit_px"":63449.4032434548,""price_through"":false},{""offset_bp"":120,""limit_px"":63321.22263084176,""price_through"":false}]"
2026-02-05 20:25:00,1770323100000,prev_completed_binance_index_close,64109.0079587,64063.71,64109.0079587,-7.065771276507649,64060.84,63373.0,63509.59,63445.07459565,63556.16351739,4,8000,0.12566776295730336,63659.92209726901,100,-33.74925613178314,-16.29888577627692,"[{""offset_bp"":40,""limit_px"":63852.5719268652,""price_through"":true},{""offset_bp"":60,""limit_px"":63724.3539109478,""price_through"":true},{""offset_bp"":80,""limit_px"":63596.1358950304,""price_through"":true},{""offset_bp"":100,""limit_px"":63467.917879112996,""price_through"":true},{""offset_bp"":120,""limit_px"":63339.6998631956,""price_through"":false}]"
2026-02-05 20:29:00,1770323340000,prev_completed_binance_index_close,64196.0335,64151.44,64196.0335,-6.946457213745649,64151.44,63840.79,63866.59,63920.92617391,63943.6563,1,2000,0.03127969157960603,63939.24936599999,40,-2.865718986644339,0.6892376816614032,"[{""offset_bp"":40,""limit_px"":63939.249366,""price_through"":true},{""offset_bp"":60,""limit_px"":63810.857298999996,""price_through"":false},{""offset_bp"":80,""limit_px"":63682.465231999995,""price_through"":false},{""offset_bp"":100,""limit_px"":63554.073164999994,""price_through"":false},{""offset_bp"":120,""limit_px"":63425.681097999994,""price_through"":false}]"
2026-02-05 20:31:00,1770323460000,prev_completed_binance_index_close,63807.23047826,63719.59,63807.23047826,-13.735195463445704,63719.6,63542.8,63563.59,63592.67071304,63592.67071304,1,2000,0.0314702912736233,63552.00155634695,40,6.399351034915846,6.399351034915846,"[{""offset_bp"":40,""limit_px"":63552.00155634696,""price_through"":true},{""offset_bp"":60,""limit_px"":63424.38709539043,""price_through"":false},{""offset_bp"":80,""limit_px"":63296.77263443392,""price_through"":false},{""offset_bp"":100,""limit_px"":63169.15817347739,""price_through"":false},{""offset_bp"":120,""limit_px"":63041.54371252088,""price_through"":false}]"
2026-02-05 20:36:00,1770323760000,prev_completed_binance_index_close,63746.52191739,63684.48,63746.52191739,-9.732596465481524,63684.47,63147.9,63552.91,63197.95803478,63530.8215087,3,6000,0.09469118335902632,63363.87176882881,80,-26.184279687661018,26.34778071647359,"[{""offset_bp"":40,""limit_px"":63491.53582972044,""price_through"":true},{""offset_bp"":60,""limit_px"":63364.04278588566,""price_through"":true},{""offset_bp"":80,""limit_px"":63236.54974205088,""price_through"":true},{""offset_bp"":100,""limit_px"":63109.056698216096,""price_through"":false},{""offset_bp"":120,""limit_px"":62981.563654381316,""price_through"":false}]"
2026-02-05 20:38:00,1770323880000,prev_completed_binance_index_close,63774.63957609,63702.16,63774.63957609,-11.364952678959428,63702.16,63386.99,63640.0,63477.64369239,63683.26113043,2,4000,0.06303610008372193,63455.70228309439,60,3.4577521808398792,35.86105568895937,"[{""offset_bp"":40,""limit_px"":63519.54101778564,""price_through"":true},{""offset_bp"":60,""limit_px"":63391.99173863346,""price_through"":true},{""offset_bp"":80,""limit_px"":63264.44245948128,""price_through"":false},{""offset_bp"":100,""limit_px"":63136.8931803291,""price_through"":false},{""offset_bp"":120,""limit_px"":63009.343901176915,""price_through"":false}]"
2026-02-05 20:41:00,1770324060000,prev_completed_binance_index_close,64049.30840978,64010.01,64049.30840978,-6.135649354489514,64010.01,63787.71,63813.0,63863.98635217,63879.29013043,1,2000,0.0313513475534646,63793.11117614089,40,11.1101613830078,13.509131738560498,"[{""offset_bp"":40,""limit_px"":63793.11117614088,""price_through"":true},{""offset_bp"":60,""limit_px"":63665.01255932132,""price_through"":false},{""offset_bp"":80,""limit_px"":63536.913942501764,""price_through"":false},{""offset_bp"":100,""limit_px"":63408.815325682204,""price_through"":false},{""offset_bp"":120,""limit_px"":63280.716708862645,""price_through"":false}]"
2026-02-05 20:42:00,1770324120000,prev_completed_binance_index_close,63879.29013043,63813.0,63879.29013043,-10.377405618416935,63814.39,63560.0,63729.23,63583.92086957,63682.85347826,1,2000,0.03143479090663056,63623.77296990828,40,-6.263712206618921,9.285917133470267,"[{""offset_bp"":40,""limit_px"":63623.772969908285,""price_through"":true},{""offset_bp"":60,""limit_px"":63496.014389647426,""price_through"":false},{""offset_bp"":80,""limit_px"":63368.25580938656,""price_through"":false},{""offset_bp"":100,""limit_px"":63240.4972291257,""price_through"":false},{""offset_bp"":120,""limit_px"":63112.73864886484,""price_through"":false}]"
2026-02-05 20:46:00,1770324360000,prev_completed_binance_index_close,63759.15891304,63806.5,63759.15891304,7.424986114474841,63809.83,63486.78,63527.52,63503.20826087,63542.66021739,1,2000,0.03149401847117802,63504.12227738783,40,-0.1439302654782093,6.068572971347219,"[{""offset_bp"":40,""limit_px"":63504.12227738784,""price_through"":true},{""offset_bp"":60,""limit_px"":63376.60395956176,""price_through"":false},{""offset_bp"":80,""limit_px"":63249.085641735684,""price_through"":false},{""offset_bp"":100,""limit_px"":63121.5673239096,""price_through"":false},{""offset_bp"":120,""limit_px"":62994.04900608352,""price_through"":false}]"
2026-02-05 20:52:00,1770324720000,prev_completed_binance_index_close,63146.21934783,63161.05,63146.21934783,2.348620760381781,63160.53,62759.62,62759.62,62785.3276087,62785.3276087,2,4000,0.0636634244241552,62830.42478755383,60,-7.1776020942582175,-7.1776020942582175,"[{""offset_bp"":40,""limit_px"":62893.63447043869,""price_through"":true},{""offset_bp"":60,""limit_px"":62767.34203174302,""price_through"":true},{""offset_bp"":80,""limit_px"":62641.04959304736,""price_through"":false},{""offset_bp"":100,""limit_px"":62514.757154351704,""price_through"":false},{""offset_bp"":120,""limit_px"":62388.464715656046,""price_through"":false}]"
2026-02-05 21:01:00,1770325260000,prev_completed_binance_index_close,64350.92804348,64449.99,64350.92804348,15.394021427797,64449.99,63736.59,63937.28,63790.68934783,63884.71173913,3,6000,0.09380181108345886,63964.64983668154,80,-27.196348185397625,-12.497230541501647,"[{""offset_bp"":40,""limit_px"":64093.52433130608,""price_through"":true},{""offset_bp"":60,""limit_px"":63964.82247521912,""price_through"":true},{""offset_bp"":80,""limit_px"":63836.12061913216,""price_through"":true},{""offset_bp"":100,""limit_px"":63707.4187630452,""price_through"":false},{""offset_bp"":120,""limit_px"":63578.71690695824,""price_through"":false}]"
2026-02-05 21:06:00,1770325560000,prev_completed_binance_index_close,64448.01521739,64415.25,64448.01521739,-5.083976175135341,64415.25,64128.13,64142.27,64147.98521739,64147.98521739,1,2000,0.031157392849737117,64190.22315652044,40,-6.580120313252058,-6.580120313252058,"[{""offset_bp"":40,""limit_px"":64190.22315652044,""price_through"":true},{""offset_bp"":60,""limit_px"":64061.327126085656,""price_through"":false},{""offset_bp"":80,""limit_px"":63932.43109565088,""price_through"":false},{""offset_bp"":100,""limit_px"":63803.5350652161,""price_through"":false},{""offset_bp"":120,""limit_px"":63674.63903478132,""price_through"":false}]"
2026-02-05 21:11:00,1770325860000,prev_completed_binance_index_close,63805.81173913,63805.43,63805.81173913,-0.059828269493023,63805.43,63491.07,63609.7,63576.28934783,63623.655,1,2000,0.03147099102388813,63550.58849217348,40,4.0441569883631345,11.497377059774827,"[{""offset_bp"":40,""limit_px"":63550.588492173476,""price_through"":true},{""offset_bp"":60,""limit_px"":63422.976868695216,""price_through"":false},{""offset_bp"":80,""limit_px"":63295.365245216955,""price_through"":false},{""offset_bp"":100,""limit_px"":63167.753621738695,""price_through"":false},{""offset_bp"":120,""limit_px"":63040.141998260435,""price_through"":false}]"
2026-02-05 21:17:00,1770326220000,prev_completed_binance_index_close,63511.86630435,63516.34,63511.86630435,0.7043873704737358,63511.91,63202.46,63228.34,63212.69,63214.665,1,2000,0.03161664497294931,63257.818839132604,40,-7.134112424483918,-6.821898055376918,"[{""offset_bp"":40,""limit_px"":63257.8188391326,""price_through"":true},{""offset_bp"":60,""limit_px"":63130.795106523896,""price_through"":false},{""offset_bp"":80,""limit_px"":63003.771373915195,""price_through"":false},{""offset_bp"":100,""limit_px"":62876.747641306494,""price_through"":false},{""offset_bp"":120,""limit_px"":62749.7239086978,""price_through"":false}]"
2026-02-05 21:19:00,1770326340000,prev_completed_binance_index_close,63181.5626087,63154.77,63181.5626087,-4.24057392596211,63154.4,62925.57,62960.83,62956.09282609,62974.7426087,1,2000,0.03178193203213929,62928.83635826519,40,4.3313160392211,7.294946655846957,"[{""offset_bp"":40,""limit_px"":62928.836358265195,""price_through"":true},{""offset_bp"":60,""limit_px"":62802.4732330478,""price_through"":false},{""offset_bp"":80,""limit_px"":62676.1101078304,""price_through"":false},{""offset_bp"":100,""limit_px"":62549.746982613,""price_through"":false},{""offset_bp"":120,""limit_px"":62423.383857395595,""price_through"":false}]"
2026-02-05 21:32:00,1770327120000,prev_completed_binance_index_close,64105.2,64110.0,64105.2,0.7487692106100674,64109.99,63828.28,63918.82,63849.63282609,63927.11086957,1,2000,0.03132401316139808,63848.7792,40,0.1336949743913074,12.26831124282457,"[{""offset_bp"":40,""limit_px"":63848.7792,""price_through"":true},{""offset_bp"":60,""limit_px"":63720.568799999994,""price_through"":false},{""offset_bp"":80,""limit_px"":63592.3584,""price_through"":false},{""offset_bp"":100,""limit_px"":63464.147999999994,""price_through"":false},{""offset_bp"":120,""limit_px"":63335.9376,""price_through"":false}]"
2026-02-05 21:34:00,1770327240000,prev_completed_binance_index_close,63772.57891304,63814.53,63772.57891304,6.578232788296834,63815.14,63479.9,63517.44,63504.20326087,63525.6776087,1,2000,0.03148739101882958,63517.48859738783,40,-2.0916029287687543,1.2892530062202923,"[{""offset_bp"":40,""limit_px"":63517.48859738784,""price_through"":true},{""offset_bp"":60,""limit_px"":63389.94343956176,""price_through"":false},{""offset_bp"":80,""limit_px"":63262.39828173568,""price_through"":false},{""offset_bp"":100,""limit_px"":63134.8531239096,""price_through"":false},{""offset_bp"":120,""limit_px"":63007.30796608352,""price_through"":false}]"
2026-02-05 21:43:00,1770327780000,prev_completed_binance_index_close,64088.50347826,64094.23,64088.50347826,0.8935333841808557,64094.24,63761.85,63780.04,63776.56108696,63776.56108696,1,2000,0.03133217378363684,63832.149464346956,40,-8.708523503192511,-8.708523503192511,"[{""offset_bp"":40,""limit_px"":63832.149464346956,""price_through"":true},{""offset_bp"":60,""limit_px"":63703.97245739044,""price_through"":false},{""offset_bp"":80,""limit_px"":63575.795450433914,""price_through"":false},{""offset_bp"":100,""limit_px"":63447.6184434774,""price_through"":false},{""offset_bp"":120,""limit_px"":63319.44143652088,""price_through"":false}]"
2026-02-05 21:52:00,1770328320000,prev_completed_binance_index_close,63451.11413043,63464.95,63451.11413043,2.180555812079099,63464.96,63177.52,63180.03,63186.79521739,63190.65152174,1,2000,0.03164691678047368,63197.30967390829,40,-1.6637506521310907,-1.0535499379082935,"[{""offset_bp"":40,""limit_px"":63197.30967390828,""price_through"":true},{""offset_bp"":60,""limit_px"":63070.407445647426,""price_through"":false},{""offset_bp"":80,""limit_px"":62943.50521738656,""price_through"":false},{""offset_bp"":100,""limit_px"":62816.602989125706,""price_through"":false},{""offset_bp"":120,""limit_px"":62689.70076086484,""price_through"":false}]"
2026-02-05 21:56:00,1770328560000,prev_completed_binance_index_close,63312.24695652,63290.15,63312.24695652,-3.4901551567378952,63290.91,63030.97,63066.92,63038.3873913,63047.22891304,1,2000,0.0317163301737353,63058.997968693926,40,-3.268459388485745,-1.8663562747645024,"[{""offset_bp"":40,""limit_px"":63058.99796869392,""price_through"":true},{""offset_bp"":60,""limit_px"":62932.37347478088,""price_through"":false},{""offset_bp"":80,""limit_px"":62805.748980867844,""price_through"":false},{""offset_bp"":100,""limit_px"":62679.1244869548,""price_through"":false},{""offset_bp"":120,""limit_px"":62552.49999304176,""price_through"":false}]"
2026-02-05 22:08:00,1770329280000,prev_completed_binance_index_close,63083.69043478,63107.61,63083.69043478,3.791719389774073,63107.61,62711.36,63335.02,62769.65413043,63314.75543478,1,2000,0.03183124060552687,62831.35567304089,40,-9.820183242896796,76.93607062285946,"[{""offset_bp"":40,""limit_px"":62831.35567304088,""price_through"":true},{""offset_bp"":60,""limit_px"":62705.18829217132,""price_through"":false},{""offset_bp"":80,""limit_px"":62579.02091130176,""price_through"":false},{""offset_bp"":100,""limit_px"":62452.8535304322,""price_through"":false},{""offset_bp"":120,""limit_px"":62326.68614956264,""price_through"":false}]"
2026-02-05 22:17:00,1770329820000,prev_completed_binance_index_close,63216.50869565,63229.64,63216.50869565,2.077195438492385,63229.64,62780.0,62896.59,62828.33,62848.83195652,2,4000,0.0635926381584298,62900.36261799216,60,-11.45186052894931,-8.192426772659633,"[{""offset_bp"":40,""limit_px"":62963.6426608674,""price_through"":true},{""offset_bp"":60,""limit_px"":62837.209643476104,""price_through"":true},{""offset_bp"":80,""limit_px"":62710.7766260848,""price_through"":false},{""offset_bp"":100,""limit_px"":62584.3436086935,""price_through"":false},{""offset_bp"":120,""limit_px"":62457.9105913022,""price_through"":false}]"
2026-02-05 22:31:00,1770330660000,prev_completed_binance_index_close,64159.4676087,64133.93,64159.4676087,-3.9803336361432518,64133.94,63806.28,63819.91,63853.125,63853.125,1,2000,0.031297518563601176,63902.82973826519,40,-7.778174842768548,-7.778174842768548,"[{""offset_bp"":40,""limit_px"":63902.829738265194,""price_through"":true},{""offset_bp"":60,""limit_px"":63774.51080304779,""price_through"":false},{""offset_bp"":80,""limit_px"":63646.1918678304,""price_through"":false},{""offset_bp"":100,""limit_px"":63517.872932613,""price_through"":false},{""offset_bp"":120,""limit_px"":63389.5539973956,""price_through"":false}]"
2026-02-05 22:33:00,1770330780000,prev_completed_binance_index_close,63970.79456522,64009.52,63970.79456522,6.053611658756175,64009.52,63695.72,63704.76,63715.04630435,63801.53521739,1,2000,0.03138982628184823,63714.91138695911,40,0.02117516731292568,13.595534945469723,"[{""offset_bp"":40,""limit_px"":63714.91138695912,""price_through"":true},{""offset_bp"":60,""limit_px"":63586.96979782868,""price_through"":false},{""offset_bp"":80,""limit_px"":63459.02820869824,""price_through"":false},{""offset_bp"":100,""limit_px"":63331.0866195678,""price_through"":false},{""offset_bp"":120,""limit_px"":63203.14503043736,""price_through"":false}]"
2026-02-05 22:55:00,1770332100000,prev_completed_binance_index_close,64433.17956522,64436.13,64433.17956522,0.45790612847262935,64436.13,64040.89,64140.55,64076.09086957,64113.40065217,2,4000,0.062391838960120016,64110.94891042951,60,-5.437143179430892,0.38242168961089007,"[{""offset_bp"":40,""limit_px"":64175.44684695912,""price_through"":true},{""offset_bp"":60,""limit_px"":64046.58048782868,""price_through"":true},{""offset_bp"":80,""limit_px"":63917.714128698244,""price_through"":false},{""offset_bp"":100,""limit_px"":63788.8477695678,""price_through"":false},{""offset_bp"":120,""limit_px"":63659.98141043736,""price_through"":false}]"
2026-02-05 23:05:00,1770332700000,prev_completed_binance_index_close,64754.96869565,64747.35,64754.96869565,-1.1765422489529165,64747.34,64475.0,64523.66,64515.33173913,64546.73543478,1,2000,0.03100969962555087,64495.9488208674,40,3.0052923659495967,7.874388212143479,"[{""offset_bp"":40,""limit_px"":64495.9488208674,""price_through"":true},{""offset_bp"":60,""limit_px"":64366.4388834761,""price_through"":false},{""offset_bp"":80,""limit_px"":64236.9289460848,""price_through"":false},{""offset_bp"":100,""limit_px"":64107.4190086935,""price_through"":false},{""offset_bp"":120,""limit_px"":63977.9090713022,""price_through"":false}]"
2026-02-05 23:35:00,1770334500000,prev_completed_binance_index_close,63957.0073913,63961.03,63957.0073913,0.6289551159555096,63961.03,63571.42,63625.28,63578.88847826,63620.05195652,2,4000,0.06285635815519024,63637.15807594411,60,-9.156536753979205,-2.6880709229182287,"[{""offset_bp"":40,""limit_px"":63701.1793617348,""price_through"":true},{""offset_bp"":60,""limit_px"":63573.265346952205,""price_through"":true},{""offset_bp"":80,""limit_px"":63445.3513321696,""price_through"":false},{""offset_bp"":100,""limit_px"":63317.437317387004,""price_through"":false},{""offset_bp"":120,""limit_px"":63189.5233026044,""price_through"":false}]"
2026-02-05 23:52:00,1770335520000,prev_completed_binance_index_close,63144.70391304,63131.45,63144.70391304,-2.098974612068094,63131.45,62859.9,62946.3,62880.83652174,62967.66217391,1,2000,0.031800483715616536,62892.12509738784,40,-1.7949108303083605,12.010577859340454,"[{""offset_bp"":40,""limit_px"":62892.12509738784,""price_through"":true},{""offset_bp"":60,""limit_px"":62765.83568956176,""price_through"":false},{""offset_bp"":80,""limit_px"":62639.54628173568,""price_through"":false},{""offset_bp"":100,""limit_px"":62513.2568739096,""price_through"":false},{""offset_bp"":120,""limit_px"":62386.96746608352,""price_through"":false}]"
2026-02-05 23:58:00,1770335880000,prev_completed_binance_index_close,62974.63717391,62981.79,62974.63717391,1.1358264868199797,62981.8,62717.48,62802.36,62731.64282609,62797.90804348,1,2000,0.03188636280616749,62722.738625214355,40,1.4196128980992206,11.984396713733414,"[{""offset_bp"":40,""limit_px"":62722.73862521436,""price_through"":true},{""offset_bp"":60,""limit_px"":62596.78935086654,""price_through"":false},{""offset_bp"":80,""limit_px"":62470.84007651872,""price_through"":false},{""offset_bp"":100,""limit_px"":62344.8908021709,""price_through"":false},{""offset_bp"":120,""limit_px"":62218.94152782308,""price_through"":false}]"
2026-02-06 00:01:00,1770336060000,prev_completed_binance_index_close,63057.6126087,63047.62,63057.6126087,-1.5846791983720188,63047.61,62733.15,62753.15,62739.04347826,62754.76630435,1,2000,0.031844404591952626,62805.3821582652,40,-10.562578830908276,-8.059158654214471,"[{""offset_bp"":40,""limit_px"":62805.3821582652,""price_through"":true},{""offset_bp"":60,""limit_px"":62679.2669330478,""price_through"":false},{""offset_bp"":80,""limit_px"":62553.1517078304,""price_through"":false},{""offset_bp"":100,""limit_px"":62427.036482613,""price_through"":false},{""offset_bp"":120,""limit_px"":62300.9212573956,""price_through"":false}]"
2026-02-06 00:02:00,1770336120000,prev_completed_binance_index_close,62754.76630435,62753.15,62754.76630435,-0.25755881906341926,62753.15,62401.27,62418.79,62429.33130435,62429.33130435,1,2000,0.031998081528587644,62503.74723913261,40,-11.90583574099957,-11.90583574099957,"[{""offset_bp"":40,""limit_px"":62503.7472391326,""price_through"":true},{""offset_bp"":60,""limit_px"":62378.2377065239,""price_through"":false},{""offset_bp"":80,""limit_px"":62252.7281739152,""price_through"":false},{""offset_bp"":100,""limit_px"":62127.2186413065,""price_through"":false},{""offset_bp"":120,""limit_px"":62001.709108697796,""price_through"":false}]"
2026-02-06 00:03:00,1770336180000,prev_completed_binance_index_close,62429.33130435,62418.79,62429.33130435,-1.6885179017234186,62418.79,61967.5,62648.02,62023.0123913,62640.4873913,2,4000,0.06439448379677881,62117.12190478171,60,-15.1503338525516,84.25462585348819,"[{""offset_bp"":40,""limit_px"":62179.6139791326,""price_through"":true},{""offset_bp"":60,""limit_px"":62054.7553165239,""price_through"":true},{""offset_bp"":80,""limit_px"":61929.8966539152,""price_through"":false},{""offset_bp"":100,""limit_px"":61805.037991306504,""price_through"":false},{""offset_bp"":120,""limit_px"":61680.1793286978,""price_through"":false}]"
2026-02-06 00:04:00,1770336240000,prev_completed_binance_index_close,62640.4873913,62648.02,62640.4873913,1.2025143822635975,62648.02,62218.43,62292.8,62251.08891304,62298.83913043,2,4000,0.06417741512784024,62327.22199907978,60,-12.215061669346161,-4.553847859639637,"[{""offset_bp"":40,""limit_px"":62389.9254417348,""price_through"":true},{""offset_bp"":60,""limit_px"":62264.644466952195,""price_through"":true},{""offset_bp"":80,""limit_px"":62139.3634921696,""price_through"":false},{""offset_bp"":100,""limit_px"":62014.082517386996,""price_through"":false},{""offset_bp"":120,""limit_px"":61888.8015426044,""price_through"":false}]"
2026-02-06 00:05:00,1770336300000,prev_completed_binance_index_close,62298.83913043,62292.8,62298.83913043,-0.9693808928534775,62292.2,61788.0,61848.01,61806.03347826,61848.91934783,3,6000,0.09689159027092295,61924.87896238599,80,-19.191879922475508,-12.266413084494054,"[{""offset_bp"":40,""limit_px"":62049.64377390828,""price_through"":true},{""offset_bp"":60,""limit_px"":61925.04609564742,""price_through"":true},{""offset_bp"":80,""limit_px"":61800.448417386564,""price_through"":true},{""offset_bp"":100,""limit_px"":61675.8507391257,""price_through"":false},{""offset_bp"":120,""limit_px"":61551.253060864845,""price_through"":false}]"
2026-02-06 00:08:00,1770336480000,prev_completed_binance_index_close,61947.29826087,61923.68,61947.29826087,-3.8126377635605557,61923.68,61363.51,61377.36,61378.58434783,61383.03913043,3,6000,0.09744143432955252,61575.44828114553,80,-31.97117338337052,-31.24770603975424,"[{""offset_bp"":40,""limit_px"":61699.50906782652,""price_through"":true},{""offset_bp"":60,""limit_px"":61575.614471304776,""price_through"":true},{""offset_bp"":80,""limit_px"":61451.71987478303,""price_through"":true},{""offset_bp"":100,""limit_px"":61327.8252782613,""price_through"":false},{""offset_bp"":120,""limit_px"":61203.930681739555,""price_through"":false}]"
2026-02-06 00:09:00,1770336540000,prev_completed_binance_index_close,61383.03913043,61377.36,61383.03913043,-0.9251953814037872,61377.36,61100.0,61424.11,61113.25021739,61448.36826087,1,2000,0.032713142864224776,61137.506973908276,40,-3.9675737070254957,50.8462484566774,"[{""offset_bp"":40,""limit_px"":61137.506973908276,""price_through"":true},{""offset_bp"":60,""limit_px"":61014.74089564742,""price_through"":false},{""offset_bp"":80,""limit_px"":60891.97481738656,""price_through"":false},{""offset_bp"":100,""limit_px"":60769.2087391257,""price_through"":false},{""offset_bp"":120,""limit_px"":60646.442660864835,""price_through"":false}]"
2026-02-06 00:10:00,1770336600000,prev_completed_binance_index_close,61448.36826087,61424.11,61448.36826087,-3.947746955136333,61424.11,61050.0,61139.99,61066.94673913,61109.68782609,2,4000,0.06542247869064546,61141.06466241161,60,-12.122445641216117,-5.131876014077275,"[{""offset_bp"":40,""limit_px"":61202.57478782652,""price_through"":true},{""offset_bp"":60,""limit_px"":61079.67805130478,""price_through"":true},{""offset_bp"":80,""limit_px"":60956.78131478304,""price_through"":false},{""offset_bp"":100,""limit_px"":60833.8845782613,""price_through"":false},{""offset_bp"":120,""limit_px"":60710.98784173956,""price_through"":false}]"
2026-02-06 00:13:00,1770336780000,prev_completed_binance_index_close,60965.9726087,60957.17,60965.9726087,-1.4438560271157197,60957.18,60530.3,60755.41,60586.67043478,60716.98478261,2,4000,0.06594013662217901,60661.08147332223,60,-12.266685119182164,9.215679630170115,"[{""offset_bp"":40,""limit_px"":60722.108718265205,""price_through"":true},{""offset_bp"":60,""limit_px"":60600.1767730478,""price_through"":true},{""offset_bp"":80,""limit_px"":60478.2448278304,""price_through"":false},{""offset_bp"":100,""limit_px"":60356.312882613,""price_through"":false},{""offset_bp"":120,""limit_px"":60234.3809373956,""price_through"":false}]"
2026-02-06 00:14:00,1770336840000,prev_completed_binance_index_close,60716.98478261,60755.41,60716.98478261,6.3285779963506705,60762.33,60100.0,60255.65,60142.96086957,60321.57086957,4,8000,0.13268833497623284,60291.66016314065,100,-24.663327095039158,4.961002292591665,"[{""offset_bp"":40,""limit_px"":60474.11684347956,""price_through"":true},{""offset_bp"":60,""limit_px"":60352.68287391434,""price_through"":true},{""offset_bp"":80,""limit_px"":60231.24890434912,""price_through"":true},{""offset_bp"":100,""limit_px"":60109.8149347839,""price_through"":true},{""offset_bp"":120,""limit_px"":59988.38096521868,""price_through"":false}]"
2026-02-06 00:15:00,1770336900000,prev_completed_binance_index_close,60321.57086957,60255.65,60321.57086957,-10.928241526159121,60255.65,60060.0,60453.81,60125.73565217,60376.70652174,1,2000,0.03328879038737093,60080.284586091715,40,7.565055057812131,49.33763841007188,"[{""offset_bp"":40,""limit_px"":60080.28458609172,""price_through"":true},{""offset_bp"":60,""limit_px"":59959.64144435258,""price_through"":false},{""offset_bp"":80,""limit_px"":59838.99830261344,""price_through"":false},{""offset_bp"":100,""limit_px"":59718.3551608743,""price_through"":false},{""offset_bp"":120,""limit_px"":59597.712019135164,""price_through"":false}]"
2026-02-06 00:18:00,1770337080000,prev_completed_binance_index_close,60767.63934783,60792.42,60767.63934783,4.077935630864005,60792.42,60359.0,60627.28,60400.05978261,60583.57108696,2,4000,0.06615535186599707,60463.74007808648,60,-10.53198088544316,19.81865639121283,"[{""offset_bp"":40,""limit_px"":60524.56879043868,""price_through"":true},{""offset_bp"":60,""limit_px"":60403.03351174302,""price_through"":true},{""offset_bp"":80,""limit_px"":60281.49823304736,""price_through"":false},{""offset_bp"":100,""limit_px"":60159.9629543517,""price_through"":false},{""offset_bp"":120,""limit_px"":60038.42767565604,""price_through"":false}]"
2026-02-06 00:19:00,1770337140000,prev_completed_binance_index_close,60583.57108696,60627.28,60583.57108696,7.2146478419465865,60627.27,60000.0,60081.74,60062.54826087,60086.68086957,3,6000,0.09963482652277994,60219.90712884108,80,-26.130705853533165,-22.123292051253742,"[{""offset_bp"":40,""limit_px"":60341.23680261216,""price_through"":true},{""offset_bp"":60,""limit_px"":60220.06966043824,""price_through"":true},{""offset_bp"":80,""limit_px"":60098.90251826432,""price_through"":true},{""offset_bp"":100,""limit_px"":59977.7353760904,""price_through"":false},{""offset_bp"":120,""limit_px"":59856.56823391648,""price_through"":false}]"
2026-02-06 00:28:00,1770337680000,prev_completed_binance_index_close,61696.93326087,61716.06,61696.93326087,3.100111807685657,61709.61,61353.89,61439.9,61411.20521739,61475.79521739,1,2000,0.03254670892674027,61450.14552782652,40,-6.3368947464714775,4.174064901418806,"[{""offset_bp"":40,""limit_px"":61450.14552782652,""price_through"":true},{""offset_bp"":60,""limit_px"":61326.75166130478,""price_through"":false},{""offset_bp"":80,""limit_px"":61203.35779478304,""price_through"":false},{""offset_bp"":100,""limit_px"":61079.9639282613,""price_through"":false},{""offset_bp"":120,""limit_px"":60956.570061739556,""price_through"":false}]"
2026-02-06 00:40:00,1770338400000,prev_completed_binance_index_close,63228.07021739,63225.85,63228.07021739,-0.3511442595616199,63225.85,62782.13,62868.52,62823.11456522,62859.68043478,2,4000,0.06358100997389018,62911.86632050383,60,-14.107315594753533,-8.295078301758796,"[{""offset_bp"":40,""limit_px"":62975.15793652044,""price_through"":true},{""offset_bp"":60,""limit_px"":62848.70179608566,""price_through"":true},{""offset_bp"":80,""limit_px"":62722.24565565088,""price_through"":false},{""offset_bp"":100,""limit_px"":62595.7895152161,""price_through"":false},{""offset_bp"":120,""limit_px"":62469.333374781316,""price_through"":false}]"
2026-02-06 00:46:00,1770338760000,prev_completed_binance_index_close,63417.64804348,63430.81,63417.64804348,2.0754406582490503,63430.81,63066.17,63067.11,63088.12043478,63088.12043478,1,2000,0.03166361715491754,63163.97745130608,40,-12.009537648979274,-12.009537648979274,"[{""offset_bp"":40,""limit_px"":63163.977451306084,""price_through"":true},{""offset_bp"":60,""limit_px"":63037.142155219124,""price_through"":false},{""offset_bp"":80,""limit_px"":62910.306859132164,""price_through"":false},{""offset_bp"":100,""limit_px"":62783.471563045205,""price_through"":false},{""offset_bp"":120,""limit_px"":62656.636266958245,""price_through"":false}]"
2026-02-06 00:47:00,1770338820000,prev_completed_binance_index_close,63088.12043478,63067.11,63088.12043478,-3.330331389682639,63067.1,62755.89,62804.09,62777.54695652,62802.80108696,1,2000,0.031829005439937684,62835.76795304087,40,-9.265582074907686,-5.246512799129688,"[{""offset_bp"":40,""limit_px"":62835.76795304088,""price_through"":true},{""offset_bp"":60,""limit_px"":62709.59171217132,""price_through"":false},{""offset_bp"":80,""limit_px"":62583.41547130176,""price_through"":false},{""offset_bp"":100,""limit_px"":62457.2392304322,""price_through"":false},{""offset_bp"":120,""limit_px"":62331.06298956264,""price_through"":false}]"
2026-02-06 00:55:00,1770339300000,prev_completed_binance_index_close,63824.35347826,63843.59,63824.35347826,3.01397831574457,63843.58,63500.0,63500.01,63514.45065217,63514.45065217,1,2000,0.03146184832405763,63569.056064346965,40,-8.589935977921792,-8.589935977921792,"[{""offset_bp"":40,""limit_px"":63569.056064346965,""price_through"":true},{""offset_bp"":60,""limit_px"":63441.407357390446,""price_through"":false},{""offset_bp"":80,""limit_px"":63313.75865043392,""price_through"":false},{""offset_bp"":100,""limit_px"":63186.1099434774,""price_through"":false},{""offset_bp"":120,""limit_px"":63058.46123652088,""price_through"":false}]"
2026-02-06 01:12:00,1770340320000,prev_completed_binance_index_close,64707.905,64708.33,64707.905,0.0656797650933072,64705.74,64402.11,64424.0,64403.62065217,64407.00456522,1,2000,0.03103225376426661,64449.07338,40,-7.052502921494064,-6.527450679074676,"[{""offset_bp"":40,""limit_px"":64449.07338,""price_through"":true},{""offset_bp"":60,""limit_px"":64319.657569999996,""price_through"":false},{""offset_bp"":80,""limit_px"":64190.24176,""price_through"":false},{""offset_bp"":100,""limit_px"":64060.82595,""price_through"":false},{""offset_bp"":120,""limit_px"":63931.41014,""price_through"":false}]"
2026-02-06 01:16:00,1770340560000,prev_completed_binance_index_close,64398.68913043,64412.99,64398.68913043,2.2206771229504874,64413.0,64018.32,64169.53,64027.565,64152.83456522,1,2000,0.03118125781174031,64141.09437390828,40,-17.69994338519765,1.83036966024952,"[{""offset_bp"":40,""limit_px"":64141.09437390828,""price_through"":true},{""offset_bp"":60,""limit_px"":64012.29699564742,""price_through"":false},{""offset_bp"":80,""limit_px"":63883.49961738656,""price_through"":false},{""offset_bp"":100,""limit_px"":63754.7022391257,""price_through"":false},{""offset_bp"":120,""limit_px"":63625.90486086484,""price_through"":false}]"
2026-02-06 01:18:00,1770340680000,prev_completed_binance_index_close,64461.515,64438.62,64461.515,-3.5517316029565205,64438.62,64192.08,64217.81,64200.28152174,64203.32173913,1,2000,0.031150867746655604,64203.668939999996,40,-0.5276050910985042,-0.05407804191448484,"[{""offset_bp"":40,""limit_px"":64203.668939999996,""price_through"":true},{""offset_bp"":60,""limit_px"":64074.74591,""price_through"":false},{""offset_bp"":80,""limit_px"":63945.82288,""price_through"":false},{""offset_bp"":100,""limit_px"":63816.89985,""price_through"":false},{""offset_bp"":120,""limit_px"":63687.976819999996,""price_through"":false}]"
2026-02-06 01:37:00,1770341820000,prev_completed_binance_index_close,64577.02413043,64574.83,64577.02413043,-0.33976951702929803,64574.83,64300.7,64340.44,64307.41478261,64307.41478261,1,2000,0.03109514808948638,64318.71603390828,40,-1.7570704135816406,-1.7570704135816406,"[{""offset_bp"":40,""limit_px"":64318.71603390828,""price_through"":true},{""offset_bp"":60,""limit_px"":64189.56198564742,""price_through"":false},{""offset_bp"":80,""limit_px"":64060.40793738656,""price_through"":false},{""offset_bp"":100,""limit_px"":63931.2538891257,""price_through"":false},{""offset_bp"":120,""limit_px"":63802.09984086484,""price_through"":false}]"
2026-02-06 02:03:00,1770343380000,prev_completed_binance_index_close,65720.67565217,65718.82,65720.67565217,-0.2823543963259567,65718.83,65417.85,65417.85,65434.61347826,65434.61347826,1,2000,0.03055403963193665,65457.79294956132,40,-3.54113242393983,-3.54113242393983,"[{""offset_bp"":40,""limit_px"":65457.79294956132,""price_through"":true},{""offset_bp"":60,""limit_px"":65326.35159825698,""price_through"":false},{""offset_bp"":80,""limit_px"":65194.91024695264,""price_through"":false},{""offset_bp"":100,""limit_px"":65063.4688956483,""price_through"":false},{""offset_bp"":120,""limit_px"":64932.02754434396,""price_through"":false}]"
2026-02-06 02:12:00,1770343920000,prev_completed_binance_index_close,65063.51434783,65043.19,65063.51434783,-3.1237703701869624,65043.2,64800.0,64804.55,64807.1,64807.1,1,2000,0.03086264473479103,64803.26029043868,40,0.5925179603782915,0.5925179603782915,"[{""offset_bp"":40,""limit_px"":64803.26029043868,""price_through"":true},{""offset_bp"":60,""limit_px"":64673.13326174302,""price_through"":false},{""offset_bp"":80,""limit_px"":64543.00623304736,""price_through"":false},{""offset_bp"":100,""limit_px"":64412.8792043517,""price_through"":false},{""offset_bp"":120,""limit_px"":64282.75217565604,""price_through"":false}]"
2026-02-06 02:19:00,1770344340000,prev_completed_binance_index_close,65091.11413043,65096.18,65091.11413043,0.7782735996575418,65095.93,64761.96,64783.85,64770.92891304,64782.00108696,1,2000,0.03084955842805745,64830.749673908285,40,-9.22722028808498,-7.519361906731525,"[{""offset_bp"":40,""limit_px"":64830.749673908285,""price_through"":true},{""offset_bp"":60,""limit_px"":64700.56744564742,""price_through"":false},{""offset_bp"":80,""limit_px"":64570.38521738656,""price_through"":false},{""offset_bp"":100,""limit_px"":64440.202989125704,""price_through"":false},{""offset_bp"":120,""limit_px"":64310.02076086484,""price_through"":false}]"
2026-02-06 02:23:00,1770344580000,prev_completed_binance_index_close,64562.79521739,64545.64,64562.79521739,-2.6571367197214535,64545.63,64300.7,64318.54,64322.86347826,64328.43217391,1,2000,0.031102001109970415,64304.544036520434,40,2.848856486590279,3.714844378026605,"[{""offset_bp"":40,""limit_px"":64304.544036520434,""price_through"":true},{""offset_bp"":60,""limit_px"":64175.418446085656,""price_through"":false},{""offset_bp"":80,""limit_px"":64046.29285565088,""price_through"":false},{""offset_bp"":100,""limit_px"":63917.1672652161,""price_through"":false},{""offset_bp"":120,""limit_px"":63788.041674781314,""price_through"":false}]"
2026-02-06 05:55:00,1770357300000,prev_completed_binance_index_close,66810.89086957,66826.49,66810.89086957,2.3348185044347325,66826.49,66363.77,66385.27,66384.0476087,66384.0476087,2,4000,0.06017139587271568,66476.76926859816,60,-13.947979259268939,-13.947979259268939,"[{""offset_bp"":40,""limit_px"":66543.64730609172,""price_through"":true},{""offset_bp"":60,""limit_px"":66410.02552435258,""price_through"":true},{""offset_bp"":80,""limit_px"":66276.40374261343,""price_through"":false},{""offset_bp"":100,""limit_px"":66142.78196087429,""price_through"":false},{""offset_bp"":120,""limit_px"":66009.16017913516,""price_through"":false}]"
2026-02-06 06:44:00,1770360240000,prev_completed_binance_index_close,65265.78586957,65252.62,65265.78586957,-2.017269752379036,65252.63,64954.54,65082.62,65001.16043478,65103.29543478,1,2000,0.030766995321668163,65004.72272609172,40,-0.5480050006101411,15.163930335282405,"[{""offset_bp"":40,""limit_px"":65004.72272609172,""price_through"":true},{""offset_bp"":60,""limit_px"":64874.19115435258,""price_through"":false},{""offset_bp"":80,""limit_px"":64743.659582613436,""price_through"":false},{""offset_bp"":100,""limit_px"":64613.128010874294,""price_through"":false},{""offset_bp"":120,""limit_px"":64482.59643913516,""price_through"":false}]"
2026-02-06 07:49:00,1770364140000,prev_completed_binance_index_close,65077.05369565,65137.33,65077.05369565,9.262297680516784,65137.02,64760.0,64760.0,64849.71630435,64849.71630435,1,2000,0.030856223729874864,64816.7454808674,40,5.0867755296857275,5.0867755296857275,"[{""offset_bp"":40,""limit_px"":64816.7454808674,""price_through"":true},{""offset_bp"":60,""limit_px"":64686.5913734761,""price_through"":false},{""offset_bp"":80,""limit_px"":64556.4372660848,""price_through"":false},{""offset_bp"":100,""limit_px"":64426.2831586935,""price_through"":false},{""offset_bp"":120,""limit_px"":64296.129051302196,""price_through"":false}]"
2026-02-06 09:36:00,1770370560000,prev_completed_binance_index_close,66056.36413043,66076.48,66056.36413043,3.0452583690920854,66076.48,65773.93,65799.79,65810.1873913,65815.94565217,1,2000,0.030398768611441356,65792.13867390828,40,2.743293918621159,3.6185141175781865,"[{""offset_bp"":40,""limit_px"":65792.13867390828,""price_through"":true},{""offset_bp"":60,""limit_px"":65660.02594564742,""price_through"":false},{""offset_bp"":80,""limit_px"":65527.91321738656,""price_through"":false},{""offset_bp"":100,""limit_px"":65395.80048912569,""price_through"":false},{""offset_bp"":120,""limit_px"":65263.687760864836,""price_through"":false}]"
2026-02-06 13:05:00,1770383100000,prev_completed_binance_index_close,66857.76630435,66876.7,66857.76630435,2.8319366165785453,66876.7,66569.9,66620.05,66623.88934783,66632.2973913,1,2000,0.03003438851625838,66590.3352391326,40,5.038885684671701,6.3015379058706245,"[{""offset_bp"":40,""limit_px"":66590.3352391326,""price_through"":true},{""offset_bp"":60,""limit_px"":66456.61970652391,""price_through"":false},{""offset_bp"":80,""limit_px"":66322.9041739152,""price_through"":false},{""offset_bp"":100,""limit_px"":66189.18864130651,""price_through"":false},{""offset_bp"":120,""limit_px"":66055.4731086978,""price_through"":false}]"
2026-02-06 14:32:00,1770388320000,prev_completed_binance_index_close,67504.02978261,67500.35,67504.02978261,-0.5451204353046357,67500.01,67207.25,67504.04,67258.48782609,67517.0126087,1,2000,0.029746848224924103,67234.01366347956,40,3.6401460030233146,42.091633356429185,"[{""offset_bp"":40,""limit_px"":67234.01366347956,""price_through"":true},{""offset_bp"":60,""limit_px"":67099.00560391434,""price_through"":false},{""offset_bp"":80,""limit_px"":66963.99754434911,""price_through"":false},{""offset_bp"":100,""limit_px"":66828.9894847839,""price_through"":false},{""offset_bp"":120,""limit_px"":66693.98142521868,""price_through"":false}]"
2026-02-06 14:39:00,1770388740000,prev_completed_binance_index_close,68306.5676087,68304.35,68306.5676087,-0.32465526780711684,68304.35,68033.06,68038.32,68063.095,68063.095,1,2000,0.029397350779170158,68033.3413382652,40,4.373394154912891,4.373394154912891,"[{""offset_bp"":40,""limit_px"":68033.3413382652,""price_through"":true},{""offset_bp"":60,""limit_px"":67896.72820304781,""price_through"":false},{""offset_bp"":80,""limit_px"":67760.1150678304,""price_through"":false},{""offset_bp"":100,""limit_px"":67623.501932613,""price_through"":false},{""offset_bp"":120,""limit_px"":67486.8887973956,""price_through"":false}]"
2026-02-06 14:49:00,1770389340000,prev_completed_binance_index_close,68460.34630435,68452.78,68460.34630435,-1.105209768638149,68452.78,68166.16,68241.1,68208.91782609,68229.45521739,1,2000,0.029331317133382148,68186.5049191326,40,3.2870004092422356,6.298944095806114,"[{""offset_bp"":40,""limit_px"":68186.5049191326,""price_through"":true},{""offset_bp"":60,""limit_px"":68049.58422652389,""price_through"":false},{""offset_bp"":80,""limit_px"":67912.6635339152,""price_through"":false},{""offset_bp"":100,""limit_px"":67775.74284130649,""price_through"":false},{""offset_bp"":120,""limit_px"":67638.8221486978,""price_through"":false}]"
2026-02-06 14:55:00,1770389700000,prev_completed_binance_index_close,68304.29826087,68285.97,68304.29826087,-2.683324671604037,68285.97,68020.79,68040.91,68043.18130435,68054.84869565,1,2000,0.02939832747925928,68031.08106782651,40,1.778633579470057,3.4936425308007557,"[{""offset_bp"":40,""limit_px"":68031.08106782651,""price_through"":true},{""offset_bp"":60,""limit_px"":67894.47247130478,""price_through"":false},{""offset_bp"":80,""limit_px"":67757.86387478304,""price_through"":false},{""offset_bp"":100,""limit_px"":67621.25527826129,""price_through"":false},{""offset_bp"":120,""limit_px"":67484.64668173956,""price_through"":false}]"
2026-02-06 15:26:00,1770391560000,prev_completed_binance_index_close,68447.40478261,68411.96,68447.40478261,-5.178396861439394,68411.96,68111.07,68166.01,68143.63,68180.49586957,1,2000,0.02933686287875482,68173.61516347955,40,-4.39835314698267,1.0092916554227394,"[{""offset_bp"":40,""limit_px"":68173.61516347955,""price_through"":true},{""offset_bp"":60,""limit_px"":68036.72035391434,""price_through"":false},{""offset_bp"":80,""limit_px"":67899.82554434912,""price_through"":false},{""offset_bp"":100,""limit_px"":67762.9307347839,""price_through"":false},{""offset_bp"":120,""limit_px"":67626.03592521868,""price_through"":false}]"
2026-02-06 15:48:00,1770392880000,prev_completed_binance_index_close,69144.90282609,69175.99,69144.90282609,4.495945852756034,69176.0,68833.64,68890.11,68863.32565217,68901.17717391,1,2000,0.02904092776823426,68868.32321478563,40,-0.7256692746893112,4.7705472691550455,"[{""offset_bp"":40,""limit_px"":68868.32321478563,""price_through"":true},{""offset_bp"":60,""limit_px"":68730.03340913345,""price_through"":false},{""offset_bp"":80,""limit_px"":68591.74360348127,""price_through"":false},{""offset_bp"":100,""limit_px"":68453.45379782909,""price_through"":false},{""offset_bp"":120,""limit_px"":68315.16399217691,""price_through"":false}]"
2026-02-06 15:50:00,1770393000000,prev_completed_binance_index_close,68992.75021739,68976.96,68992.75021739,-2.2886777726993657,68978.85,68706.89,68712.93,68757.61565217,68757.61565217,1,2000,0.029104972945518566,68716.77921652044,40,5.942716773859047,5.942716773859047,"[{""offset_bp"":40,""limit_px"":68716.77921652044,""price_through"":true},{""offset_bp"":60,""limit_px"":68578.79371608565,""price_through"":false},{""offset_bp"":80,""limit_px"":68440.80821565088,""price_through"":false},{""offset_bp"":100,""limit_px"":68302.8227152161,""price_through"":false},{""offset_bp"":120,""limit_px"":68164.83721478132,""price_through"":false}]"
2026-02-06 16:57:00,1770397020000,prev_completed_binance_index_close,69955.38130435,69953.56,69955.38130435,-0.2603522868493968,69953.56,69658.37,69742.02,69717.83282609,69749.21804348,1,2000,0.028704469778784436,69675.5597791326,40,6.067126994229177,10.571607114586712,"[{""offset_bp"":40,""limit_px"":69675.5597791326,""price_through"":true},{""offset_bp"":60,""limit_px"":69535.6490165239,""price_through"":false},{""offset_bp"":80,""limit_px"":69395.7382539152,""price_through"":false},{""offset_bp"":100,""limit_px"":69255.8274913065,""price_through"":false},{""offset_bp"":120,""limit_px"":69115.91672869779,""price_through"":false}]"
2026-02-06 17:00:00,1770397200000,prev_completed_binance_index_close,69945.22326087,69954.01,69945.22326087,1.2562314794850593,69954.01,69659.02,69659.02,69701.52869565,69701.52869565,1,2000,0.0287086384873608,69665.44236782652,40,5.1799466991053755,5.1799466991053755,"[{""offset_bp"":40,""limit_px"":69665.44236782652,""price_through"":true},{""offset_bp"":60,""limit_px"":69525.55192130478,""price_through"":false},{""offset_bp"":80,""limit_px"":69385.66147478305,""price_through"":false},{""offset_bp"":100,""limit_px"":69245.7710282613,""price_through"":false},{""offset_bp"":120,""limit_px"":69105.88058173956,""price_through"":false}]"
2026-02-06 17:35:00,1770399300000,prev_completed_binance_index_close,71157.98608696,71123.76,71157.98608696,-4.809872909862234,71123.76,70821.47,70858.29,70876.71217391,70876.71217391,1,2000,0.028219350194370336,70873.35414261215,40,0.4738073057874992,0.4738073057874992,"[{""offset_bp"":40,""limit_px"":70873.35414261215,""price_through"":true},{""offset_bp"":60,""limit_px"":70731.03817043823,""price_through"":false},{""offset_bp"":80,""limit_px"":70588.72219826431,""price_through"":false},{""offset_bp"":100,""limit_px"":70446.40622609039,""price_through"":false},{""offset_bp"":120,""limit_px"":70304.09025391647,""price_through"":false}]"
2026-02-06 17:49:00,1770400140000,prev_completed_binance_index_close,71079.37565217,71053.81,71079.37565217,-3.5967750047649627,71052.94,70753.35,70972.58,70828.62021739,70933.08521739,1,2000,0.02825055946383728,70795.05814956132,40,4.740735964616771,19.496709436568338,"[{""offset_bp"":40,""limit_px"":70795.05814956132,""price_through"":true},{""offset_bp"":60,""limit_px"":70652.89939825698,""price_through"":false},{""offset_bp"":80,""limit_px"":70510.74064695263,""price_through"":false},{""offset_bp"":100,""limit_px"":70368.5818956483,""price_through"":false},{""offset_bp"":120,""limit_px"":70226.42314434396,""price_through"":false}]"
2026-02-06 17:53:00,1770400380000,prev_completed_binance_index_close,70843.03108696,70782.14,70843.03108696,-8.5952119814392,70782.14,70542.09,70609.22,70570.6976087,70579.2676087,1,2000,0.02834480820067102,70559.65896261217,40,1.564441530772509,2.779016562171055,"[{""offset_bp"":40,""limit_px"":70559.65896261217,""price_through"":true},{""offset_bp"":60,""limit_px"":70417.97290043825,""price_through"":false},{""offset_bp"":80,""limit_px"":70276.28683826432,""price_through"":false},{""offset_bp"":100,""limit_px"":70134.6007760904,""price_through"":false},{""offset_bp"":120,""limit_px"":69992.91471391649,""price_through"":false}]"
2026-02-06 18:06:00,1770401160000,prev_completed_binance_index_close,70388.41456522,70366.13,70388.41456522,-3.165942201943661,70366.13,70086.18,70141.1,70142.43086957,70154.59869565,1,2000,0.02852787835778668,70106.86090695912,40,5.073677832772017,6.809289144216191,"[{""offset_bp"":40,""limit_px"":70106.86090695912,""price_through"":true},{""offset_bp"":60,""limit_px"":69966.08407782868,""price_through"":false},{""offset_bp"":80,""limit_px"":69825.30724869823,""price_through"":false},{""offset_bp"":100,""limit_px"":69684.53041956779,""price_through"":false},{""offset_bp"":120,""limit_px"":69543.75359043735,""price_through"":false}]"
2026-02-06 20:38:00,1770410280000,prev_completed_binance_index_close,70752.89065217,70743.86,70752.89065217,-1.276365119043943,70743.86,70438.25,70438.26,70490.31782609,70490.31782609,1,2000,0.028380919987930835,70469.87908956132,40,2.9003507303748677,2.9003507303748677,"[{""offset_bp"":40,""limit_px"":70469.87908956132,""price_through"":true},{""offset_bp"":60,""limit_px"":70328.37330825698,""price_through"":false},{""offset_bp"":80,""limit_px"":70186.86752695264,""price_through"":false},{""offset_bp"":100,""limit_px"":70045.36174564829,""price_through"":false},{""offset_bp"":120,""limit_px"":69903.85596434395,""price_through"":false}]"
2026-02-06 22:13:00,1770415980000,prev_completed_binance_index_close,70611.88413043,70627.99,70611.88413043,2.280900696580712,70627.99,70320.0,70400.21,70340.45347826,70395.55326087,1,2000,0.02843759451036515,70329.43659390828,40,1.566468449809566,9.40099482717116,"[{""offset_bp"":40,""limit_px"":70329.43659390828,""price_through"":true},{""offset_bp"":60,""limit_px"":70188.21282564742,""price_through"":false},{""offset_bp"":80,""limit_px"":70046.98905738656,""price_through"":false},{""offset_bp"":100,""limit_px"":69905.7652891257,""price_through"":false},{""offset_bp"":120,""limit_px"":69764.54152086483,""price_through"":false}]"
2026-02-06 23:18:00,1770419880000,prev_completed_binance_index_close,70968.61934783,70971.58,70968.61934783,0.41717764798221424,70971.57,70662.29,70682.74,70704.79586957,70708.63826087,1,2000,0.028294648352567335,70684.74487043868,40,2.836679847693091,3.3802754010237024,"[{""offset_bp"":40,""limit_px"":70684.74487043868,""price_through"":true},{""offset_bp"":60,""limit_px"":70542.80763174302,""price_through"":false},{""offset_bp"":80,""limit_px"":70400.87039304736,""price_through"":false},{""offset_bp"":100,""limit_px"":70258.9331543517,""price_through"":false},{""offset_bp"":120,""limit_px"":70116.99591565604,""price_through"":false}]"
2026-02-07 00:00:00,1770422400000,prev_completed_binance_index_close,70577.64586957,70580.26,70577.64586957,0.370390709096835,70580.26,70261.0,70340.41,70308.21543478,70387.79804348,1,2000,0.02845139000845921,70295.33528609172,40,1.8322906684842266,13.15346985855781,"[{""offset_bp"":40,""limit_px"":70295.33528609172,""price_through"":true},{""offset_bp"":60,""limit_px"":70154.17999435258,""price_through"":false},{""offset_bp"":80,""limit_px"":70013.02470261343,""price_through"":false},{""offset_bp"":100,""limit_px"":69871.8694108743,""price_through"":false},{""offset_bp"":120,""limit_px"":69730.71411913515,""price_through"":false}]"
2026-02-07 05:25:00,1770441900000,prev_completed_binance_index_close,71078.96586957,71075.75,71078.96586957,-0.4524361786450992,71075.75,70777.77,70872.01,70810.25065217,70896.69434783,1,2000,0.028250722333225804,70794.65000609173,40,2.2036476028808316,14.414131820621456,"[{""offset_bp"":40,""limit_px"":70794.65000609173,""price_through"":true},{""offset_bp"":60,""limit_px"":70652.49207435259,""price_through"":false},{""offset_bp"":80,""limit_px"":70510.33414261344,""price_through"":false},{""offset_bp"":100,""limit_px"":70368.1762108743,""price_through"":false},{""offset_bp"":120,""limit_px"":70226.01827913517,""price_through"":false}]"
2026-02-07 05:28:00,1770442080000,prev_completed_binance_index_close,70700.17673913,70680.78,70700.17673913,-2.7435205998938006,70680.77,70394.07,70424.49,70418.11347826,70435.90608696,1,2000,0.028402080746181262,70417.37603217347,40,0.10472501647651455,2.6314605613908526,"[{""offset_bp"":40,""limit_px"":70417.37603217347,""price_through"":true},{""offset_bp"":60,""limit_px"":70275.97567869522,""price_through"":false},{""offset_bp"":80,""limit_px"":70134.57532521695,""price_through"":false},{""offset_bp"":100,""limit_px"":69993.1749717387,""price_through"":false},{""offset_bp"":120,""limit_px"":69851.77461826043,""price_through"":false}]"
2026-02-07 05:54:00,1770443640000,prev_completed_binance_index_close,70112.00934783,70115.74,70112.00934783,0.5320988807344662,70115.75,69800.0,69977.61,69991.81130435,69991.81130435,1,2000,0.028640344888021755,69831.56131043867,40,22.948075469619855,22.948075469619855,"[{""offset_bp"":40,""limit_px"":69831.56131043867,""price_through"":true},{""offset_bp"":60,""limit_px"":69691.33729174301,""price_through"":false},{""offset_bp"":80,""limit_px"":69551.11327304736,""price_through"":false},{""offset_bp"":100,""limit_px"":69410.8892543517,""price_through"":false},{""offset_bp"":120,""limit_px"":69270.66523565604,""price_through"":false}]"
2026-02-07 06:08:00,1770444480000,prev_completed_binance_index_close,70295.59043478,70300.4,70295.59043478,0.6841915958388789,70300.39,69852.03,70131.28,70133.50065217,70133.72717391,2,4000,0.057188573824577815,69944.0418337715,60,27.087199056750055,27.119585194876894,"[{""offset_bp"":40,""limit_px"":70014.40807304088,""price_through"":true},{""offset_bp"":60,""limit_px"":69873.81689217131,""price_through"":true},{""offset_bp"":80,""limit_px"":69733.22571130175,""price_through"":false},{""offset_bp"":100,""limit_px"":69592.63453043219,""price_through"":false},{""offset_bp"":120,""limit_px"":69452.04334956263,""price_through"":false}]"
2026-02-07 06:11:00,1770444660000,prev_completed_binance_index_close,70199.69543478,70200.0,70199.69543478,0.043385547203733665,70200.0,69902.39,70070.59,70034.77847826,70084.19391304,1,2000,0.02860457037708442,69918.89665304088,40,16.573749124526582,23.641285533919643,"[{""offset_bp"":40,""limit_px"":69918.89665304088,""price_through"":true},{""offset_bp"":60,""limit_px"":69778.49726217132,""price_through"":false},{""offset_bp"":80,""limit_px"":69638.09787130177,""price_through"":false},{""offset_bp"":100,""limit_px"":69497.6984804322,""price_through"":false},{""offset_bp"":120,""limit_px"":69357.29908956264,""price_through"":false}]"
2026-02-07 06:43:00,1770446580000,prev_completed_binance_index_close,70274.61775,70273.67,70274.61775,-0.1348637716358514,70273.68,69933.98,70059.06,70090.24782609,70090.24782609,1,2000,0.028574074008592614,69993.519279,40,13.819643316466124,13.819643316466124,"[{""offset_bp"":40,""limit_px"":69993.519279,""price_through"":true},{""offset_bp"":60,""limit_px"":69852.9700435,""price_through"":false},{""offset_bp"":80,""limit_px"":69712.42080800001,""price_through"":false},{""offset_bp"":100,""limit_px"":69571.87157250001,""price_through"":false},{""offset_bp"":120,""limit_px"":69431.322337,""price_through"":false}]"
2026-02-07 06:57:00,1770447420000,prev_completed_binance_index_close,69205.52956522,69244.89,69205.52956522,5.687469632451592,69244.89,68905.42,68913.65,68943.4626087,68947.3376087,1,2000,0.02901548678450132,68928.70744695912,40,2.1406410024793487,2.702816058930413,"[{""offset_bp"":40,""limit_px"":68928.70744695912,""price_through"":true},{""offset_bp"":60,""limit_px"":68790.29638782868,""price_through"":false},{""offset_bp"":80,""limit_px"":68651.88532869823,""price_through"":false},{""offset_bp"":100,""limit_px"":68513.4742695678,""price_through"":false},{""offset_bp"":120,""limit_px"":68375.06321043737,""price_through"":false}]"
2026-02-07 07:12:00,1770448320000,prev_completed_binance_index_close,68451.31847826,68474.01,68451.31847826,3.3149868029491714,68474.0,68134.16,68212.56,68197.1923913,68211.22630435,1,2000,0.029335185547255792,68177.51320434696,40,2.886463003433093,4.944900219812087,"[{""offset_bp"":40,""limit_px"":68177.51320434696,""price_through"":true},{""offset_bp"":60,""limit_px"":68040.61056739044,""price_through"":false},{""offset_bp"":80,""limit_px"":67903.70793043391,""price_through"":false},{""offset_bp"":100,""limit_px"":67766.8052934774,""price_through"":false},{""offset_bp"":120,""limit_px"":67629.90265652088,""price_through"":false}]"
2026-02-07 07:15:00,1770448500000,prev_completed_binance_index_close,68012.32434783,67951.49,68012.32434783,-8.944606497915952,67951.47,67704.22,67714.77,67738.09065217,67745.5823913,1,2000,0.02952453320437246,67740.27505043868,40,-0.3224666960766065,0.7834838074360917,"[{""offset_bp"":40,""limit_px"":67740.27505043868,""price_through"":true},{""offset_bp"":60,""limit_px"":67604.25040174302,""price_through"":false},{""offset_bp"":80,""limit_px"":67468.22575304736,""price_through"":false},{""offset_bp"":100,""limit_px"":67332.2011043517,""price_through"":false},{""offset_bp"":120,""limit_px"":67196.17645565604,""price_through"":false}]"
2026-02-07 07:17:00,1770448620000,prev_completed_binance_index_close,67663.42130435,67668.27,67663.42130435,0.7165903757933023,67668.27,67350.0,67356.38,67381.04652174,67381.04652174,1,2000,0.02967677498129942,67392.7676191326,40,-1.7392218492695566,-1.7392218492695566,"[{""offset_bp"":40,""limit_px"":67392.7676191326,""price_through"":true},{""offset_bp"":60,""limit_px"":67257.4407765239,""price_through"":false},{""offset_bp"":80,""limit_px"":67122.1139339152,""price_through"":false},{""offset_bp"":100,""limit_px"":66986.7870913065,""price_through"":false},{""offset_bp"":120,""limit_px"":66851.46024869781,""price_through"":false}]"
2026-02-07 07:46:00,1770450360000,prev_completed_binance_index_close,68298.96413043,68292.48,68298.96413043,-0.9493746373112621,68292.49,67300.0,68109.54,68108.63934783,68112.74652174,5,10000,0.14759707181365753,67752.02161615428,120,52.63573295216651,53.24193979471037,"[{""offset_bp"":40,""limit_px"":68025.76827390828,""price_through"":true},{""offset_bp"":60,""limit_px"":67889.17034564742,""price_through"":true},{""offset_bp"":80,""limit_px"":67752.57241738656,""price_through"":true},{""offset_bp"":100,""limit_px"":67615.9744891257,""price_through"":true},{""offset_bp"":120,""limit_px"":67479.37656086484,""price_through"":true}]"
2026-02-07 07:47:00,1770450420000,prev_completed_binance_index_close,68112.74652174,68109.54,68112.74652174,-0.47076676595092515,68109.54,67600.19,68013.14,67942.14717391,68008.95521739,2,4000,0.05902132520582735,67772.11433410968,60,25.08890883381243,34.94665698530852,"[{""offset_bp"":40,""limit_px"":67840.29553565304,""price_through"":true},{""offset_bp"":60,""limit_px"":67704.07004260956,""price_through"":true},{""offset_bp"":80,""limit_px"":67567.84454956609,""price_through"":false},{""offset_bp"":100,""limit_px"":67431.6190565226,""price_through"":false},{""offset_bp"":120,""limit_px"":67295.39356347913,""price_through"":false}]"
2026-02-07 08:02:00,1770451320000,prev_completed_binance_index_close,68025.03673913,68012.3,68025.03673913,-1.872360492628511,68012.29,67747.65,67800.0,67788.3076087,67826.28782609,1,2000,0.029519015714973916,67752.93659217347,40,5.220587963505885,10.826281133473614,"[{""offset_bp"":40,""limit_px"":67752.93659217347,""price_through"":true},{""offset_bp"":60,""limit_px"":67616.88651869522,""price_through"":false},{""offset_bp"":80,""limit_px"":67480.83644521695,""price_through"":false},{""offset_bp"":100,""limit_px"":67344.7863717387,""price_through"":false},{""offset_bp"":120,""limit_px"":67208.73629826044,""price_through"":false}]"
2026-02-07 16:08:00,1770480480000,prev_completed_binance_index_close,69653.3,69599.1,69653.3,-7.78139729201599,69599.1,69201.3,69475.99,69285.0823913,69534.14934783,2,4000,0.05771592391346429,69304.96349668341,60,-2.868640914061027,33.069182867047076,"[{""offset_bp"":40,""limit_px"":69374.6868,""price_through"":true},{""offset_bp"":60,""limit_px"":69235.3802,""price_through"":true},{""offset_bp"":80,""limit_px"":69096.0736,""price_through"":false},{""offset_bp"":100,""limit_px"":68956.767,""price_through"":false},{""offset_bp"":120,""limit_px"":68817.4604,""price_through"":false}]"
2026-02-07 16:09:00,1770480540000,prev_completed_binance_index_close,69534.14934783,69475.99,69534.14934783,-8.364141702382755,69475.99,69204.45,69500.0,69285.53608696,69461.20652174,1,2000,0.02887835901276791,69256.01275043868,40,4.2629275565864155,29.62829697411573,"[{""offset_bp"":40,""limit_px"":69256.01275043868,""price_through"":true},{""offset_bp"":60,""limit_px"":69116.94445174301,""price_through"":false},{""offset_bp"":80,""limit_px"":68977.87615304736,""price_through"":false},{""offset_bp"":100,""limit_px"":68838.80785435169,""price_through"":false},{""offset_bp"":120,""limit_px"":68699.73955565604,""price_through"":false}]"
2026-02-07 16:17:00,1770481020000,prev_completed_binance_index_close,69640.79282609,69588.15,69640.79282609,-7.5591939657349005,69595.68,69346.35,69404.53,69387.16130435,69403.77456522,1,2000,0.02883413653156708,69362.22965478564,40,3.594412937479863,5.989558098280501,"[{""offset_bp"":40,""limit_px"":69362.22965478564,""price_through"":true},{""offset_bp"":60,""limit_px"":69222.94806913345,""price_through"":false},{""offset_bp"":80,""limit_px"":69083.66648348127,""price_through"":false},{""offset_bp"":100,""limit_px"":68944.38489782909,""price_through"":false},{""offset_bp"":120,""limit_px"":68805.10331217691,""price_through"":false}]"
2026-02-08 10:21:00,1770546060000,prev_completed_binance_index_close,70318.28913043,70319.68,70318.28913043,0.1977962756471996,70319.68,70017.22,70086.19,70083.87717391,70109.72891304,1,2000,0.028556327995828433,70037.01597390827,40,6.6909189876374064,10.38207269693281,"[{""offset_bp"":40,""limit_px"":70037.01597390827,""price_through"":true},{""offset_bp"":60,""limit_px"":69896.37939564743,""price_through"":false},{""offset_bp"":80,""limit_px"":69755.74281738656,""price_through"":false},{""offset_bp"":100,""limit_px"":69615.1062391257,""price_through"":false},{""offset_bp"":120,""limit_px"":69474.46966086484,""price_through"":false}]"
2026-02-08 23:10:00,1770592200000,prev_completed_binance_index_close,71914.92217391,71916.68,71914.92217391,0.2444313414873278,71916.69,71454.72,71551.49,71499.01673913,71550.79717391,2,4000,0.055900840070437496,71555.27528673675,60,-7.862250180900032,-0.625825672363467,"[{""offset_bp"":40,""limit_px"":71627.26248521436,""price_through"":true},{""offset_bp"":60,""limit_px"":71483.43264086654,""price_through"":true},{""offset_bp"":80,""limit_px"":71339.60279651872,""price_through"":false},{""offset_bp"":100,""limit_px"":71195.7729521709,""price_through"":false},{""offset_bp"":120,""limit_px"":71051.94310782308,""price_through"":false}]"
2026-02-08 23:23:00,1770592980000,prev_completed_binance_index_close,71176.495,71125.83,71176.495,-7.118220699121602,71125.83,70622.4,70811.48,70713.51673913,70809.64065217,2,4000,0.0564807885401171,70820.54099083417,60,-15.112035322917272,-1.539149307766552,"[{""offset_bp"":40,""limit_px"":70891.78902,""price_through"":true},{""offset_bp"":60,""limit_px"":70749.43603,""price_through"":true},{""offset_bp"":80,""limit_px"":70607.08304,""price_through"":false},{""offset_bp"":100,""limit_px"":70464.73005,""price_through"":false},{""offset_bp"":120,""limit_px"":70322.37706,""price_through"":false}]"
2026-02-08 23:24:00,1770593040000,prev_completed_binance_index_close,70809.64065217,70811.48,70809.64065217,0.25975952046231043,70811.48,70342.88,70362.08,70410.06130435,70410.06130435,2,4000,0.05677340720974982,70455.52128344115,60,-6.452294761720712,-6.452294761720712,"[{""offset_bp"":40,""limit_px"":70526.40208956132,""price_through"":true},{""offset_bp"":60,""limit_px"":70384.78280825698,""price_through"":true},{""offset_bp"":80,""limit_px"":70243.16352695263,""price_through"":false},{""offset_bp"":100,""limit_px"":70101.5442456483,""price_through"":false},{""offset_bp"":120,""limit_px"":69959.92496434395,""price_through"":false}]"
2026-02-08 23:30:00,1770593400000,prev_completed_binance_index_close,70567.4976087,70514.0,70567.4976087,-7.581055090920552,70514.0,70128.0,70270.13,70198.57826087,70280.65782609,2,4000,0.05696821765472493,70214.58919854835,60,-2.2802864562909697,9.409529884853995,"[{""offset_bp"":40,""limit_px"":70285.2276182652,""price_through"":true},{""offset_bp"":60,""limit_px"":70144.09262304779,""price_through"":true},{""offset_bp"":80,""limit_px"":70002.9576278304,""price_through"":false},{""offset_bp"":100,""limit_px"":69861.822632613,""price_through"":false},{""offset_bp"":120,""limit_px"":69720.68763739559,""price_through"":false}]"
2026-02-09 08:31:00,1770625860000,prev_completed_binance_index_close,70017.53152174,70015.38,70017.53152174,-0.30728328937579263,70015.38,69667.02,69708.31,69728.73673913,69734.24043478,1,2000,0.02867899060238327,69737.46139565305,40,-1.2510717121672066,-0.46186953304383493,"[{""offset_bp"":40,""limit_px"":69737.46139565305,""price_through"":true},{""offset_bp"":60,""limit_px"":69597.42633260957,""price_through"":false},{""offset_bp"":80,""limit_px"":69457.39126956608,""price_through"":false},{""offset_bp"":100,""limit_px"":69317.3562065226,""price_through"":false},{""offset_bp"":120,""limit_px"":69177.32114347913,""price_through"":false}]"
2026-02-09 14:47:00,1770648420000,prev_completed_binance_index_close,69238.77826087,69231.25,69238.77826087,-1.0872896748181926,69231.26,68959.31,69033.79,68979.5073913,69020.11891304,1,2000,0.029001553449548474,68961.82314782652,40,2.564352661553748,8.453338753604545,"[{""offset_bp"":40,""limit_px"":68961.82314782652,""price_through"":true},{""offset_bp"":60,""limit_px"":68823.34559130478,""price_through"":false},{""offset_bp"":80,""limit_px"":68684.86803478305,""price_through"":false},{""offset_bp"":100,""limit_px"":68546.39047826131,""price_through"":false},{""offset_bp"":120,""limit_px"":68407.91292173957,""price_through"":false}]"
2026-02-09 18:21:00,1770661260000,prev_completed_binance_index_close,70484.23543478,70472.61,70484.23543478,-1.649366657421325,70472.6,70177.23,70247.0,70209.81108696,70265.01586957,1,2000,0.02848909569817374,70202.29849304089,40,1.0701350355168948,8.933806709381376,"[{""offset_bp"":40,""limit_px"":70202.29849304089,""price_through"":true},{""offset_bp"":60,""limit_px"":70061.33002217131,""price_through"":false},{""offset_bp"":80,""limit_px"":69920.36155130176,""price_through"":false},{""offset_bp"":100,""limit_px"":69779.3930804322,""price_through"":false},{""offset_bp"":120,""limit_px"":69638.42460956264,""price_through"":false}]"
2026-02-10 14:37:00,1770734220000,prev_completed_binance_index_close,68996.89978261,69009.76,68996.89978261,1.8638833672990351,69009.76,68688.6,68688.6,68737.37391304,68737.37391304,1,2000,0.02910322253377769,68720.91218347955,40,2.3954468934439532,2.3954468934439532,"[{""offset_bp"":40,""limit_px"":68720.91218347955,""price_through"":true},{""offset_bp"":60,""limit_px"":68582.91838391434,""price_through"":false},{""offset_bp"":80,""limit_px"":68444.92458434911,""price_through"":false},{""offset_bp"":100,""limit_px"":68306.9307847839,""price_through"":false},{""offset_bp"":120,""limit_px"":68168.93698521868,""price_through"":false}]"
2026-02-10 14:38:00,1770734280000,prev_completed_binance_index_close,68737.37391304,68688.6,68737.37391304,-7.095690490257489,68688.61,68427.16,68457.3,68453.27043478,68453.27043478,1,2000,0.029213105101373642,68462.42441738784,40,-1.3370812800939103,-1.3370812800939103,"[{""offset_bp"":40,""limit_px"":68462.42441738784,""price_through"":true},{""offset_bp"":60,""limit_px"":68324.94966956177,""price_through"":false},{""offset_bp"":80,""limit_px"":68187.47492173569,""price_through"":false},{""offset_bp"":100,""limit_px"":68050.0001739096,""price_through"":false},{""offset_bp"":120,""limit_px"":67912.52542608352,""price_through"":false}]"
2026-02-10 14:40:00,1770734400000,prev_completed_binance_index_close,68547.47021739,68580.86,68547.47021739,4.871045204748459,68584.36,68101.54,68112.01,68155.6223913,68197.3973913,2,4000,0.058647015715859785,68204.6639743732,60,-7.190356233061079,-1.0654085292360893,"[{""offset_bp"":40,""limit_px"":68273.28033652045,""price_through"":true},{""offset_bp"":60,""limit_px"":68136.18539608565,""price_through"":true},{""offset_bp"":80,""limit_px"":67999.09045565088,""price_through"":false},{""offset_bp"":100,""limit_px"":67861.9955152161,""price_through"":false},{""offset_bp"":120,""limit_px"":67724.90057478132,""price_through"":false}]"
2026-02-10 14:41:00,1770734460000,prev_completed_binance_index_close,68197.3973913,68112.01,68197.3973913,-12.520623156638822,68112.0,67800.0,68045.49,68040.18434783,68048.16369565,1,2000,0.029444409982282153,67924.60780173479,40,17.015416037817754,18.190151980834735,"[{""offset_bp"":40,""limit_px"":67924.60780173479,""price_through"":true},{""offset_bp"":60,""limit_px"":67788.2130069522,""price_through"":false},{""offset_bp"":80,""limit_px"":67651.81821216959,""price_through"":false},{""offset_bp"":100,""limit_px"":67515.42341738699,""price_through"":false},{""offset_bp"":120,""limit_px"":67379.0286226044,""price_through"":false}]"
2026-02-11 04:23:00,1770783780000,prev_completed_binance_index_close,68078.4326087,68065.1,68078.4326087,-1.9584188691035287,68065.09,67685.42,67775.69,67768.40130435,67802.25543478,1,2000,0.02949586310330891,67806.11887826519,40,-5.562561983956105,-0.5697780007318798,"[{""offset_bp"":40,""limit_px"":67806.11887826519,""price_through"":true},{""offset_bp"":60,""limit_px"":67669.9620130478,""price_through"":false},{""offset_bp"":80,""limit_px"":67533.8051478304,""price_through"":false},{""offset_bp"":100,""limit_px"":67397.648282613,""price_through"":false},{""offset_bp"":120,""limit_px"":67261.49141739559,""price_through"":false}]"
2026-02-11 14:32:00,1770820320000,prev_completed_binance_index_close,68219.925,68209.68,68219.925,-1.5017606659650795,68209.67,67900.05,68008.01,67926.31434783,68038.47717391,1,2000,0.029434686838398845,67947.0453,40,-3.051045424927734,13.456342877944394,"[{""offset_bp"":40,""limit_px"":67947.0453,""price_through"":true},{""offset_bp"":60,""limit_px"":67810.60545,""price_through"":false},{""offset_bp"":80,""limit_px"":67674.16560000001,""price_through"":false},{""offset_bp"":100,""limit_px"":67537.72575,""price_through"":false},{""offset_bp"":120,""limit_px"":67401.2859,""price_through"":false}]"
2026-02-11 14:34:00,1770820440000,prev_completed_binance_index_close,67904.28782609,67889.74,67904.28782609,-2.142401688572937,67888.17,67620.92,67680.75,67661.17152174,67698.87021739,1,2000,0.02957150708445448,67632.67067478564,40,4.2140649881194925,9.788101215562062,"[{""offset_bp"":40,""limit_px"":67632.67067478564,""price_through"":true},{""offset_bp"":60,""limit_px"":67496.86209913346,""price_through"":false},{""offset_bp"":80,""limit_px"":67361.05352348129,""price_through"":false},{""offset_bp"":100,""limit_px"":67225.24494782911,""price_through"":false},{""offset_bp"":120,""limit_px"":67089.43637217692,""price_through"":false}]"
2026-02-11 14:36:00,1770820560000,prev_completed_binance_index_close,67597.525,67602.0,67597.525,0.662006486185085,67602.0,67281.91,67285.38,67337.77282609,67337.77282609,1,2000,0.02970570488363378,67327.13489999999,40,1.5800354650186144,1.5800354650186144,"[{""offset_bp"":40,""limit_px"":67327.13489999999,""price_through"":true},{""offset_bp"":60,""limit_px"":67191.93985,""price_through"":false},{""offset_bp"":80,""limit_px"":67056.7448,""price_through"":false},{""offset_bp"":100,""limit_px"":66921.54974999999,""price_through"":false},{""offset_bp"":120,""limit_px"":66786.3547,""price_through"":false}]"
2026-02-11 14:38:00,1770820680000,prev_completed_binance_index_close,67478.63086957,67500.0,67478.63086957,3.1667996452533487,67501.75,67188.94,67304.7,67225.55086957,67297.11782609,1,2000,0.02975804491936711,67208.71634609172,40,2.5048125293136714,13.153276063637698,"[{""offset_bp"":40,""limit_px"":67208.71634609172,""price_through"":true},{""offset_bp"":60,""limit_px"":67073.75908435258,""price_through"":false},{""offset_bp"":80,""limit_px"":66938.80182261344,""price_through"":false},{""offset_bp"":100,""limit_px"":66803.84456087429,""price_through"":false},{""offset_bp"":120,""limit_px"":66668.88729913515,""price_through"":false}]"
2026-02-11 15:12:00,1770822720000,prev_completed_binance_index_close,66075.54130435,66112.68,66075.54130435,5.620641907257973,66112.65,65807.29,65824.74,65839.0073913,65849.79434783,1,2000,0.0303899459448221,65811.2391391326,40,4.219378411747243,5.858453541027764,"[{""offset_bp"":40,""limit_px"":65811.2391391326,""price_through"":true},{""offset_bp"":60,""limit_px"":65679.0880565239,""price_through"":false},{""offset_bp"":80,""limit_px"":65546.9369739152,""price_through"":false},{""offset_bp"":100,""limit_px"":65414.7858913065,""price_through"":false},{""offset_bp"":120,""limit_px"":65282.6348086978,""price_through"":false}]"
2026-02-11 15:26:00,1770823560000,prev_completed_binance_index_close,66242.15847826,66209.9,66242.15847826,-4.869780665524015,66209.9,65954.4,65961.48,66008.46326087,66010.17652174,1,2000,0.03031350690622607,65977.18984434695,40,4.740034638763824,4.999709364836846,"[{""offset_bp"":40,""limit_px"":65977.18984434695,""price_through"":true},{""offset_bp"":60,""limit_px"":65844.70552739044,""price_through"":false},{""offset_bp"":80,""limit_px"":65712.22121043391,""price_through"":false},{""offset_bp"":100,""limit_px"":65579.7368934774,""price_through"":false},{""offset_bp"":120,""limit_px"":65447.25257652088,""price_through"":false}]"
2026-02-11 23:20:00,1770852000000,prev_completed_binance_index_close,67279.6926087,67273.92,67279.6926087,-0.8580016459913686,67273.81,67000.11,67031.02,67062.7273913,67066.94565217,1,2000,0.02984603601257232,67010.5738382652,40,7.782884110298927,8.412375939483852,"[{""offset_bp"":40,""limit_px"":67010.5738382652,""price_through"":true},{""offset_bp"":60,""limit_px"":66876.0144530478,""price_through"":false},{""offset_bp"":80,""limit_px"":66741.45506783041,""price_through"":false},{""offset_bp"":100,""limit_px"":66606.895682613,""price_through"":false},{""offset_bp"":120,""limit_px"":66472.3362973956,""price_through"":false}]"
2026-02-12 15:04:00,1770908640000,prev_completed_binance_index_close,67608.93086957,67603.02,67608.93086957,-0.8742734863531609,67603.03,67264.99,67292.99,67315.8876087,67316.29956522,1,2000,0.029700693424481412,67338.49514609172,40,-3.357297685770977,-3.296120714245676,"[{""offset_bp"":40,""limit_px"":67338.49514609172,""price_through"":true},{""offset_bp"":60,""limit_px"":67203.27728435257,""price_through"":false},{""offset_bp"":80,""limit_px"":67068.05942261344,""price_through"":false},{""offset_bp"":100,""limit_px"":66932.8415608743,""price_through"":false},{""offset_bp"":120,""limit_px"":66797.62369913516,""price_through"":false}]"
2026-02-12 16:05:00,1770912300000,prev_completed_binance_index_close,67193.19717391,67199.98,67193.19717391,1.0094513098457547,67199.97,66923.74,66942.0,66950.16608696,66950.16608696,1,2000,0.02988445576293759,66924.42438521436,40,3.846383735401915,3.846383735401915,"[{""offset_bp"":40,""limit_px"":66924.42438521436,""price_through"":true},{""offset_bp"":60,""limit_px"":66790.03799086653,""price_through"":false},{""offset_bp"":80,""limit_px"":66655.65159651871,""price_through"":false},{""offset_bp"":100,""limit_px"":66521.2652021709,""price_through"":false},{""offset_bp"":120,""limit_px"":66386.87880782307,""price_through"":false}]"
2026-02-12 16:07:00,1770912420000,prev_completed_binance_index_close,66889.94478261,66890.0,66889.94478261,0.00825496121903413,66890.01,66617.64,66702.0,66655.81717391,66716.27130435,1,2000,0.030019939993075062,66622.38500347955,40,5.0181587508024705,14.092305591513199,"[{""offset_bp"":40,""limit_px"":66622.38500347955,""price_through"":true},{""offset_bp"":60,""limit_px"":66488.60511391434,""price_through"":false},{""offset_bp"":80,""limit_px"":66354.82522434912,""price_through"":false},{""offset_bp"":100,""limit_px"":66221.04533478389,""price_through"":false},{""offset_bp"":120,""limit_px"":66087.26544521867,""price_through"":false}]"
2026-02-12 16:53:00,1770915180000,prev_completed_binance_index_close,65983.07434783,66024.4,65983.07434783,6.26306860940451,66024.4,65588.0,65622.74,65626.47434783,65628.69913043,1,2000,0.030432533621102712,65719.14205043868,40,-14.100564876146082,-13.762036019773216,"[{""offset_bp"":40,""limit_px"":65719.14205043868,""price_through"":true},{""offset_bp"":60,""limit_px"":65587.17590174302,""price_through"":false},{""offset_bp"":80,""limit_px"":65455.20975304736,""price_through"":false},{""offset_bp"":100,""limit_px"":65323.2436043517,""price_through"":false},{""offset_bp"":120,""limit_px"":65191.27745565604,""price_through"":false}]"
2026-02-13 14:41:00,1770993660000,prev_completed_binance_index_close,67165.86608696,67135.03,67165.86608696,-4.591035410765887,67135.04,66884.0,66900.0,66921.6673913,66930.3923913,1,2000,0.029896616324640954,66897.20262261215,40,3.6570690146575657,4.961308901820782,"[{""offset_bp"":40,""limit_px"":66897.20262261215,""price_through"":true},{""offset_bp"":60,""limit_px"":66762.87089043824,""price_through"":false},{""offset_bp"":80,""limit_px"":66628.53915826432,""price_through"":false},{""offset_bp"":100,""limit_px"":66494.2074260904,""price_through"":false},{""offset_bp"":120,""limit_px"":66359.87569391647,""price_through"":false}]"
2026-02-13 14:50:00,1770994200000,prev_completed_binance_index_close,67886.21347826,67877.6,67886.21347826,-1.2688111206493602,67877.6,67611.68,67803.21,67660.59565217,67801.12804348,1,2000,0.02957938034291914,67614.66862434696,40,6.792465119986879,27.57677038528028,"[{""offset_bp"":40,""limit_px"":67614.66862434696,""price_through"":true},{""offset_bp"":60,""limit_px"":67478.89619739044,""price_through"":false},{""offset_bp"":80,""limit_px"":67343.12377043393,""price_through"":false},{""offset_bp"":100,""limit_px"":67207.3513434774,""price_through"":false},{""offset_bp"":120,""limit_px"":67071.57891652088,""price_through"":false}]"
2026-02-14 13:17:00,1771075020000,prev_completed_binance_index_close,69691.63869565,69683.71,69691.63869565,-1.1376824822018072,69683.71,69381.5,69526.77,69541.87652174,69541.87652174,1,2000,0.028813099621366675,69412.8721408674,40,18.585080388375808,18.585080388375808,"[{""offset_bp"":40,""limit_px"":69412.8721408674,""price_through"":true},{""offset_bp"":60,""limit_px"":69273.4888634761,""price_through"":false},{""offset_bp"":80,""limit_px"":69134.1055860848,""price_through"":false},{""offset_bp"":100,""limit_px"":68994.72230869351,""price_through"":false},{""offset_bp"":120,""limit_px"":68855.33903130221,""price_through"":false}]"
2026-02-14 13:18:00,1771075080000,prev_completed_binance_index_close,69541.87652174,69526.77,69541.87652174,-2.1722913581834202,69526.77,69064.6,69426.79,69394.54173913,69423.74043478,2,4000,0.05780839925803479,69194.09724779811,60,28.968437959968618,33.18826259984142,"[{""offset_bp"":40,""limit_px"":69263.70901565305,""price_through"":true},{""offset_bp"":60,""limit_px"":69124.62526260957,""price_through"":true},{""offset_bp"":80,""limit_px"":68985.54150956609,""price_through"":false},{""offset_bp"":100,""limit_px"":68846.4577565226,""price_through"":false},{""offset_bp"":120,""limit_px"":68707.37400347913,""price_through"":false}]"
2026-02-14 13:21:00,1771075260000,prev_completed_binance_index_close,69528.50369565,69536.0,69528.50369565,1.0781627608169586,69535.99,69239.56,69433.34,69390.92152174,69433.54043478,1,2000,0.028880703909635368,69250.3896808674,40,20.29329243058875,26.447613472881937,"[{""offset_bp"":40,""limit_px"":69250.3896808674,""price_through"":true},{""offset_bp"":60,""limit_px"":69111.33267347609,""price_through"":false},{""offset_bp"":80,""limit_px"":68972.2756660848,""price_through"":false},{""offset_bp"":100,""limit_px"":68833.2186586935,""price_through"":false},{""offset_bp"":120,""limit_px"":68694.1616513022,""price_through"":false}]"
2026-02-14 13:23:00,1771075380000,prev_completed_binance_index_close,69389.86173913,69373.09,69389.86173913,-2.4170301985992904,69373.08,69095.73,69330.55,69268.55217391,69337.10804348,1,2000,0.028938407977569098,69112.30229217348,40,22.608114120690193,32.52760273505962,"[{""offset_bp"":40,""limit_px"":69112.30229217348,""price_through"":true},{""offset_bp"":60,""limit_px"":68973.52256869523,""price_through"":false},{""offset_bp"":80,""limit_px"":68834.74284521697,""price_through"":false},{""offset_bp"":100,""limit_px"":68695.9631217387,""price_through"":false},{""offset_bp"":120,""limit_px"":68557.18339826044,""price_through"":false}]"
2026-02-15 04:02:00,1771128120000,prev_completed_binance_index_close,69977.53304348,69982.68,69977.53304348,0.7355155713750783,69982.69,69459.35,70061.04,69978.62391304,70050.49043478,2,4000,0.05744850365936509,69627.57504908367,60,50.418079864029686,60.739640206943776,"[{""offset_bp"":40,""limit_px"":69697.62291130608,""price_through"":true},{""offset_bp"":60,""limit_px"":69557.66784521911,""price_through"":true},{""offset_bp"":80,""limit_px"":69417.71277913215,""price_through"":false},{""offset_bp"":100,""limit_px"":69277.7577130452,""price_through"":false},{""offset_bp"":120,""limit_px"":69137.80264695824,""price_through"":false}]"
2026-02-15 04:03:00,1771128180000,prev_completed_binance_index_close,70050.49043478,70061.04,70050.49043478,1.5059944840523087,70061.04,69573.45,70065.59,70049.16978261,70075.44043478,2,4000,0.05738867120230359,69700.16758010315,60,50.071931621362694,53.84102617049802,"[{""offset_bp"":40,""limit_px"":69770.28847304088,""price_through"":true},{""offset_bp"":60,""limit_px"":69630.18749217132,""price_through"":true},{""offset_bp"":80,""limit_px"":69490.08651130176,""price_through"":false},{""offset_bp"":100,""limit_px"":69349.9855304322,""price_through"":false},{""offset_bp"":120,""limit_px"":69209.88454956264,""price_through"":false}]"
2026-02-15 04:04:00,1771128240000,prev_completed_binance_index_close,70075.44043478,70065.59,70075.44043478,-1.4056900276171458,70065.59,69746.48,70005.71,69963.06173913,70004.33043478,1,2000,0.028655290870172326,69795.13867304088,40,24.059421512974133,29.972253901391355,"[{""offset_bp"":40,""limit_px"":69795.13867304088,""price_through"":true},{""offset_bp"":60,""limit_px"":69654.98779217132,""price_through"":false},{""offset_bp"":80,""limit_px"":69514.83691130175,""price_through"":false},{""offset_bp"":100,""limit_px"":69374.6860304322,""price_through"":false},{""offset_bp"":120,""limit_px"":69234.53514956264,""price_through"":false}]"
2026-02-15 13:29:00,1771162140000,prev_completed_binance_index_close,69296.15891304,69283.3,69296.15891304,-1.8556458599860992,69283.3,69015.11,69056.85,69042.855,69042.855,1,2000,0.028977538726698303,69018.97427738784,40,3.4600228215775353,3.4600228215775353,"[{""offset_bp"":40,""limit_px"":69018.97427738784,""price_through"":true},{""offset_bp"":60,""limit_px"":68880.38195956175,""price_through"":false},{""offset_bp"":80,""limit_px"":68741.78964173567,""price_through"":false},{""offset_bp"":100,""limit_px"":68603.1973239096,""price_through"":false},{""offset_bp"":120,""limit_px"":68464.60500608351,""price_through"":false}]"
2026-02-15 17:45:00,1771177500000,prev_completed_binance_index_close,68851.3223913,68823.06,68851.3223913,-4.104843642562805,68823.05,68280.0,68591.0,68380.92304348,68600.99673913,3,6000,0.08767055425710314,68438.02974490577,80,-8.344293609653386,23.81234451542147,"[{""offset_bp"":40,""limit_px"":68575.9171017348,""price_through"":true},{""offset_bp"":60,""limit_px"":68438.21445695219,""price_through"":true},{""offset_bp"":80,""limit_px"":68300.5118121696,""price_through"":true},{""offset_bp"":100,""limit_px"":68162.809167387,""price_through"":false},{""offset_bp"":120,""limit_px"":68025.1065226044,""price_through"":false}]"
2026-02-15 18:45:00,1771181100000,prev_completed_binance_index_close,68701.21347826,68700.05,68701.21347826,-0.16935337836088138,68700.06,68405.69,68509.01,68527.78891304,68528.10282609,1,2000,0.029228481228348074,68426.40862434696,40,14.815959324945283,14.861835333390694,"[{""offset_bp"":40,""limit_px"":68426.40862434696,""price_through"":true},{""offset_bp"":60,""limit_px"":68289.00619739044,""price_through"":false},{""offset_bp"":80,""limit_px"":68151.60377043393,""price_through"":false},{""offset_bp"":100,""limit_px"":68014.2013434774,""price_through"":false},{""offset_bp"":120,""limit_px"":67876.79891652089,""price_through"":false}]"
2026-02-15 19:05:00,1771182300000,prev_completed_binance_index_close,68334.6626087,68257.61,68334.6626087,-11.275772171617238,68257.61,68025.85,68143.81,68142.28217391,68142.28217391,1,2000,0.029385264401062608,68061.3239582652,40,11.894892860804251,11.894892860804251,"[{""offset_bp"":40,""limit_px"":68061.3239582652,""price_through"":true},{""offset_bp"":60,""limit_px"":67924.6546330478,""price_through"":false},{""offset_bp"":80,""limit_px"":67787.9853078304,""price_through"":false},{""offset_bp"":100,""limit_px"":67651.315982613,""price_through"":false},{""offset_bp"":120,""limit_px"":67514.6466573956,""price_through"":false}]"
2026-02-16 13:28:00,1771248480000,prev_completed_binance_index_close,68930.96434783,68934.45,68930.96434783,0.5056729153540829,68934.44,68520.07,68607.18,68545.07913043,68561.92913043,1,2000,0.029131061018984144,68655.24049043868,40,-16.045586501736153,-13.591294610886262,"[{""offset_bp"":40,""limit_px"":68655.24049043868,""price_through"":true},{""offset_bp"":60,""limit_px"":68517.37856174301,""price_through"":false},{""offset_bp"":80,""limit_px"":68379.51663304736,""price_through"":false},{""offset_bp"":100,""limit_px"":68241.65470435169,""price_through"":false},{""offset_bp"":120,""limit_px"":68103.79277565604,""price_through"":false}]"
2026-02-16 15:31:00,1771255860000,prev_completed_binance_index_close,68120.08152174,68124.69,68120.08152174,0.6765227165117516,68124.69,67600.0,67725.94,67631.90934783,67729.53347826,2,4000,0.059014969937150136,67779.4126517378,60,-21.762257614372782,-7.35904480820615,"[{""offset_bp"":40,""limit_px"":67847.60119565303,""price_through"":true},{""offset_bp"":60,""limit_px"":67711.36103260955,""price_through"":true},{""offset_bp"":80,""limit_px"":67575.12086956608,""price_through"":false},{""offset_bp"":100,""limit_px"":67438.8807065226,""price_through"":false},{""offset_bp"":120,""limit_px"":67302.64054347911,""price_through"":false}]"
2026-02-16 15:32:00,1771255920000,prev_completed_binance_index_close,67729.53347826,67725.94,67729.53347826,-0.530562972377302,67725.94,67445.6,67445.61,67480.00978261,67482.28413043,1,2000,0.02964780687820033,67458.61534434695,40,3.1714908694513433,3.508637994158459,"[{""offset_bp"":40,""limit_px"":67458.61534434695,""price_through"":true},{""offset_bp"":60,""limit_px"":67323.15627739043,""price_through"":false},{""offset_bp"":80,""limit_px"":67187.69721043392,""price_through"":false},{""offset_bp"":100,""limit_px"":67052.2381434774,""price_through"":false},{""offset_bp"":120,""limit_px"":66916.77907652088,""price_through"":false}]"
2026-02-17 14:32:00,1771338720000,prev_completed_binance_index_close,68204.18978261,68189.72,68204.18978261,-2.1215386702955197,68189.72,67920.32,67936.58,67961.5273913,67961.5273913,1,2000,0.029441477641100038,67931.37302347957,40,4.438945729834387,4.438945729834387,"[{""offset_bp"":40,""limit_px"":67931.37302347957,""price_through"":true},{""offset_bp"":60,""limit_px"":67794.96464391434,""price_through"":false},{""offset_bp"":80,""limit_px"":67658.55626434913,""price_through"":false},{""offset_bp"":100,""limit_px"":67522.1478847839,""price_through"":false},{""offset_bp"":120,""limit_px"":67385.73950521868,""price_through"":false}]"
2026-02-17 14:38:00,1771339080000,prev_completed_binance_index_close,68000.71521739,68008.92,68000.71521739,1.2065729873245168,68008.92,67508.97,67508.98,67576.43043478,67576.43043478,2,4000,0.05911856294849133,67660.64329887569,60,-12.44635876778255,-12.44635876778255,"[{""offset_bp"":40,""limit_px"":67728.71235652044,""price_through"":true},{""offset_bp"":60,""limit_px"":67592.71092608565,""price_through"":true},{""offset_bp"":80,""limit_px"":67456.70949565088,""price_through"":false},{""offset_bp"":100,""limit_px"":67320.7080652161,""price_through"":false},{""offset_bp"":120,""limit_px"":67184.70663478131,""price_through"":false}]"
2026-02-17 14:50:00,1771339800000,prev_completed_binance_index_close,67073.46891304,67090.34,67073.46891304,2.5153145101053376,67090.34,66734.3,66836.07,66753.43543478,66824.02130435,1,2000,0.029937800460528553,66805.17503738783,40,-7.744849493902528,2.8210788986959834,"[{""offset_bp"":40,""limit_px"":66805.17503738783,""price_through"":true},{""offset_bp"":60,""limit_px"":66671.02809956175,""price_through"":false},{""offset_bp"":80,""limit_px"":66536.88116173567,""price_through"":false},{""offset_bp"":100,""limit_px"":66402.73422390959,""price_through"":false},{""offset_bp"":120,""limit_px"":66268.58728608351,""price_through"":false}]"
2026-02-18 16:03:00,1771430580000,prev_completed_binance_index_close,67636.90717391,67637.05,67636.90717391,0.021116590922520828,67637.06,67161.77,67170.66,67240.26565217,67240.26565217,2,4000,0.059436552188660716,67298.65466124933,60,-8.676103463469698,-8.676103463469698,"[{""offset_bp"":40,""limit_px"":67366.35954521436,""price_through"":true},{""offset_bp"":60,""limit_px"":67231.08573086654,""price_through"":true},{""offset_bp"":80,""limit_px"":67095.81191651872,""price_through"":false},{""offset_bp"":100,""limit_px"":66960.5381021709,""price_through"":false},{""offset_bp"":120,""limit_px"":66825.26428782308,""price_through"":false}]"
2026-02-18 18:42:00,1771440120000,prev_completed_binance_index_close,66796.6723913,66790.43,66796.6723913,-0.9345362690282855,66790.42,66500.0,66504.13,66499.28695652,66510.84195652,1,2000,0.030061858721806545,66529.4857017348,40,-4.539152061115992,-2.802328173462376,"[{""offset_bp"":40,""limit_px"":66529.4857017348,""price_through"":true},{""offset_bp"":60,""limit_px"":66395.8923569522,""price_through"":false},{""offset_bp"":80,""limit_px"":66262.2990121696,""price_through"":false},{""offset_bp"":100,""limit_px"":66128.705667387,""price_through"":false},{""offset_bp"":120,""limit_px"":65995.1123226044,""price_through"":false}]"
2026-02-18 21:03:00,1771448580000,prev_completed_binance_index_close,66319.12869565,66318.52,66319.12869565,-0.09178281771271557,66318.52,66053.6,66132.09,66134.59195652,66138.78108696,1,2000,0.030278324941952487,66053.8521808674,40,12.223325814748609,12.857525078182608,"[{""offset_bp"":40,""limit_px"":66053.8521808674,""price_through"":true},{""offset_bp"":60,""limit_px"":65921.2139234761,""price_through"":false},{""offset_bp"":80,""limit_px"":65788.5756660848,""price_through"":false},{""offset_bp"":100,""limit_px"":65655.9374086935,""price_through"":false},{""offset_bp"":120,""limit_px"":65523.2991513022,""price_through"":false}]"
2026-02-20 13:38:00,1771594680000,prev_completed_binance_index_close,66894.74543478,66899.99,66894.74543478,0.7840025679040075,66899.99,66400.0,66692.79,66705.03086957,66721.90804348,2,4000,0.060095969227376186,66560.20447670616,60,21.75870612214137,24.29433143199322,"[{""offset_bp"":40,""limit_px"":66627.16645304087,""price_through"":true},{""offset_bp"":60,""limit_px"":66493.37696217131,""price_through"":true},{""offset_bp"":80,""limit_px"":66359.58747130175,""price_through"":false},{""offset_bp"":100,""limit_px"":66225.7979804322,""price_through"":false},{""offset_bp"":120,""limit_px"":66092.00848956264,""price_through"":false}]"
2026-02-20 13:39:00,1771594740000,prev_completed_binance_index_close,66721.90804348,66692.79,66721.90804348,-4.364090346611338,66692.79,66280.2,66511.58,66514.43,66526.20869565,2,4000,0.0602516426913625,66388.23144606857,60,19.009175449107296,20.783389853291645,"[{""offset_bp"":40,""limit_px"":66455.02041130608,""price_through"":true},{""offset_bp"":60,""limit_px"":66321.57659521911,""price_through"":true},{""offset_bp"":80,""limit_px"":66188.13277913215,""price_through"":false},{""offset_bp"":100,""limit_px"":66054.68896304519,""price_through"":false},{""offset_bp"":120,""limit_px"":65921.24514695823,""price_through"":false}]"
2026-02-20 13:55:00,1771595700000,prev_completed_binance_index_close,66945.16717391,66945.72,66945.16717391,0.08257893935326166,66945.72,66500.0,66779.51,66789.00847826,66792.90369565,2,4000,0.06005070616491679,66610.3740564654,60,26.817807935317628,27.40258432265774,"[{""offset_bp"":40,""limit_px"":66677.38650521435,""price_through"":true},{""offset_bp"":60,""limit_px"":66543.49617086654,""price_through"":true},{""offset_bp"":80,""limit_px"":66409.60583651872,""price_through"":false},{""offset_bp"":100,""limit_px"":66275.7155021709,""price_through"":false},{""offset_bp"":120,""limit_px"":66141.82516782307,""price_through"":false}]"
2026-02-20 13:57:00,1771595820000,prev_completed_binance_index_close,66905.68695652,66882.34,66905.68695652,-3.4895324421646556,66882.35,66620.0,66756.78,66724.74217391,66781.83065217,1,2000,0.030012876630637036,66638.06420869392,40,13.007275383123407,21.57422265836484,"[{""offset_bp"":40,""limit_px"":66638.06420869392,""price_through"":true},{""offset_bp"":60,""limit_px"":66504.25283478088,""price_through"":false},{""offset_bp"":80,""limit_px"":66370.44146086785,""price_through"":false},{""offset_bp"":100,""limit_px"":66236.6300869548,""price_through"":false},{""offset_bp"":120,""limit_px"":66102.81871304176,""price_through"":false}]"
2026-02-20 14:19:00,1771597140000,prev_completed_binance_index_close,66929.30152174,66923.22,66929.30152174,-0.908648619023511,66922.94,66651.36,66767.21,66782.97869565,66782.97869565,1,2000,0.0300022872323239,66661.58431565303,40,18.21054528529542,18.21054528529542,"[{""offset_bp"":40,""limit_px"":66661.58431565303,""price_through"":true},{""offset_bp"":60,""limit_px"":66527.72571260955,""price_through"":false},{""offset_bp"":80,""limit_px"":66393.86710956607,""price_through"":false},{""offset_bp"":100,""limit_px"":66260.0085065226,""price_through"":false},{""offset_bp"":120,""limit_px"":66126.14990347912,""price_through"":false}]"
2026-02-20 15:02:00,1771599720000,prev_completed_binance_index_close,68018.85978261,68034.01,68018.85978261,2.2273553891394293,68034.01,67584.34,67591.24,67610.22891304,67610.22891304,2,4000,0.05910279260737475,67678.69712303385,60,-10.116656038662297,-10.116656038662297,"[{""offset_bp"":40,""limit_px"":67746.78434347956,""price_through"":true},{""offset_bp"":60,""limit_px"":67610.74662391434,""price_through"":true},{""offset_bp"":80,""limit_px"":67474.70890434911,""price_through"":false},{""offset_bp"":100,""limit_px"":67338.6711847839,""price_through"":false},{""offset_bp"":120,""limit_px"":67202.63346521868,""price_through"":false}]"
2026-02-20 15:16:00,1771600560000,prev_completed_binance_index_close,66805.32978261,66821.04,66805.32978261,2.351641319804365,66821.04,66536.64,66553.53,66558.04021739,66558.04021739,1,2000,0.03005796296565494,66538.10846347956,40,2.995539604402353,2.995539604402353,"[{""offset_bp"":40,""limit_px"":66538.10846347956,""price_through"":true},{""offset_bp"":60,""limit_px"":66404.49780391435,""price_through"":false},{""offset_bp"":80,""limit_px"":66270.88714434912,""price_through"":false},{""offset_bp"":100,""limit_px"":66137.2764847839,""price_through"":false},{""offset_bp"":120,""limit_px"":66003.66582521868,""price_through"":false}]"
2026-02-20 17:47:00,1771609620000,prev_completed_binance_index_close,67268.90347826,67268.1,67268.90347826,-0.11944274671549238,67268.11,66994.2,67130.12,67124.49130435,67139.9423913,1,2000,0.029850822961058267,66999.82786434697,40,18.606531386233804,20.912669691737218,"[{""offset_bp"":40,""limit_px"":66999.82786434697,""price_through"":true},{""offset_bp"":60,""limit_px"":66865.29005739045,""price_through"":false},{""offset_bp"":80,""limit_px"":66730.75225043393,""price_through"":false},{""offset_bp"":100,""limit_px"":66596.21444347741,""price_through"":false},{""offset_bp"":120,""limit_px"":66461.67663652089,""price_through"":false}]"
2026-02-20 18:35:00,1771612500000,prev_completed_binance_index_close,67878.32673913,67874.01,67878.32673913,-0.6359524957944007,67874.01,67583.8,67594.04,67608.34369565,67620.57043478,1,2000,0.02958281715209813,67606.81343217348,40,0.2263475231001344,2.034854463348612,"[{""offset_bp"":40,""limit_px"":67606.81343217348,""price_through"":true},{""offset_bp"":60,""limit_px"":67471.05677869522,""price_through"":false},{""offset_bp"":80,""limit_px"":67335.30012521696,""price_through"":false},{""offset_bp"":100,""limit_px"":67199.5434717387,""price_through"":false},{""offset_bp"":120,""limit_px"":67063.78681826044,""price_through"":false}]"
2026-02-23 01:01:00,1771808460000,prev_completed_binance_index_close,66564.50391304,66571.39,66564.50391304,1.0344983520038653,66571.39,66282.0,66289.29,66294.94195652,66307.89195652,1,2000,0.03016671064111517,66298.24589738784,40,-0.49834514067814695,1.454949373336234,"[{""offset_bp"":40,""limit_px"":66298.24589738784,""price_through"":true},{""offset_bp"":60,""limit_px"":66165.11688956176,""price_through"":false},{""offset_bp"":80,""limit_px"":66031.98788173568,""price_through"":false},{""offset_bp"":100,""limit_px"":65898.8588739096,""price_through"":false},{""offset_bp"":120,""limit_px"":65765.72986608352,""price_through"":false}]"
2026-02-23 01:07:00,1771808820000,prev_completed_binance_index_close,66242.90673913,66243.43,66242.90673913,0.07899123026788857,66243.43,65849.6,65885.55,65856.53304348,65901.87369565,1,2000,0.030313164493548744,65977.93511217348,40,-18.400404390812586,-11.52831115344144,"[{""offset_bp"":40,""limit_px"":65977.93511217348,""price_through"":true},{""offset_bp"":60,""limit_px"":65845.44929869522,""price_through"":false},{""offset_bp"":80,""limit_px"":65712.96348521697,""price_through"":false},{""offset_bp"":100,""limit_px"":65580.4776717387,""price_through"":false},{""offset_bp"":120,""limit_px"":65447.991858260444,""price_through"":false}]"
2026-02-23 01:09:00,1771808940000,prev_completed_binance_index_close,65730.44652174,65743.15,65730.44652174,1.9326627053706247,65743.15,65364.13,65560.0,65381.80913043,65577.91413043,1,2000,0.03054949775595865,65467.52473565304,40,-13.092843447058966,16.86170284010302,"[{""offset_bp"":40,""limit_px"":65467.52473565304,""price_through"":true},{""offset_bp"":60,""limit_px"":65336.06384260956,""price_through"":false},{""offset_bp"":80,""limit_px"":65204.60294956608,""price_through"":false},{""offset_bp"":100,""limit_px"":65073.1420565226,""price_through"":false},{""offset_bp"":120,""limit_px"":64941.681163479116,""price_through"":false}]"
2026-02-23 01:10:00,1771809000000,prev_completed_binance_index_close,65577.91413043,65560.0,65577.91413043,-2.7317322710762593,65559.99,65264.16,65432.49,65275.44130435,65402.56913043,1,2000,0.030620555031991674,65315.60247390828,40,-6.148786513041626,13.31483645985898,"[{""offset_bp"":40,""limit_px"":65315.60247390828,""price_through"":true},{""offset_bp"":60,""limit_px"":65184.44664564742,""price_through"":false},{""offset_bp"":80,""limit_px"":65053.29081738656,""price_through"":false},{""offset_bp"":100,""limit_px"":64922.1349891257,""price_through"":false},{""offset_bp"":120,""limit_px"":64790.97916086484,""price_through"":false}]"
2026-02-23 01:46:00,1771811160000,prev_completed_binance_index_close,65005.16326087,65000.83,65005.16326087,-0.6666025670321041,65000.83,64720.0,64720.01,64766.91869565,64766.91869565,1,2000,0.030890348209044426,64745.14260782652,40,3.363354677490271,3.363354677490271,"[{""offset_bp"":40,""limit_px"":64745.14260782652,""price_through"":true},{""offset_bp"":60,""limit_px"":64615.13228130478,""price_through"":false},{""offset_bp"":80,""limit_px"":64485.12195478304,""price_through"":false},{""offset_bp"":100,""limit_px"":64355.1116282613,""price_through"":false},{""offset_bp"":120,""limit_px"":64225.10130173956,""price_through"":false}]"
2026-02-23 01:47:00,1771811220000,prev_completed_binance_index_close,64766.91869565,64720.01,64766.91869565,-7.242693738516159,64720.01,64290.71,64887.84,64316.365,64870.40934783,2,4000,0.06207033843948652,64443.01900979115,60,-19.65364313113671,66.32065731959402,"[{""offset_bp"":40,""limit_px"":64507.8510208674,""price_through"":true},{""offset_bp"":60,""limit_px"":64378.317183476094,""price_through"":true},{""offset_bp"":80,""limit_px"":64248.7833460848,""price_through"":false},{""offset_bp"":100,""limit_px"":64119.249508693494,""price_through"":false},{""offset_bp"":120,""limit_px"":63989.7156713022,""price_through"":false}]"
2026-02-23 17:51:00,1771869060000,prev_completed_binance_index_close,64452.96586957,64453.24,64452.96586957,0.042531856572214366,64453.25,64180.23,64236.0,64227.84782609,64230.89,1,2000,0.031154999640786166,64195.15400609172,40,5.092879751511514,5.566774386878137,"[{""offset_bp"":40,""limit_px"":64195.15400609172,""price_through"":true},{""offset_bp"":60,""limit_px"":64066.24807435258,""price_through"":false},{""offset_bp"":80,""limit_px"":63937.34214261344,""price_through"":false},{""offset_bp"":100,""limit_px"":63808.4362108743,""price_through"":false},{""offset_bp"":120,""limit_px"":63679.53027913516,""price_through"":false}]"
2026-02-24 01:15:00,1771895700000,prev_completed_binance_index_close,64325.07195652,64324.95,64325.07195652,-0.01895940669682794,64324.95,64049.56,64118.0,64152.62652174,64152.62652174,1,2000,0.03121694336962995,64067.77166869392,40,13.244545710888733,13.244545710888733,"[{""offset_bp"":40,""limit_px"":64067.77166869392,""price_through"":true},{""offset_bp"":60,""limit_px"":63939.12152478088,""price_through"":false},{""offset_bp"":80,""limit_px"":63810.471380867835,""price_through"":false},{""offset_bp"":100,""limit_px"":63681.8212369548,""price_through"":false},{""offset_bp"":120,""limit_px"":63553.171093041754,""price_through"":false}]"
2026-02-24 01:16:00,1771895760000,prev_completed_binance_index_close,64152.62652174,64118.0,64152.62652174,-5.39752206844768,64118.0,63508.4,63660.71,63579.97652826,63620.29057391,4,8000,0.12558231910975035,63703.235110736794,100,-19.348873297020397,-13.020459115240524,"[{""offset_bp"":40,""limit_px"":63896.01601565304,""price_through"":true},{""offset_bp"":60,""limit_px"":63767.71076260956,""price_through"":true},{""offset_bp"":80,""limit_px"":63639.40550956608,""price_through"":true},{""offset_bp"":100,""limit_px"":63511.1002565226,""price_through"":true},{""offset_bp"":120,""limit_px"":63382.79500347912,""price_through"":false}]"
2026-02-24 01:39:00,1771897140000,prev_completed_binance_index_close,64413.15282609,64398.88,64413.15282609,-2.2158247910231132,64398.88,64125.21,64146.78,64142.93978261,64145.65978261,1,2000,0.03117425619478014,64155.50021478564,40,-1.9578106528028716,-1.533840768555006,"[{""offset_bp"":40,""limit_px"":64155.50021478564,""price_through"":true},{""offset_bp"":60,""limit_px"":64026.67390913346,""price_through"":false},{""offset_bp"":80,""limit_px"":63897.84760348128,""price_through"":false},{""offset_bp"":100,""limit_px"":63769.0212978291,""price_through"":false},{""offset_bp"":120,""limit_px"":63640.19499217692,""price_through"":false}]"
2026-02-24 03:03:00,1771902180000,prev_completed_binance_index_close,63897.10608696,63891.39,63897.10608696,-0.8945768142021304,63891.39,63604.43,63702.63,63662.00652174,63695.49173913,1,2000,0.03142602617685454,63641.51766261215,40,3.2194171164290353,8.480953707608041,"[{""offset_bp"":40,""limit_px"":63641.517662612154,""price_through"":true},{""offset_bp"":60,""limit_px"":63513.723450438236,""price_through"":false},{""offset_bp"":80,""limit_px"":63385.92923826432,""price_through"":false},{""offset_bp"":100,""limit_px"":63258.13502609039,""price_through"":false},{""offset_bp"":120,""limit_px"":63130.340813916475,""price_through"":false}]"
2026-02-24 05:24:00,1771910640000,prev_completed_binance_index_close,62959.99608696,62953.5,62959.99608696,-1.0317800768333552,62953.51,62700.8,62715.52,62739.58369565,62739.58369565,1,2000,0.03189377784808902,62708.156102612156,40,5.011723353245401,5.011723353245401,"[{""offset_bp"":40,""limit_px"":62708.15610261216,""price_through"":true},{""offset_bp"":60,""limit_px"":62582.23611043824,""price_through"":false},{""offset_bp"":80,""limit_px"":62456.31611826432,""price_through"":false},{""offset_bp"":100,""limit_px"":62330.3961260904,""price_through"":false},{""offset_bp"":120,""limit_px"":62204.47613391648,""price_through"":false}]"
2026-02-24 13:32:00,1771939920000,prev_completed_binance_index_close,62919.91804348,62915.69,62919.91804348,-0.6719721848769122,62915.68,62510.28,62560.52,62673.21565217,62673.21565217,2,4000,0.06389239986523282,62605.25521716407,60,10.855388221036044,10.855388221036044,"[{""offset_bp"":40,""limit_px"":62668.23837130608,""price_through"":true},{""offset_bp"":60,""limit_px"":62542.39853521912,""price_through"":true},{""offset_bp"":80,""limit_px"":62416.55869913216,""price_through"":false},{""offset_bp"":100,""limit_px"":62290.7188630452,""price_through"":false},{""offset_bp"":120,""limit_px"":62164.87902695824,""price_through"":false}]"
2026-02-25 21:37:00,1772055420000,prev_completed_binance_index_close,69899.6373913,69869.48,69899.6373913,-4.314384512638103,69869.49,69616.58,69627.65,69651.31543478,69651.31543478,1,2000,0.02872736116316369,69620.0388417348,40,4.492469921812958,4.492469921812958,"[{""offset_bp"":40,""limit_px"":69620.0388417348,""price_through"":true},{""offset_bp"":60,""limit_px"":69480.2395669522,""price_through"":false},{""offset_bp"":80,""limit_px"":69340.4402921696,""price_through"":false},{""offset_bp"":100,""limit_px"":69200.641017387,""price_through"":false},{""offset_bp"":120,""limit_px"":69060.8417426044,""price_through"":false}]"
2026-02-25 22:40:00,1772059200000,prev_completed_binance_index_close,68682.25891304,68666.44,68682.25891304,-2.3032022083069315,68666.44,68268.53,68328.53,68328.3326087,68333.69369565,2,4000,0.0585319211502877,68338.77859107891,60,-1.5285585423485681,-0.7440717457563029,"[{""offset_bp"":40,""limit_px"":68407.52987738785,""price_through"":true},{""offset_bp"":60,""limit_px"":68270.16535956175,""price_through"":true},{""offset_bp"":80,""limit_px"":68132.80084173568,""price_through"":false},{""offset_bp"":100,""limit_px"":67995.4363239096,""price_through"":false},{""offset_bp"":120,""limit_px"":67858.07180608352,""price_through"":false}]"
2026-02-25 22:50:00,1772059800000,prev_completed_binance_index_close,68455.11782609,68451.14,68455.11782609,-0.5810852740206762,68451.15,68095.62,68118.39,68118.11717391,68118.11717391,1,2000,0.029333557406408316,68181.29735478564,40,-9.26649731331497,-9.26649731331497,"[{""offset_bp"":40,""limit_px"":68181.29735478564,""price_through"":true},{""offset_bp"":60,""limit_px"":68044.38711913346,""price_through"":false},{""offset_bp"":80,""limit_px"":67907.47688348129,""price_through"":false},{""offset_bp"":100,""limit_px"":67770.56664782911,""price_through"":false},{""offset_bp"":120,""limit_px"":67633.65641217692,""price_through"":false}]"
2026-02-26 14:30:00,1772116200000,prev_completed_binance_index_close,68116.955,68116.0,68116.955,-0.14020004270642872,68116.0,67738.43,67853.47,67775.02043478,67833.02652174,1,2000,0.02947918221702741,67844.48718,40,-10.239114201819888,-1.6892541658675153,"[{""offset_bp"":40,""limit_px"":67844.48718,""price_through"":true},{""offset_bp"":60,""limit_px"":67708.25327,""price_through"":false},{""offset_bp"":80,""limit_px"":67572.01936,""price_through"":false},{""offset_bp"":100,""limit_px"":67435.78545,""price_through"":false},{""offset_bp"":120,""limit_px"":67299.55154,""price_through"":false}]"
2026-02-26 14:45:00,1772117100000,prev_completed_binance_index_close,67810.73282609,67799.74,67810.73282609,-1.6211041573876983,67799.59,67413.33,67420.52,67478.03913043,67478.03913043,1,2000,0.029612305380387678,67539.48989478564,40,-9.09849399978735,-9.09849399978735,"[{""offset_bp"":40,""limit_px"":67539.48989478564,""price_through"":true},{""offset_bp"":60,""limit_px"":67403.86842913345,""price_through"":false},{""offset_bp"":80,""limit_px"":67268.24696348127,""price_through"":false},{""offset_bp"":100,""limit_px"":67132.6254978291,""price_through"":false},{""offset_bp"":120,""limit_px"":66997.00403217692,""price_through"":false}]"
2026-02-26 15:12:00,1772118720000,prev_completed_binance_index_close,67576.67869565,67588.82,67576.67869565,1.796670772278297,67588.82,67249.7,67253.84,67307.11695652,67309.36152174,1,2000,0.02971486860959498,67306.3719808674,40,0.11068426817084642,0.4441690711587398,"[{""offset_bp"":40,""limit_px"":67306.3719808674,""price_through"":true},{""offset_bp"":60,""limit_px"":67171.2186234761,""price_through"":false},{""offset_bp"":80,""limit_px"":67036.0652660848,""price_through"":false},{""offset_bp"":100,""limit_px"":66900.9119086935,""price_through"":false},{""offset_bp"":120,""limit_px"":66765.7585513022,""price_through"":false}]"
2026-02-26 15:34:00,1772120040000,prev_completed_binance_index_close,67057.18695652,67045.08,67057.18695652,-1.8054674031964257,67045.09,66761.16,66818.0,66801.51543478,66827.18782609,1,2000,0.029945069568994415,66788.95820869392,40,1.8801350437058773,5.723942762607681,"[{""offset_bp"":40,""limit_px"":66788.95820869392,""price_through"":true},{""offset_bp"":60,""limit_px"":66654.84383478088,""price_through"":false},{""offset_bp"":80,""limit_px"":66520.72946086785,""price_through"":false},{""offset_bp"":100,""limit_px"":66386.6150869548,""price_through"":false},{""offset_bp"":120,""limit_px"":66252.50071304177,""price_through"":false}]"
2026-02-26 16:50:00,1772124600000,prev_completed_binance_index_close,67016.50717391,67037.2,67016.50717391,3.087720766512536,67037.21,66618.27,66618.28,66665.38021739,66665.38021739,1,2000,0.02996324656704576,66748.44114521435,40,-12.443875302442509,-12.443875302442509,"[{""offset_bp"":40,""limit_px"":66748.44114521435,""price_through"":true},{""offset_bp"":60,""limit_px"":66614.40813086653,""price_through"":false},{""offset_bp"":80,""limit_px"":66480.37511651871,""price_through"":false},{""offset_bp"":100,""limit_px"":66346.3421021709,""price_through"":false},{""offset_bp"":120,""limit_px"":66212.30908782307,""price_through"":false}]"
2026-02-27 09:45:00,1772185500000,prev_completed_binance_index_close,67622.03108696,67609.71,67622.03108696,-1.8220521865364159,67609.7,67331.91,67366.99,67391.66434783,67397.215,1,2000,0.02969493959641325,67351.54296261216,40,5.957010552839481,6.781141957383774,"[{""offset_bp"":40,""limit_px"":67351.54296261216,""price_through"":true},{""offset_bp"":60,""limit_px"":67216.29890043824,""price_through"":false},{""offset_bp"":80,""limit_px"":67081.05483826433,""price_through"":false},{""offset_bp"":100,""limit_px"":66945.81077609041,""price_through"":false},{""offset_bp"":120,""limit_px"":66810.56671391649,""price_through"":false}]"
2026-02-27 22:34:00,1772231640000,prev_completed_binance_index_close,65420.84978261,65420.73,65420.84978261,-0.018309546634398544,65420.73,64914.46,64986.0,64968.4473913,64983.35913043,2,4000,0.06144989825843436,65093.67978409918,60,-19.238794490424873,-16.947982359437617,"[{""offset_bp"":40,""limit_px"":65159.16638347956,""price_through"":true},{""offset_bp"":60,""limit_px"":65028.32468391434,""price_through"":true},{""offset_bp"":80,""limit_px"":64897.48298434912,""price_through"":false},{""offset_bp"":100,""limit_px"":64766.6412847839,""price_through"":false},{""offset_bp"":120,""limit_px"":64635.79958521868,""price_through"":false}]"
2026-02-28 06:17:00,1772259420000,prev_completed_binance_index_close,65256.95,65249.32,65256.95,-1.1692241209548815,65249.32,64983.87,65006.5,65016.55543478,65016.55543478,1,2000,0.030771161209864336,64995.92219999999,40,3.17454296848263,3.17454296848263,"[{""offset_bp"":40,""limit_px"":64995.92219999999,""price_through"":true},{""offset_bp"":60,""limit_px"":64865.408299999996,""price_through"":false},{""offset_bp"":80,""limit_px"":64734.8944,""price_through"":false},{""offset_bp"":100,""limit_px"":64604.3805,""price_through"":false},{""offset_bp"":120,""limit_px"":64473.866599999994,""price_through"":false}]"
2026-02-28 06:18:00,1772259480000,prev_completed_binance_index_close,65016.55543478,65006.5,65016.55543478,-1.546596049691873,65006.5,64501.11,64815.44,64570.28086957,64787.95195652,2,4000,0.06183201395765093,64691.407314334305,60,-18.723730058267662,14.92387415790608,"[{""offset_bp"":40,""limit_px"":64756.48921304088,""price_through"":true},{""offset_bp"":60,""limit_px"":64626.456102171316,""price_through"":true},{""offset_bp"":80,""limit_px"":64496.422991301755,""price_through"":false},{""offset_bp"":100,""limit_px"":64366.3898804322,""price_through"":false},{""offset_bp"":120,""limit_px"":64236.35676956264,""price_through"":false}]"
2026-02-28 06:36:00,1772260560000,prev_completed_binance_index_close,64078.93717391,64078.39,64078.93717391,-0.08539060323609071,64078.39,63607.5,63802.49,63659.81586957,63741.18956522,2,4000,0.0627367547032054,63758.47808709857,60,-15.474368348911138,-2.7115643906927556,"[{""offset_bp"":40,""limit_px"":63822.62142521436,""price_through"":true},{""offset_bp"":60,""limit_px"":63694.463550866545,""price_through"":true},{""offset_bp"":80,""limit_px"":63566.30567651872,""price_through"":false},{""offset_bp"":100,""limit_px"":63438.147802170904,""price_through"":false},{""offset_bp"":120,""limit_px"":63309.98992782308,""price_through"":false}]"
2026-02-28 06:50:00,1772261400000,prev_completed_binance_index_close,63776.12956522,63768.24,63776.12956522,-1.2370718125709335,63768.24,63465.95,63564.51,63497.48282609,63587.31869565,1,2000,0.031485637999724696,63521.02504695911,40,-3.706209219971335,10.436489121810055,"[{""offset_bp"":40,""limit_px"":63521.02504695912,""price_through"":true},{""offset_bp"":60,""limit_px"":63393.47278782868,""price_through"":false},{""offset_bp"":80,""limit_px"":63265.92052869824,""price_through"":false},{""offset_bp"":100,""limit_px"":63138.3682695678,""price_through"":false},{""offset_bp"":120,""limit_px"":63010.81601043736,""price_through"":false}]"
2026-02-28 14:51:00,1772290260000,prev_completed_binance_index_close,64779.06195652,64778.63,64779.06195652,-0.06668150278166252,64778.63,64446.68,64476.09,64503.15391304,64503.15391304,1,2000,0.030998166195457668,64519.94570869392,40,-2.6025743620028408,-2.6025743620028408,"[{""offset_bp"":40,""limit_px"":64519.94570869392,""price_through"":true},{""offset_bp"":60,""limit_px"":64390.38758478088,""price_through"":false},{""offset_bp"":80,""limit_px"":64260.82946086784,""price_through"":false},{""offset_bp"":100,""limit_px"":64131.2713369548,""price_through"":false},{""offset_bp"":120,""limit_px"":64001.71321304176,""price_through"":false}]"
2026-03-01 01:11:00,1772327460000,prev_completed_binance_index_close,66521.52217391,66520.43,66521.52217391,-0.16418354155334214,66520.44,66184.61,66235.31,66219.71086957,66231.60086957,1,2000,0.030186202343120982,66255.43608521436,40,-5.392042940961517,-3.597473211662816,"[{""offset_bp"":40,""limit_px"":66255.43608521436,""price_through"":true},{""offset_bp"":60,""limit_px"":66122.39304086653,""price_through"":false},{""offset_bp"":80,""limit_px"":65989.34999651871,""price_through"":false},{""offset_bp"":100,""limit_px"":65856.3069521709,""price_through"":false},{""offset_bp"":120,""limit_px"":65723.26390782307,""price_through"":false}]"
2026-03-01 02:08:00,1772330880000,prev_completed_binance_index_close,68061.97717391,68042.07,68061.97717391,-2.9248597728981363,68042.06,67755.8,67764.26,67805.45043478,67805.45043478,1,2000,0.02950299435738093,67789.72926521435,40,2.3191078849338354,2.3191078849338354,"[{""offset_bp"":40,""limit_px"":67789.72926521435,""price_through"":true},{""offset_bp"":60,""limit_px"":67653.60531086654,""price_through"":false},{""offset_bp"":80,""limit_px"":67517.48135651872,""price_through"":false},{""offset_bp"":100,""limit_px"":67381.35740217089,""price_through"":false},{""offset_bp"":120,""limit_px"":67245.23344782308,""price_through"":false}]"
2026-03-01 02:48:00,1772333280000,prev_completed_binance_index_close,68114.13543478,68121.36,68114.13543478,1.0606557910319836,68121.36,67774.34,67804.03,67832.71782609,67832.71782609,1,2000,0.029480402499372074,67841.67889304088,40,-1.3208793026797672,-1.3208793026797672,"[{""offset_bp"":40,""limit_px"":67841.67889304088,""price_through"":true},{""offset_bp"":60,""limit_px"":67705.45062217131,""price_through"":false},{""offset_bp"":80,""limit_px"":67569.22235130175,""price_through"":false},{""offset_bp"":100,""limit_px"":67432.9940804322,""price_through"":false},{""offset_bp"":120,""limit_px"":67296.76580956264,""price_through"":false}]"
2026-03-01 08:51:00,1772355060000,prev_completed_binance_index_close,66912.09086957,66910.11,66912.09086957,-0.29604060256760434,66910.11,66598.37,66659.13,66686.80913043,66686.80913043,1,2000,0.03001000420728536,66644.44250609173,40,6.357112873200954,6.357112873200954,"[{""offset_bp"":40,""limit_px"":66644.44250609173,""price_through"":true},{""offset_bp"":60,""limit_px"":66510.61832435259,""price_through"":false},{""offset_bp"":80,""limit_px"":66376.79414261345,""price_through"":false},{""offset_bp"":100,""limit_px"":66242.96996087431,""price_through"":false},{""offset_bp"":120,""limit_px"":66109.14577913517,""price_through"":false}]"
2026-03-01 13:55:00,1772373300000,prev_completed_binance_index_close,67162.09869565,67145.0,67162.09869565,-2.5458846554937686,67144.99,66887.5,66927.28,66915.84565217,66940.87804348,1,2000,0.02989829334568001,66893.4503008674,40,3.3479139141245895,7.090042806776609,"[{""offset_bp"":40,""limit_px"":66893.4503008674,""price_through"":true},{""offset_bp"":60,""limit_px"":66759.1261034761,""price_through"":false},{""offset_bp"":80,""limit_px"":66624.8019060848,""price_through"":false},{""offset_bp"":100,""limit_px"":66490.47770869349,""price_through"":false},{""offset_bp"":120,""limit_px"":66356.1535113022,""price_through"":false}]"
2026-03-01 16:47:00,1772383620000,prev_completed_binance_index_close,66729.44565217,66732.0,66729.44565217,0.3827917053755847,66731.99,66453.35,66456.67,66482.44956522,66493.70782609,1,2000,0.030092144613054435,66462.52786956132,40,2.997432733491401,4.691358804449486,"[{""offset_bp"":40,""limit_px"":66462.52786956132,""price_through"":true},{""offset_bp"":60,""limit_px"":66329.06897825698,""price_through"":false},{""offset_bp"":80,""limit_px"":66195.61008695264,""price_through"":false},{""offset_bp"":100,""limit_px"":66062.1511956483,""price_through"":false},{""offset_bp"":120,""limit_px"":65928.69230434396,""price_through"":false}]"
2026-03-01 16:48:00,1772383680000,prev_completed_binance_index_close,66493.70782609,66456.67,66493.70782609,-5.570124948796051,66456.67,66166.66,66282.29,66202.09934783,66290.08,1,2000,0.03019882924510594,66227.73299478563,40,-3.8705306367137204,9.414032822061547,"[{""offset_bp"":40,""limit_px"":66227.73299478563,""price_through"":true},{""offset_bp"":60,""limit_px"":66094.74557913347,""price_through"":false},{""offset_bp"":80,""limit_px"":65961.75816348128,""price_through"":false},{""offset_bp"":100,""limit_px"":65828.7707478291,""price_through"":false},{""offset_bp"":120,""limit_px"":65695.78333217691,""price_through"":false}]"
2026-03-01 16:49:00,1772383740000,prev_completed_binance_index_close,66290.08,66282.29,66290.08,-1.1751381202151912,66282.3,65860.92,66092.08,65972.74304348,66097.68065217,2,4000,0.06064413503682152,65958.56297680402,60,2.149844695822356,21.091677727258507,"[{""offset_bp"":40,""limit_px"":66024.91968,""price_through"":true},{""offset_bp"":60,""limit_px"":65892.33952000001,""price_through"":true},{""offset_bp"":80,""limit_px"":65759.75936,""price_through"":false},{""offset_bp"":100,""limit_px"":65627.1792,""price_through"":false},{""offset_bp"":120,""limit_px"":65494.59904,""price_through"":false}]"
2026-03-01 16:50:00,1772383800000,prev_completed_binance_index_close,66097.68065217,66092.08,66097.68065217,-0.8473296059319235,66094.38,65730.28,65930.24,65866.73347826,65936.94369565,1,2000,0.030379766864756574,65833.28992956133,40,5.080036062976578,15.744886242139433,"[{""offset_bp"":40,""limit_px"":65833.28992956133,""price_through"":true},{""offset_bp"":60,""limit_px"":65701.09456825699,""price_through"":false},{""offset_bp"":80,""limit_px"":65568.89920695264,""price_through"":false},{""offset_bp"":100,""limit_px"":65436.703845648306,""price_through"":false},{""offset_bp"":120,""limit_px"":65304.50848434396,""price_through"":false}]"
2026-03-01 17:17:00,1772385420000,prev_completed_binance_index_close,66023.75282609,66005.18,66023.75282609,-2.8130521660785224,66005.19,65699.98,65787.22,65774.23478261,65793.40391304,1,2000,0.03041378356367166,65759.65781478563,40,2.216703722124347,5.131732642134068,"[{""offset_bp"":40,""limit_px"":65759.65781478563,""price_through"":true},{""offset_bp"":60,""limit_px"":65627.61030913347,""price_through"":false},{""offset_bp"":80,""limit_px"":65495.562803481276,""price_through"":false},{""offset_bp"":100,""limit_px"":65363.5152978291,""price_through"":false},{""offset_bp"":120,""limit_px"":65231.46779217692,""price_through"":false}]"
2026-03-01 22:34:00,1772404440000,prev_completed_binance_index_close,65759.5976087,65763.77,65759.5976087,0.6344916106137966,65763.77,65270.67,65301.43,65327.55434783,65331.18782609,2,4000,0.061133351013538464,65430.73353060866,60,-15.769222995244414,-15.213906240573172,"[{""offset_bp"":40,""limit_px"":65496.5592182652,""price_through"":true},{""offset_bp"":60,""limit_px"":65365.040023047804,""price_through"":true},{""offset_bp"":80,""limit_px"":65233.5208278304,""price_through"":false},{""offset_bp"":100,""limit_px"":65102.001632613,""price_through"":false},{""offset_bp"":120,""limit_px"":64970.4824373956,""price_through"":false}]"
2026-03-02 02:06:00,1772417160000,prev_completed_binance_index_close,66573.95956522,66570.84,66573.95956522,-0.46858640230684756,66570.83,66150.0,66150.0,66199.36673913,66199.36673913,2,4000,0.06038554097392025,66241.02285889183,60,-6.288568316731302,-6.288568316731302,"[{""offset_bp"":40,""limit_px"":66307.66372695912,""price_through"":true},{""offset_bp"":60,""limit_px"":66174.51580782868,""price_through"":true},{""offset_bp"":80,""limit_px"":66041.36788869824,""price_through"":false},{""offset_bp"":100,""limit_px"":65908.2199695678,""price_through"":false},{""offset_bp"":120,""limit_px"":65775.07205043735,""price_through"":false}]"
2026-03-02 02:10:00,1772417400000,prev_completed_binance_index_close,66180.6923913,66181.87,66180.6923913,0.17793840732638344,66181.86,65892.0,65912.94,65932.78108696,65932.78108696,1,2000,0.03034166092795409,65915.96962173481,40,2.550438887825024,2.550438887825024,"[{""offset_bp"":40,""limit_px"":65915.96962173481,""price_through"":true},{""offset_bp"":60,""limit_px"":65783.6082369522,""price_through"":false},{""offset_bp"":80,""limit_px"":65651.2468521696,""price_through"":false},{""offset_bp"":100,""limit_px"":65518.88546738701,""price_through"":false},{""offset_bp"":120,""limit_px"":65386.5240826044,""price_through"":false}]"
2026-03-02 04:35:00,1772426100000,prev_completed_binance_index_close,66923.11326087,66927.0,66923.11326087,0.5807767960308574,66927.0,66633.32,66766.6,66784.58847826,66784.8126087,1,2000,0.030005061490290145,66655.42080782652,40,19.378419469571195,19.412044707740606,"[{""offset_bp"":40,""limit_px"":66655.42080782652,""price_through"":true},{""offset_bp"":60,""limit_px"":66521.57458130478,""price_through"":false},{""offset_bp"":80,""limit_px"":66387.72835478304,""price_through"":false},{""offset_bp"":100,""limit_px"":66253.88212826129,""price_through"":false},{""offset_bp"":120,""limit_px"":66120.03590173955,""price_through"":false}]"
2026-03-02 09:23:00,1772443380000,prev_completed_binance_index_close,66707.38326087,66718.83,66707.38326087,1.71596284705533,66718.83,66428.08,66449.42,66464.5,66477.85652174,1,2000,0.030102097104623665,66440.55372782653,40,3.604165051298569,5.614461623286715,"[{""offset_bp"":40,""limit_px"":66440.55372782653,""price_through"":true},{""offset_bp"":60,""limit_px"":66307.13896130478,""price_through"":false},{""offset_bp"":80,""limit_px"":66173.72419478305,""price_through"":false},{""offset_bp"":100,""limit_px"":66040.3094282613,""price_through"":false},{""offset_bp"":120,""limit_px"":65906.89466173956,""price_through"":false}]"
2026-03-02 15:53:00,1772466780000,prev_completed_binance_index_close,69243.60369565,69223.57,69243.60369565,-2.893219673841818,69223.57,68932.16,68933.33,68971.83,68971.83,1,2000,0.028999532394935187,68966.6292808674,40,0.7540921148141422,0.7540921148141422,"[{""offset_bp"":40,""limit_px"":68966.6292808674,""price_through"":true},{""offset_bp"":60,""limit_px"":68828.1420734761,""price_through"":false},{""offset_bp"":80,""limit_px"":68689.6548660848,""price_through"":false},{""offset_bp"":100,""limit_px"":68551.1676586935,""price_through"":false},{""offset_bp"":120,""limit_px"":68412.6804513022,""price_through"":false}]"
2026-03-02 17:43:00,1772473380000,prev_completed_binance_index_close,69090.60391304,69068.67,69090.60391304,-3.174659331044438,69068.68,68803.18,68818.67,68829.64869565,68841.17804348,1,2000,0.029063751288691004,68814.24149738785,40,2.2389548917334245,3.914385380994201,"[{""offset_bp"":40,""limit_px"":68814.24149738785,""price_through"":true},{""offset_bp"":60,""limit_px"":68676.06028956176,""price_through"":false},{""offset_bp"":80,""limit_px"":68537.87908173568,""price_through"":false},{""offset_bp"":100,""limit_px"":68399.69787390961,""price_through"":false},{""offset_bp"":120,""limit_px"":68261.51666608352,""price_through"":false}]"
2026-03-03 09:31:00,1772530260000,prev_completed_binance_index_close,66623.31826087,66623.24,66623.31826087,-0.011746768554532494,66623.23,66340.14,66377.63,66391.1823913,66392.01956522,1,2000,0.03014007979385556,66356.82498782652,40,5.177674411001032,5.303836854753108,"[{""offset_bp"":40,""limit_px"":66356.82498782652,""price_through"":true},{""offset_bp"":60,""limit_px"":66223.57835130478,""price_through"":false},{""offset_bp"":80,""limit_px"":66090.33171478304,""price_through"":false},{""offset_bp"":100,""limit_px"":65957.0850782613,""price_through"":false},{""offset_bp"":120,""limit_px"":65823.83844173956,""price_through"":false}]"
2026-03-03 14:33:00,1772548380000,prev_completed_binance_index_close,67170.53086957,67154.16,67170.53086957,-2.4372100916958406,67154.16,66810.89,66905.22,66841.84282609,66875.51847826,1,2000,0.029894540098442893,66901.84874609171,40,-8.96924690817591,-3.93565623748926,"[{""offset_bp"":40,""limit_px"":66901.84874609171,""price_through"":true},{""offset_bp"":60,""limit_px"":66767.50768435257,""price_through"":false},{""offset_bp"":80,""limit_px"":66633.16662261343,""price_through"":false},{""offset_bp"":100,""limit_px"":66498.82556087429,""price_through"":false},{""offset_bp"":120,""limit_px"":66364.48449913516,""price_through"":false}]"
2026-03-03 14:40:00,1772548800000,prev_completed_binance_index_close,67028.58782609,66998.0,67028.58782609,-4.563400047956634,66998.01,66758.0,66769.93,66807.57934783,66811.21195652,1,2000,0.029957846250976153,66760.47347478564,40,7.055952510905961,7.600078174028191,"[{""offset_bp"":40,""limit_px"":66760.47347478564,""price_through"":true},{""offset_bp"":60,""limit_px"":66626.41629913346,""price_through"":false},{""offset_bp"":80,""limit_px"":66492.35912348129,""price_through"":false},{""offset_bp"":100,""limit_px"":66358.30194782911,""price_through"":false},{""offset_bp"":120,""limit_px"":66224.24477217693,""price_through"":false}]"
2026-03-03 14:42:00,1772548920000,prev_completed_binance_index_close,66782.54369565,66764.51,66782.54369565,-2.7003607008735386,66764.51,66471.42,66478.44,66495.99108696,66495.99108696,1,2000,0.0300682186899816,66515.4135208674,40,-2.9199899510967686,-2.9199899510967686,"[{""offset_bp"":40,""limit_px"":66515.4135208674,""price_through"":true},{""offset_bp"":60,""limit_px"":66381.8484334761,""price_through"":false},{""offset_bp"":80,""limit_px"":66248.2833460848,""price_through"":false},{""offset_bp"":100,""limit_px"":66114.71825869351,""price_through"":false},{""offset_bp"":120,""limit_px"":65981.1531713022,""price_through"":false}]"
2026-03-03 14:49:00,1772549340000,prev_completed_binance_index_close,66492.53869565,66473.78,66492.53869565,-2.8211730245197852,66473.79,66158.0,66286.08,66207.81565217,66316.13021739,1,2000,0.030199360227547205,66226.5685408674,40,-2.8316262053995622,13.523526659444673,"[{""offset_bp"":40,""limit_px"":66226.5685408674,""price_through"":true},{""offset_bp"":60,""limit_px"":66093.5834634761,""price_through"":false},{""offset_bp"":80,""limit_px"":65960.5983860848,""price_through"":false},{""offset_bp"":100,""limit_px"":65827.6133086935,""price_through"":false},{""offset_bp"":120,""limit_px"":65694.6282313022,""price_through"":false}]"
2026-03-03 16:38:00,1772555880000,prev_completed_binance_index_close,68161.76282609,68139.91,68161.76282609,-3.206024196549251,68139.9,67796.66,67878.0,67828.14369565,67858.38217391,1,2000,0.02945980334513077,67889.11577478563,40,-8.981127304398262,-4.527029189420606,"[{""offset_bp"":40,""limit_px"":67889.11577478563,""price_through"":true},{""offset_bp"":60,""limit_px"":67752.79224913346,""price_through"":false},{""offset_bp"":80,""limit_px"":67616.46872348127,""price_through"":false},{""offset_bp"":100,""limit_px"":67480.1451978291,""price_through"":false},{""offset_bp"":120,""limit_px"":67343.82167217691,""price_through"":false}]"
2026-03-03 16:42:00,1772556120000,prev_completed_binance_index_close,67816.865,67797.45,67816.865,-2.8628571963640326,67797.44,67529.15,67618.28,67568.57217391,67639.49,1,2000,0.029609627760204725,67545.59754,40,3.4013517900088885,13.900603950449675,"[{""offset_bp"":40,""limit_px"":67545.59754,""price_through"":true},{""offset_bp"":60,""limit_px"":67409.96381,""price_through"":false},{""offset_bp"":80,""limit_px"":67274.33008,""price_through"":false},{""offset_bp"":100,""limit_px"":67138.69635,""price_through"":false},{""offset_bp"":120,""limit_px"":67003.06262000001,""price_through"":false}]"
2026-03-04 09:07:00,1772615220000,prev_completed_binance_index_close,71227.40847826,71227.56,71227.40847826,0.021272954222606444,71227.55,70870.01,70870.01,70942.45478261,70942.45478261,1,2000,0.02819184596793167,70942.49884434696,40,-0.0062109085074979475,-0.0062109085074979475,"[{""offset_bp"":40,""limit_px"":70942.49884434696,""price_through"":true},{""offset_bp"":60,""limit_px"":70800.04402739044,""price_through"":false},{""offset_bp"":80,""limit_px"":70657.58921043391,""price_through"":false},{""offset_bp"":100,""limit_px"":70515.13439347739,""price_through"":false},{""offset_bp"":120,""limit_px"":70372.67957652088,""price_through"":false}]"
2026-03-04 14:35:00,1772634900000,prev_completed_binance_index_close,72413.50282609,72430.0,72413.50282609,2.278190291336024,72430.0,72058.87,72093.97,72093.55152174,72097.36608696,1,2000,0.02773007864757757,72123.84881478564,40,-4.20073159482226,-3.671840627037515,"[{""offset_bp"":40,""limit_px"":72123.84881478564,""price_through"":true},{""offset_bp"":60,""limit_px"":71979.02180913345,""price_through"":false},{""offset_bp"":80,""limit_px"":71834.19480348128,""price_through"":false},{""offset_bp"":100,""limit_px"":71689.3677978291,""price_through"":false},{""offset_bp"":120,""limit_px"":71544.54079217692,""price_through"":false}]"
2026-03-04 14:36:00,1772634960000,prev_completed_binance_index_close,72097.36608696,72093.97,72097.36608696,-0.47104175149748073,72093.97,71753.22,71807.51,71793.88782609,71826.55543478,1,2000,0.027851671115031788,71808.97662261216,40,-2.101240991284614,2.4479964754586803,"[{""offset_bp"":40,""limit_px"":71808.97662261216,""price_through"":true},{""offset_bp"":60,""limit_px"":71664.78189043824,""price_through"":false},{""offset_bp"":80,""limit_px"":71520.58715826432,""price_through"":false},{""offset_bp"":100,""limit_px"":71376.3924260904,""price_through"":false},{""offset_bp"":120,""limit_px"":71232.19769391647,""price_through"":false}]"
2026-03-04 17:17:00,1772644620000,prev_completed_binance_index_close,73733.62608696,73728.2,73733.62608696,-0.7359039895304953,73728.21,73422.9,73422.9,73450.38065217,73450.38065217,1,2000,0.027233600666076323,73438.69158261215,40,1.5916772624824382,1.5916772624824382,"[{""offset_bp"":40,""limit_px"":73438.69158261215,""price_through"":true},{""offset_bp"":60,""limit_px"":73291.22433043823,""price_through"":false},{""offset_bp"":80,""limit_px"":73143.75707826432,""price_through"":false},{""offset_bp"":100,""limit_px"":72996.28982609039,""price_through"":false},{""offset_bp"":120,""limit_px"":72848.82257391648,""price_through"":false}]"
2026-03-04 18:10:00,1772647800000,prev_completed_binance_index_close,73319.75608696,73291.13,73319.75608696,-3.904280167823515,73291.13,72964.93,72993.4,72995.21108696,73006.40804348,1,2000,0.027387326904531082,73026.47706261216,40,-4.2814574808747174,-2.748183938129367,"[{""offset_bp"":40,""limit_px"":73026.47706261216,""price_through"":true},{""offset_bp"":60,""limit_px"":72879.83755043824,""price_through"":false},{""offset_bp"":80,""limit_px"":72733.19803826432,""price_through"":false},{""offset_bp"":100,""limit_px"":72586.5585260904,""price_through"":false},{""offset_bp"":120,""limit_px"":72439.91901391647,""price_through"":false}]"
2026-03-05 14:39:00,1772721540000,prev_completed_binance_index_close,72649.49391304,72647.8,72649.49391304,-0.23316240055692994,72647.8,72153.39,72212.75,72196.75065217,72229.22934783,2,4000,0.0553356168995986,72286.17342890806,60,-12.3706612891894,-7.877589638088933,"[{""offset_bp"":40,""limit_px"":72358.89593738785,""price_through"":true},{""offset_bp"":60,""limit_px"":72213.59694956176,""price_through"":true},{""offset_bp"":80,""limit_px"":72068.29796173568,""price_through"":false},{""offset_bp"":100,""limit_px"":71922.9989739096,""price_through"":false},{""offset_bp"":120,""limit_px"":71777.69998608352,""price_through"":false}]"
2026-03-05 23:33:00,1772753580000,prev_completed_binance_index_close,71115.14217391,71090.97,71115.14217391,-3.3990192764976612,71090.97,70811.44,70967.27,70962.51391304,70975.58608696,1,2000,0.028236351178255008,70830.68160521437,40,18.612316702022458,20.45786916936354,"[{""offset_bp"":40,""limit_px"":70830.68160521437,""price_through"":true},{""offset_bp"":60,""limit_px"":70688.45132086654,""price_through"":false},{""offset_bp"":80,""limit_px"":70546.22103651872,""price_through"":false},{""offset_bp"":100,""limit_px"":70403.99075217091,""price_through"":false},{""offset_bp"":120,""limit_px"":70261.76046782309,""price_through"":false}]"
2026-03-06 04:40:00,1772772000000,prev_completed_binance_index_close,70722.33847826,70717.3,70722.33847826,-0.712430947338305,70717.3,70400.0,70410.25,70524.42956522,70524.42956522,1,2000,0.028393180595001448,70439.44912434697,40,12.064325023752875,12.064325023752875,"[{""offset_bp"":40,""limit_px"":70439.44912434697,""price_through"":true},{""offset_bp"":60,""limit_px"":70298.00444739044,""price_through"":false},{""offset_bp"":80,""limit_px"":70156.55977043393,""price_through"":false},{""offset_bp"":100,""limit_px"":70015.1150934774,""price_through"":false},{""offset_bp"":120,""limit_px"":69873.67041652088,""price_through"":false}]"
2026-03-06 13:30:00,1772803800000,prev_completed_binance_index_close,70082.05847826,70060.84,70082.05847826,-3.0276619609559408,70060.84,69750.0,69943.19,69845.48543478,69951.77891304,1,2000,0.028652584871446993,69801.73024434697,40,6.268496537242818,21.496411072874366,"[{""offset_bp"":40,""limit_px"":69801.73024434697,""price_through"":true},{""offset_bp"":60,""limit_px"":69661.56612739044,""price_through"":false},{""offset_bp"":80,""limit_px"":69521.40201043393,""price_through"":false},{""offset_bp"":100,""limit_px"":69381.2378934774,""price_through"":false},{""offset_bp"":120,""limit_px"":69241.07377652089,""price_through"":false}]"
2026-03-06 13:55:00,1772805300000,prev_completed_binance_index_close,69964.90086957,69977.0,69964.90086957,1.7293143104080144,69977.0,69387.89,69449.18,69530.29152174,69530.29152174,3,6000,0.08627516826805254,69544.9237648347,80,-2.1039987252247094,-2.1039987252247094,"[{""offset_bp"":40,""limit_px"":69685.04126609172,""price_through"":true},{""offset_bp"":60,""limit_px"":69545.11146435258,""price_through"":true},{""offset_bp"":80,""limit_px"":69405.18166261344,""price_through"":true},{""offset_bp"":100,""limit_px"":69265.2518608743,""price_through"":false},{""offset_bp"":120,""limit_px"":69125.32205913516,""price_through"":false}]"
2026-03-06 14:00:00,1772805600000,prev_completed_binance_index_close,69238.47652174,69208.0,69238.47652174,-4.401674223786234,69213.18,68894.17,68916.16,68925.34065217,68927.89478261,1,2000,0.02900167983741756,68961.52261565304,40,-5.246688604122474,-4.876318237700961,"[{""offset_bp"":40,""limit_px"":68961.52261565304,""price_through"":true},{""offset_bp"":60,""limit_px"":68823.04566260955,""price_through"":false},{""offset_bp"":80,""limit_px"":68684.56870956608,""price_through"":false},{""offset_bp"":100,""limit_px"":68546.0917565226,""price_through"":false},{""offset_bp"":120,""limit_px"":68407.61480347911,""price_through"":false}]"
2026-03-06 14:09:00,1772806140000,prev_completed_binance_index_close,68932.83282609,68929.61,68932.83282609,-0.4675313573909712,68929.61,68654.18,68662.2,68692.79065217,68692.79065217,1,2000,0.029130271398828213,68657.10149478565,40,5.198174203009387,5.198174203009387,"[{""offset_bp"":40,""limit_px"":68657.10149478565,""price_through"":true},{""offset_bp"":60,""limit_px"":68519.23582913347,""price_through"":false},{""offset_bp"":80,""limit_px"":68381.37016348128,""price_through"":false},{""offset_bp"":100,""limit_px"":68243.5044978291,""price_through"":false},{""offset_bp"":120,""limit_px"":68105.63883217692,""price_through"":false}]"
2026-03-06 14:35:00,1772807700000,prev_completed_binance_index_close,68876.94434783,68852.93,68876.94434783,-3.4865582463605715,68852.94,68600.0,68666.4,68622.11717391,68669.94130435,1,2000,0.029153908430859715,68601.43657043867,40,3.0146020994892275,9.98590369765573,"[{""offset_bp"":40,""limit_px"":68601.43657043867,""price_through"":true},{""offset_bp"":60,""limit_px"":68463.68268174301,""price_through"":false},{""offset_bp"":80,""limit_px"":68325.92879304735,""price_through"":false},{""offset_bp"":100,""limit_px"":68188.17490435169,""price_through"":false},{""offset_bp"":120,""limit_px"":68050.42101565603,""price_through"":false}]"
2026-03-08 22:00:00,1773007200000,prev_completed_binance_index_close,67002.38173913,67020.01,67002.38173913,2.6309901845933403,67020.01,66729.67,66741.55,66758.20826087,66760.96347826,1,2000,0.029969563415405385,66734.37221217348,40,3.571779864914859,3.9846431763801426,"[{""offset_bp"":40,""limit_px"":66734.37221217348,""price_through"":true},{""offset_bp"":60,""limit_px"":66600.36744869522,""price_through"":false},{""offset_bp"":80,""limit_px"":66466.36268521695,""price_through"":false},{""offset_bp"":100,""limit_px"":66332.3579217387,""price_through"":false},{""offset_bp"":120,""limit_px"":66198.35315826043,""price_through"":false}]"
2026-03-08 22:03:00,1773007380000,prev_completed_binance_index_close,66669.00478261,66659.74,66669.00478261,-1.3896686534031755,66659.73,66000.0,66044.89,66122.01086957,66138.5476087,4,8000,0.12084229608424024,66201.98605315418,100,-12.080481017587852,-9.582559109819755,"[{""offset_bp"":40,""limit_px"":66402.32876347957,""price_through"":true},{""offset_bp"":60,""limit_px"":66268.99075391435,""price_through"":true},{""offset_bp"":80,""limit_px"":66135.65274434912,""price_through"":true},{""offset_bp"":100,""limit_px"":66002.31473478391,""price_through"":true},{""offset_bp"":120,""limit_px"":65868.97672521869,""price_through"":false}]"
2026-03-08 22:04:00,1773007440000,prev_completed_binance_index_close,66138.5476087,66044.89,66138.5476087,-14.160820291082565,66044.89,65741.28,65775.36,65809.58492717,65809.58492717,2,4000,0.06078307898301791,65807.78839975438,60,0.27299616949694183,0.27299616949694183,"[{""offset_bp"":40,""limit_px"":65873.99341826519,""price_through"":true},{""offset_bp"":60,""limit_px"":65741.7163230478,""price_through"":true},{""offset_bp"":80,""limit_px"":65609.4392278304,""price_through"":false},{""offset_bp"":100,""limit_px"":65477.162132613,""price_through"":false},{""offset_bp"":120,""limit_px"":65344.8850373956,""price_through"":false}]"
2026-03-08 22:12:00,1773007920000,prev_completed_binance_index_close,65990.78869565,65956.11,65990.78869565,-5.255081252315552,65956.11,65684.77,65696.99,65715.07456522,65715.07456522,1,2000,0.030428976046567878,65726.8255408674,40,-1.7878507824931056,-1.7878507824931056,"[{""offset_bp"":40,""limit_px"":65726.8255408674,""price_through"":true},{""offset_bp"":60,""limit_px"":65594.8439634761,""price_through"":false},{""offset_bp"":80,""limit_px"":65462.8623860848,""price_through"":false},{""offset_bp"":100,""limit_px"":65330.8808086935,""price_through"":false},{""offset_bp"":120,""limit_px"":65198.8992313022,""price_through"":false}]"
2026-03-09 03:20:00,1773026400000,prev_completed_binance_index_close,67625.85369565,67639.7,67625.85369565,2.0474868106368227,67639.7,67301.28,67309.99,67321.94630435,67321.94630435,1,2000,0.02969326106478744,67355.35028086741,40,-4.959364976667713,-4.959364976667713,"[{""offset_bp"":40,""limit_px"":67355.35028086741,""price_through"":true},{""offset_bp"":60,""limit_px"":67220.0985734761,""price_through"":false},{""offset_bp"":80,""limit_px"":67084.8468660848,""price_through"":false},{""offset_bp"":100,""limit_px"":66949.5951586935,""price_through"":false},{""offset_bp"":120,""limit_px"":66814.34345130221,""price_through"":false}]"
2026-03-09 21:40:00,1773092400000,prev_completed_binance_index_close,68937.39521739,68951.0,68937.39521739,1.9734982105279464,68951.0,68660.94,68759.14,68686.54347826,68759.6573913,1,2000,0.02912834350909032,68661.64563652045,40,3.6261644341228916,14.274600305737017,"[{""offset_bp"":40,""limit_px"":68661.64563652045,""price_through"":true},{""offset_bp"":60,""limit_px"":68523.77084608567,""price_through"":false},{""offset_bp"":80,""limit_px"":68385.89605565088,""price_through"":false},{""offset_bp"":100,""limit_px"":68248.0212652161,""price_through"":false},{""offset_bp"":120,""limit_px"":68110.14647478133,""price_through"":false}]"
2026-03-10 14:01:00,1773151260000,prev_completed_binance_index_close,69908.28456522,69909.65,69908.28456522,0.19531802110117624,69909.64,69610.9,69630.0,69652.05782609,69659.80413043,1,2000,0.028723807786195772,69628.65142695913,40,3.361604548008934,4.474121332587178,"[{""offset_bp"":40,""limit_px"":69628.65142695913,""price_through"":true},{""offset_bp"":60,""limit_px"":69488.83485782868,""price_through"":false},{""offset_bp"":80,""limit_px"":69349.01828869825,""price_through"":false},{""offset_bp"":100,""limit_px"":69209.2017195678,""price_through"":false},{""offset_bp"":120,""limit_px"":69069.38515043736,""price_through"":false}]"
2026-03-10 15:05:00,1773155100000,prev_completed_binance_index_close,71722.94326087,71776.99,71722.94326087,7.535488181713568,71777.0,71398.46,71467.97,71421.61804348,71473.76347826,1,2000,0.02799706812380051,71436.05148782652,40,-2.0204706231530256,5.279125826251896,"[{""offset_bp"":40,""limit_px"":71436.05148782652,""price_through"":true},{""offset_bp"":60,""limit_px"":71292.60560130478,""price_through"":false},{""offset_bp"":80,""limit_px"":71149.15971478305,""price_through"":false},{""offset_bp"":100,""limit_px"":71005.7138282613,""price_through"":false},{""offset_bp"":120,""limit_px"":70862.26794173956,""price_through"":false}]"
2026-03-10 15:06:00,1773155160000,prev_completed_binance_index_close,71473.76347826,71467.97,71473.76347826,-0.8105741153208168,71467.98,71148.28,71172.9,71180.23543478,71180.23543478,1,2000,0.028094674616159457,71187.86842434696,40,-1.0722317911615598,-1.0722317911615598,"[{""offset_bp"":40,""limit_px"":71187.86842434696,""price_through"":true},{""offset_bp"":60,""limit_px"":71044.92089739045,""price_through"":false},{""offset_bp"":80,""limit_px"":70901.97337043393,""price_through"":false},{""offset_bp"":100,""limit_px"":70759.0258434774,""price_through"":false},{""offset_bp"":120,""limit_px"":70616.07831652088,""price_through"":false}]"
2026-03-10 15:34:00,1773156840000,prev_completed_binance_index_close,71568.5626087,71562.0,71568.5626087,-0.9169680738008168,71562.0,71218.0,71269.24,71248.58021739,71263.59826087,1,2000,0.028057460640825507,71282.2883582652,40,-4.7288241794063435,-2.621983360194813,"[{""offset_bp"":40,""limit_px"":71282.2883582652,""price_through"":true},{""offset_bp"":60,""limit_px"":71139.1512330478,""price_through"":false},{""offset_bp"":80,""limit_px"":70996.0141078304,""price_through"":false},{""offset_bp"":100,""limit_px"":70852.876982613,""price_through"":false},{""offset_bp"":120,""limit_px"":70709.7398573956,""price_through"":false}]"
2026-03-11 05:42:00,1773207720000,prev_completed_binance_index_close,69714.67608696,69716.4,69714.67608696,0.24728122351769244,69716.41,69420.0,69428.19,69446.00608696,69452.75847826,1,2000,0.028803578259609174,69435.81738261215,40,1.4673557152367067,2.4398208714826453,"[{""offset_bp"":40,""limit_px"":69435.81738261215,""price_through"":true},{""offset_bp"":60,""limit_px"":69296.38803043823,""price_through"":false},{""offset_bp"":80,""limit_px"":69156.95867826432,""price_through"":false},{""offset_bp"":100,""limit_px"":69017.5293260904,""price_through"":false},{""offset_bp"":120,""limit_px"":68878.09997391647,""price_through"":false}]"
2026-03-11 13:51:00,1773237060000,prev_completed_binance_index_close,70243.41130435,70238.54,70243.41130435,-0.6934891485976813,70238.54,69960.79,69981.8,69988.00826087,70008.40304348,1,2000,0.02858676837054045,69962.4376591326,40,3.654904344811971,6.570008977009323,"[{""offset_bp"":40,""limit_px"":69962.4376591326,""price_through"":true},{""offset_bp"":60,""limit_px"":69821.9508365239,""price_through"":false},{""offset_bp"":80,""limit_px"":69681.46401391519,""price_through"":false},{""offset_bp"":100,""limit_px"":69540.97719130649,""price_through"":false},{""offset_bp"":120,""limit_px"":69400.49036869779,""price_through"":false}]"
2026-03-11 15:30:00,1773243000000,prev_completed_binance_index_close,70215.55978261,70206.0,70215.55978261,-1.3614906211101285,70206.0,69924.02,69953.02,69938.81304348,69948.06673913,1,2000,0.028598107523902093,69934.69754347956,40,0.5884775576348034,1.9116684735953626,"[{""offset_bp"":40,""limit_px"":69934.69754347956,""price_through"":true},{""offset_bp"":60,""limit_px"":69794.26642391433,""price_through"":false},{""offset_bp"":80,""limit_px"":69653.83530434912,""price_through"":false},{""offset_bp"":100,""limit_px"":69513.4041847839,""price_through"":false},{""offset_bp"":120,""limit_px"":69372.97306521868,""price_through"":false}]"
2026-03-11 17:36:00,1773250560000,prev_completed_binance_index_close,71020.4723913,70984.01,71020.4723913,-5.134067695172773,70984.0,70719.49,70719.5,70734.27021739,70734.27021739,1,2000,0.02827399003276751,70736.3905017348,40,-0.29974449215708354,-0.29974449215708354,"[{""offset_bp"":40,""limit_px"":70736.3905017348,""price_through"":true},{""offset_bp"":60,""limit_px"":70594.3495569522,""price_through"":false},{""offset_bp"":80,""limit_px"":70452.30861216961,""price_through"":false},{""offset_bp"":100,""limit_px"":70310.267667387,""price_through"":false},{""offset_bp"":120,""limit_px"":70168.2267226044,""price_through"":false}]"
2026-03-13 14:43:00,1773412980000,prev_completed_binance_index_close,73351.53413043,73344.24,73351.53413043,-0.9944073449119628,73344.23,72963.51,73010.1,73028.7726087,73028.7726087,1,2000,0.02737546190845136,73058.12799390827,40,-4.018086147884459,-4.018086147884459,"[{""offset_bp"":40,""limit_px"":73058.12799390827,""price_through"":true},{""offset_bp"":60,""limit_px"":72911.42492564741,""price_through"":false},{""offset_bp"":80,""limit_px"":72764.72185738655,""price_through"":false},{""offset_bp"":100,""limit_px"":72618.0187891257,""price_through"":false},{""offset_bp"":120,""limit_px"":72471.31572086483,""price_through"":false}]"
2026-03-13 15:02:00,1773414120000,prev_completed_binance_index_close,72506.90478261,72494.74,72506.90478261,-1.6777412642932088,72494.73,72168.0,72216.83,72204.77173913,72218.50173913,1,2000,0.027694357310307654,72216.87716347956,40,-1.6762597366482002,0.2249578927049356,"[{""offset_bp"":40,""limit_px"":72216.87716347956,""price_through"":true},{""offset_bp"":60,""limit_px"":72071.86335391433,""price_through"":false},{""offset_bp"":80,""limit_px"":71926.84954434911,""price_through"":false},{""offset_bp"":100,""limit_px"":71781.8357347839,""price_through"":false},{""offset_bp"":120,""limit_px"":71636.82192521868,""price_through"":false}]"
2026-03-16 04:55:00,1773636900000,prev_completed_binance_index_close,74371.65282609,74345.52,74371.65282609,-3.513815425226774,74345.52,73942.27,73942.27,73951.43326087,73951.43326087,1,2000,0.02699996641475241,74074.16621478564,40,-16.56892816852773,-16.56892816852773,"[{""offset_bp"":40,""limit_px"":74074.16621478564,""price_through"":true},{""offset_bp"":60,""limit_px"":73925.42290913346,""price_through"":false},{""offset_bp"":80,""limit_px"":73776.67960348127,""price_through"":false},{""offset_bp"":100,""limit_px"":73627.93629782909,""price_through"":false},{""offset_bp"":120,""limit_px"":73479.19299217692,""price_through"":false}]"
2026-03-16 14:30:00,1773671400000,prev_completed_binance_index_close,73641.78152174,73618.49,73641.78152174,-3.1628134543604247,73618.49,73269.0,73318.01,73281.6323913,73293.69304348,1,2000,0.02726756587116594,73347.21439565305,40,-8.941308118299851,-7.296984979462406,"[{""offset_bp"":40,""limit_px"":73347.21439565305,""price_through"":true},{""offset_bp"":60,""limit_px"":73199.93083260956,""price_through"":false},{""offset_bp"":80,""limit_px"":73052.64726956609,""price_through"":false},{""offset_bp"":100,""limit_px"":72905.3637065226,""price_through"":false},{""offset_bp"":120,""limit_px"":72758.08014347912,""price_through"":false}]"
2026-03-16 21:05:00,1773695100000,prev_completed_binance_index_close,74458.02043478,74458.16,74458.02043478,0.018744148606586464,74458.16,74151.18,74193.15,74161.00347826,74188.1023913,1,2000,0.026968647793597353,74160.18835304088,40,0.10991412471073048,3.764019331535806,"[{""offset_bp"":40,""limit_px"":74160.18835304088,""price_through"":true},{""offset_bp"":60,""limit_px"":74011.27231217132,""price_through"":false},{""offset_bp"":80,""limit_px"":73862.35627130176,""price_through"":false},{""offset_bp"":100,""limit_px"":73713.4402304322,""price_through"":false},{""offset_bp"":120,""limit_px"":73564.52418956264,""price_through"":false}]"
2026-03-17 10:06:00,1773741960000,prev_completed_binance_index_close,73869.85413043,73866.34,73869.85413043,-0.47571915111732643,73866.33,73560.98,73663.31,73613.93043478,73682.41608696,1,2000,0.027183377470443196,73574.37471390828,40,5.376290457856925,14.68464713044959,"[{""offset_bp"":40,""limit_px"":73574.37471390828,""price_through"":true},{""offset_bp"":60,""limit_px"":73426.63500564742,""price_through"":false},{""offset_bp"":80,""limit_px"":73278.89529738657,""price_through"":false},{""offset_bp"":100,""limit_px"":73131.1555891257,""price_through"":false},{""offset_bp"":120,""limit_px"":72983.41588086484,""price_through"":false}]"
2026-03-18 11:30:00,1773833400000,prev_completed_binance_index_close,73597.73913043,73602.91,73597.73913043,0.7025853825259887,73602.91,73202.44,73222.0,73240.89978261,73242.10152174,1,2000,0.02728388333988656,73303.34817390828,40,-8.519173114729384,-8.355232563589388,"[{""offset_bp"":40,""limit_px"":73303.34817390828,""price_through"":true},{""offset_bp"":60,""limit_px"":73156.15269564741,""price_through"":false},{""offset_bp"":80,""limit_px"":73008.95721738656,""price_through"":false},{""offset_bp"":100,""limit_px"":72861.7617391257,""price_through"":false},{""offset_bp"":120,""limit_px"":72714.56626086484,""price_through"":false}]"
2026-03-18 12:30:00,1773837000000,prev_completed_binance_index_close,72814.89717391,72818.67,72814.89717391,0.5181393144026991,72818.66,72500.0,72533.81,72537.72630435,72537.72630435,1,2000,0.027577215740868286,72523.63758521435,40,1.9426382355813843,1.9426382355813843,"[{""offset_bp"":40,""limit_px"":72523.63758521435,""price_through"":true},{""offset_bp"":60,""limit_px"":72378.00779086654,""price_through"":false},{""offset_bp"":80,""limit_px"":72232.37799651871,""price_through"":false},{""offset_bp"":100,""limit_px"":72086.7482021709,""price_through"":false},{""offset_bp"":120,""limit_px"":71941.11840782307,""price_through"":false}]"
2026-03-19 04:07:00,1773893220000,prev_completed_binance_index_close,71039.3773913,71039.45,71039.3773913,0.010220908834845943,71039.44,70738.2,70745.46,70823.35152174,70834.33043478,1,2000,0.028266465758186306,70755.21988173481,40,9.629203346277482,11.18087869381501,"[{""offset_bp"":40,""limit_px"":70755.21988173481,""price_through"":true},{""offset_bp"":60,""limit_px"":70613.1411269522,""price_through"":false},{""offset_bp"":80,""limit_px"":70471.0623721696,""price_through"":false},{""offset_bp"":100,""limit_px"":70328.983617387,""price_through"":false},{""offset_bp"":120,""limit_px"":70186.90486260441,""price_through"":false}]"
2026-03-20 13:31:00,1774013460000,prev_completed_binance_index_close,70382.96130435,70348.81,70382.96130435,-4.852211915654658,70348.82,70074.87,70090.55,70106.89304348,70124.74869565,1,2000,0.028530088693354685,70101.4294591326,40,0.7793827300739409,3.326499430513774,"[{""offset_bp"":40,""limit_px"":70101.4294591326,""price_through"":true},{""offset_bp"":60,""limit_px"":69960.6635365239,""price_through"":false},{""offset_bp"":80,""limit_px"":69819.8976139152,""price_through"":false},{""offset_bp"":100,""limit_px"":69679.1316913065,""price_through"":false},{""offset_bp"":120,""limit_px"":69538.3657686978,""price_through"":false}]"
2026-03-21 23:51:00,1774137060000,prev_completed_binance_index_close,69644.7026087,69660.79,69644.7026087,2.309923181147422,69660.8,69336.69,69341.09,69429.05130435,69429.05130435,1,2000,0.028832517812535156,69366.1237982652,40,9.071792200441298,9.071792200441298,"[{""offset_bp"":40,""limit_px"":69366.1237982652,""price_through"":true},{""offset_bp"":60,""limit_px"":69226.8343930478,""price_through"":false},{""offset_bp"":80,""limit_px"":69087.54498783039,""price_through"":false},{""offset_bp"":100,""limit_px"":68948.255582613,""price_through"":false},{""offset_bp"":120,""limit_px"":68808.9661773956,""price_through"":false}]"
2026-03-21 23:52:00,1774137120000,prev_completed_binance_index_close,69429.05130435,69341.09,69429.05130435,-12.669236104697612,69341.09,68924.0,69235.81,69002.88195652,69201.09934783,2,4000,0.05790234041221628,69081.83626988724,60,-11.429098824007333,17.264028344126103,"[{""offset_bp"":40,""limit_px"":69151.3350991326,""price_through"":true},{""offset_bp"":60,""limit_px"":69012.4769965239,""price_through"":true},{""offset_bp"":80,""limit_px"":68873.61889391519,""price_through"":false},{""offset_bp"":100,""limit_px"":68734.7607913065,""price_through"":false},{""offset_bp"":120,""limit_px"":68595.9026886978,""price_through"":false}]"
2026-03-21 23:57:00,1774137420000,prev_completed_binance_index_close,68903.28043478,68902.0,68903.28043478,-0.18583074302358504,68902.58,68571.42,68631.51,68626.26891304,68662.9276087,1,2000,0.02914276527682521,68627.66731304087,40,-0.20376621494344604,5.137912599926242,"[{""offset_bp"":40,""limit_px"":68627.66731304087,""price_through"":true},{""offset_bp"":60,""limit_px"":68489.86075217131,""price_through"":false},{""offset_bp"":80,""limit_px"":68352.05419130175,""price_through"":false},{""offset_bp"":100,""limit_px"":68214.24763043219,""price_through"":false},{""offset_bp"":120,""limit_px"":68076.44106956264,""price_through"":false}]"
2026-03-22 00:01:00,1774137660000,prev_completed_binance_index_close,68755.60130435,68784.27,68755.60130435,4.169652378298583,68784.27,68311.0,68384.83,68346.31065217,68379.52217391,2,4000,0.058469484476275826,68411.7541967214,60,-9.566125780552381,-4.71147439352726,"[{""offset_bp"":40,""limit_px"":68480.5788991326,""price_through"":true},{""offset_bp"":60,""limit_px"":68343.0676965239,""price_through"":true},{""offset_bp"":80,""limit_px"":68205.5564939152,""price_through"":false},{""offset_bp"":100,""limit_px"":68068.0452913065,""price_through"":false},{""offset_bp"":120,""limit_px"":67930.5340886978,""price_through"":false}]"
2026-03-22 21:05:00,1774213500000,prev_completed_binance_index_close,68106.35847826,68090.59,68106.35847826,-2.315272554915815,68090.6,67552.03,67679.82,67629.03173913,67712.845,3,6000,0.08862951610173922,67697.5376139085,80,-10.119404219574024,2.26114370345476,"[{""offset_bp"":40,""limit_px"":67833.93304434695,""price_through"":true},{""offset_bp"":60,""limit_px"":67697.72032739043,""price_through"":true},{""offset_bp"":80,""limit_px"":67561.50761043391,""price_through"":true},{""offset_bp"":100,""limit_px"":67425.29489347739,""price_through"":false},{""offset_bp"":120,""limit_px"":67289.08217652087,""price_through"":false}]"
2026-03-23 06:42:00,1774248120000,prev_completed_binance_index_close,68129.92021739,68115.25,68129.92021739,-2.1532708893812202,68115.24,67790.64,67793.21,67824.30173913,67827.3926087,1,2000,0.029473572288163503,67857.40053652044,40,-4.87769898769197,-4.422204149168163,"[{""offset_bp"":40,""limit_px"":67857.40053652044,""price_through"":true},{""offset_bp"":60,""limit_px"":67721.14069608565,""price_through"":false},{""offset_bp"":80,""limit_px"":67584.88085565087,""price_through"":false},{""offset_bp"":100,""limit_px"":67448.6210152161,""price_through"":false},{""offset_bp"":120,""limit_px"":67312.36117478131,""price_through"":false}]"
2026-03-23 11:10:00,1774264200000,prev_completed_binance_index_close,71167.58391304,71216.41,71167.58391304,6.860720046315549,71216.42,70842.44,70892.22,70877.79717391,70906.2823913,1,2000,0.02821554446709446,70882.91357738784,40,-0.7218105492023952,3.296819040410348,"[{""offset_bp"":40,""limit_px"":70882.91357738784,""price_through"":true},{""offset_bp"":60,""limit_px"":70740.57840956176,""price_through"":false},{""offset_bp"":80,""limit_px"":70598.24324173568,""price_through"":false},{""offset_bp"":100,""limit_px"":70455.9080739096,""price_through"":false},{""offset_bp"":120,""limit_px"":70313.57290608351,""price_through"":false}]"
2026-03-23 11:14:00,1774264440000,prev_completed_binance_index_close,71255.91934783,71222.22,71255.91934783,-4.729340121976122,71222.23,70876.11,70963.07,70918.69195652,70944.61043478,1,2000,0.028180565865861755,70970.89567043868,40,-7.355650992640905,-3.703664073896329,"[{""offset_bp"":40,""limit_px"":70970.89567043868,""price_through"":true},{""offset_bp"":60,""limit_px"":70828.38383174302,""price_through"":false},{""offset_bp"":80,""limit_px"":70685.87199304736,""price_through"":false},{""offset_bp"":100,""limit_px"":70543.3601543517,""price_through"":false},{""offset_bp"":120,""limit_px"":70400.84831565604,""price_through"":false}]"
2026-03-23 11:23:00,1774264980000,prev_completed_binance_index_close,70748.4523913,70742.07,70748.4523913,-0.9021245107521114,70742.08,70452.95,70471.9,70495.90478261,70495.90478261,1,2000,0.028382700407464826,70465.4585817348,40,4.320726989932577,4.320726989932577,"[{""offset_bp"":40,""limit_px"":70465.4585817348,""price_through"":true},{""offset_bp"":60,""limit_px"":70323.9616769522,""price_through"":false},{""offset_bp"":80,""limit_px"":70182.4647721696,""price_through"":false},{""offset_bp"":100,""limit_px"":70040.96786738701,""price_through"":false},{""offset_bp"":120,""limit_px"":69899.4709626044,""price_through"":false}]"
2026-03-23 11:47:00,1774266420000,prev_completed_binance_index_close,70396.87608696,70358.19,70396.87608696,-5.4954266595863555,70358.19,70108.0,70111.15,70164.10586957,70164.10586957,1,2000,0.028524449380872674,70115.28858261215,40,6.962431153705317,6.962431153705317,"[{""offset_bp"":40,""limit_px"":70115.28858261215,""price_through"":true},{""offset_bp"":60,""limit_px"":69974.49483043823,""price_through"":false},{""offset_bp"":80,""limit_px"":69833.70107826432,""price_through"":false},{""offset_bp"":100,""limit_px"":69692.9073260904,""price_through"":false},{""offset_bp"":120,""limit_px"":69552.11357391647,""price_through"":false}]"
2026-03-23 11:55:00,1774266900000,prev_completed_binance_index_close,70497.37804348,70495.03,70497.37804348,-0.33306819986256286,70495.03,70152.48,70152.48,70176.56369565,70177.54782609,1,2000,0.028483784563953306,70215.38853130607,40,-5.529391272793838,-5.389232475614403,"[{""offset_bp"":40,""limit_px"":70215.38853130607,""price_through"":true},{""offset_bp"":60,""limit_px"":70074.39377521911,""price_through"":false},{""offset_bp"":80,""limit_px"":69933.39901913216,""price_through"":false},{""offset_bp"":100,""limit_px"":69792.4042630452,""price_through"":false},{""offset_bp"":120,""limit_px"":69651.40950695824,""price_through"":false}]"
2026-03-23 12:01:00,1774267260000,prev_completed_binance_index_close,70069.49869565,70063.02,70069.49869565,-0.9246099616244674,70063.01,69696.96,69844.53,69734.79195652,69835.34043478,1,2000,0.028657720775712034,69789.2207008674,40,-7.799018788402501,6.608432283585763,"[{""offset_bp"":40,""limit_px"":69789.2207008674,""price_through"":true},{""offset_bp"":60,""limit_px"":69649.08170347611,""price_through"":false},{""offset_bp"":80,""limit_px"":69508.94270608481,""price_through"":false},{""offset_bp"":100,""limit_px"":69368.80370869351,""price_through"":false},{""offset_bp"":120,""limit_px"":69228.6647113022,""price_through"":false}]"
2026-03-26 09:31:00,1774517460000,prev_completed_binance_index_close,69920.55043478,69912.01,69920.55043478,-1.2214484478312304,69912.01,69589.86,69698.38,69622.35347826,69687.37847826,1,2000,0.02871876888879893,69640.86823304088,40,-2.658604817923349,6.678584917045871,"[{""offset_bp"":40,""limit_px"":69640.86823304088,""price_through"":true},{""offset_bp"":60,""limit_px"":69501.02713217132,""price_through"":false},{""offset_bp"":80,""limit_px"":69361.18603130177,""price_through"":false},{""offset_bp"":100,""limit_px"":69221.3449304322,""price_through"":false},{""offset_bp"":120,""limit_px"":69081.50382956264,""price_through"":false}]"
2026-03-26 15:15:00,1774538100000,prev_completed_binance_index_close,68977.88391304,68950.99,68977.88391304,-3.8989182494930663,68950.76,68632.4,68973.7,68719.4573913,68953.11,1,2000,0.029111245729798993,68701.97237738784,40,2.545052682929594,36.55464521930219,"[{""offset_bp"":40,""limit_px"":68701.97237738784,""price_through"":true},{""offset_bp"":60,""limit_px"":68564.01660956176,""price_through"":false},{""offset_bp"":80,""limit_px"":68426.06084173569,""price_through"":false},{""offset_bp"":100,""limit_px"":68288.1050739096,""price_through"":false},{""offset_bp"":120,""limit_px"":68150.14930608352,""price_through"":false}]"
2026-03-26 17:57:00,1774547820000,prev_completed_binance_index_close,68686.00630435,68652.3,68686.00630435,-4.907302981139727,68652.3,68377.83,68571.38,68442.86934783,68591.59565217,1,2000,0.029234952453290098,68411.2622791326,40,4.620155752781407,26.36018793244821,"[{""offset_bp"":40,""limit_px"":68411.2622791326,""price_through"":true},{""offset_bp"":60,""limit_px"":68273.8902665239,""price_through"":false},{""offset_bp"":80,""limit_px"":68136.5182539152,""price_through"":false},{""offset_bp"":100,""limit_px"":67999.1462413065,""price_through"":false},{""offset_bp"":120,""limit_px"":67861.7742286978,""price_through"":false}]"
2026-03-27 08:35:00,1774600500000,prev_completed_binance_index_close,68228.57195652,68236.37,68228.57195652,1.1429293119258332,68236.37,67907.92,67942.51,67955.74934783,67960.48434783,1,2000,0.029430956429715605,67955.65766869392,40,0.013491023296285931,0.7102689167703957,"[{""offset_bp"":40,""limit_px"":67955.65766869392,""price_through"":true},{""offset_bp"":60,""limit_px"":67819.20052478088,""price_through"":false},{""offset_bp"":80,""limit_px"":67682.74338086783,""price_through"":false},{""offset_bp"":100,""limit_px"":67546.2862369548,""price_through"":false},{""offset_bp"":120,""limit_px"":67409.82909304176,""price_through"":false}]"
2026-03-27 10:37:00,1774607820000,prev_completed_binance_index_close,67591.15347826,67575.69,67591.15347826,-2.2877961780864986,67575.7,67296.01,67416.78,67345.58826087,67413.305,1,2000,0.029708505110212672,67320.78886434696,40,3.6837649916754422,13.742580444124908,"[{""offset_bp"":40,""limit_px"":67320.78886434696,""price_through"":true},{""offset_bp"":60,""limit_px"":67185.60655739045,""price_through"":false},{""offset_bp"":80,""limit_px"":67050.42425043392,""price_through"":false},{""offset_bp"":100,""limit_px"":66915.2419434774,""price_through"":false},{""offset_bp"":120,""limit_px"":66780.05963652089,""price_through"":false}]"
2026-03-27 10:38:00,1774607880000,prev_completed_binance_index_close,67413.305,67416.78,67413.305,0.5154768780446517,67416.78,66862.06,67041.03,66900.40913043,67063.1026087,3,6000,0.08954068629894005,67008.64431581898,80,-16.152421302371156,8.127054865392225,"[{""offset_bp"":40,""limit_px"":67143.65177999999,""price_through"":true},{""offset_bp"":60,""limit_px"":67008.82517,""price_through"":true},{""offset_bp"":80,""limit_px"":66873.99855999999,""price_through"":true},{""offset_bp"":100,""limit_px"":66739.17194999999,""price_through"":false},{""offset_bp"":120,""limit_px"":66604.34533999999,""price_through"":false}]"
2026-03-27 10:55:00,1774608900000,prev_completed_binance_index_close,66653.53978261,66639.68,66653.53978261,-2.0793768275784164,66639.68,66326.38,66429.2,66365.4576087,66470.67826087,1,2000,0.030126413916848786,66386.92562347956,40,-3.2337714961105934,12.615833103259977,"[{""offset_bp"":40,""limit_px"":66386.92562347956,""price_through"":true},{""offset_bp"":60,""limit_px"":66253.61854391433,""price_through"":false},{""offset_bp"":80,""limit_px"":66120.31146434911,""price_through"":false},{""offset_bp"":100,""limit_px"":65987.0043847839,""price_through"":false},{""offset_bp"":120,""limit_px"":65853.69730521868,""price_through"":false}]"
2026-03-27 15:24:00,1774625040000,prev_completed_binance_index_close,66412.73369565,66437.93,66412.73369565,3.7938965839701133,66437.92,66142.63,66199.76,66142.18108696,66221.39217391,1,2000,0.03023564935176854,66147.08276086739,40,-0.7410264675022926,11.233966781460936,"[{""offset_bp"":40,""limit_px"":66147.08276086739,""price_through"":true},{""offset_bp"":60,""limit_px"":66014.2572934761,""price_through"":false},{""offset_bp"":80,""limit_px"":65881.4318260848,""price_through"":false},{""offset_bp"":100,""limit_px"":65748.60635869349,""price_through"":false},{""offset_bp"":120,""limit_px"":65615.78089130219,""price_through"":false}]"
2026-03-29 22:41:00,1774824060000,prev_completed_binance_index_close,66210.71021739,66201.91,66210.71021739,-1.3291229411538374,66201.9,65825.02,65831.19,65864.63826087,65864.63826087,1,2000,0.030327904985780592,65945.86737652044,40,-12.317544507629563,-12.317544507629563,"[{""offset_bp"":40,""limit_px"":65945.86737652044,""price_through"":true},{""offset_bp"":60,""limit_px"":65813.44595608566,""price_through"":false},{""offset_bp"":80,""limit_px"":65681.02453565088,""price_through"":false},{""offset_bp"":100,""limit_px"":65548.6031152161,""price_through"":false},{""offset_bp"":120,""limit_px"":65416.18169478133,""price_through"":false}]"
2026-03-29 22:45:00,1774824300000,prev_completed_binance_index_close,65680.54108696,65684.25,65680.54108696,0.564689781572536,65684.24,65050.0,65258.73,65122.27456522,65268.20326087,3,6000,0.09190292125315912,65286.28163485884,80,-25.1212146766322,-2.769092301802001,"[{""offset_bp"":40,""limit_px"":65417.81892261216,""price_through"":true},{""offset_bp"":60,""limit_px"":65286.45784043824,""price_through"":true},{""offset_bp"":80,""limit_px"":65155.09675826432,""price_through"":true},{""offset_bp"":100,""limit_px"":65023.7356760904,""price_through"":false},{""offset_bp"":120,""limit_px"":64892.37459391648,""price_through"":false}]"
2026-03-31 14:51:00,1774968660000,prev_completed_binance_index_close,66922.77913043,66927.67,66922.77913043,0.7308228429159236,66927.67,66517.61,66566.7,66567.34891304,66567.34891304,2,4000,0.060070795256226106,66588.09797570335,60,-3.1160317375222846,-3.1160317375222846,"[{""offset_bp"":40,""limit_px"":66655.08801390829,""price_through"":true},{""offset_bp"":60,""limit_px"":66521.24245564743,""price_through"":true},{""offset_bp"":80,""limit_px"":66387.39689738657,""price_through"":false},{""offset_bp"":100,""limit_px"":66253.5513391257,""price_through"":false},{""offset_bp"":120,""limit_px"":66119.70578086484,""price_through"":false}]"
2026-04-01 13:43:00,1775050980000,prev_completed_binance_index_close,68203.32804348,68195.07,68203.32804348,-1.2107977303865702,68195.07,67918.83,68022.31,67994.45978261,68030.02130435,1,2000,0.029441849629887926,67930.51473130607,40,9.413302925329603,14.648287803722404,"[{""offset_bp"":40,""limit_px"":67930.51473130607,""price_through"":true},{""offset_bp"":60,""limit_px"":67794.10807521912,""price_through"":false},{""offset_bp"":80,""limit_px"":67657.70141913215,""price_through"":false},{""offset_bp"":100,""limit_px"":67521.2947630452,""price_through"":false},{""offset_bp"":120,""limit_px"":67384.88810695824,""price_through"":false}]"
2026-04-02 01:05:00,1775091900000,prev_completed_binance_index_close,68123.1776087,68104.63,68123.1776087,-2.7226575962935318,68104.62,67638.74,67770.98,67689.06021739,67783.23065217,2,4000,0.05901228780332606,67782.49325515136,60,-13.78424328678185,0.10878871272268498,"[{""offset_bp"":40,""limit_px"":67850.6848982652,""price_through"":true},{""offset_bp"":60,""limit_px"":67714.4385430478,""price_through"":true},{""offset_bp"":80,""limit_px"":67578.1921878304,""price_through"":false},{""offset_bp"":100,""limit_px"":67441.945832613,""price_through"":false},{""offset_bp"":120,""limit_px"":67305.6994773956,""price_through"":false}]"
2026-04-02 01:22:00,1775092920000,prev_completed_binance_index_close,67657.95130435,67650.74,67657.95130435,-1.0658472819491394,67650.75,67313.97,67322.17,67409.43826087,67409.73869565,1,2000,0.029679174284796172,67387.3194991326,40,3.282332922840414,3.326916203825192,"[{""offset_bp"":40,""limit_px"":67387.3194991326,""price_through"":true},{""offset_bp"":60,""limit_px"":67252.00359652391,""price_through"":false},{""offset_bp"":80,""limit_px"":67116.6876939152,""price_through"":false},{""offset_bp"":100,""limit_px"":66981.3717913065,""price_through"":false},{""offset_bp"":120,""limit_px"":66846.05588869781,""price_through"":false}]"
2026-04-02 08:59:00,1775120340000,prev_completed_binance_index_close,66458.38369565,66447.24,66458.38369565,-1.6767930591010671,66447.24,66180.0,66439.12,66431.84826087,66440.89456522,1,2000,0.030214880604228285,66192.5501608674,40,36.15181760198594,37.518482631211384,"[{""offset_bp"":40,""limit_px"":66192.5501608674,""price_through"":true},{""offset_bp"":60,""limit_px"":66059.6333934761,""price_through"":false},{""offset_bp"":80,""limit_px"":65926.7166260848,""price_through"":false},{""offset_bp"":100,""limit_px"":65793.7998586935,""price_through"":false},{""offset_bp"":120,""limit_px"":65660.8830913022,""price_through"":false}]"
2026-04-06 14:38:00,1775486280000,prev_completed_binance_index_close,69748.80543478,69736.83,69748.80543478,-1.7169376171188855,69736.83,69353.47,69417.42,69395.72673913,69429.62130435,1,2000,0.02878948414954155,69469.81021304088,40,-10.6641249895012,-5.78508974871661,"[{""offset_bp"":40,""limit_px"":69469.81021304088,""price_through"":true},{""offset_bp"":60,""limit_px"":69330.31260217133,""price_through"":false},{""offset_bp"":80,""limit_px"":69190.81499130177,""price_through"":false},{""offset_bp"":100,""limit_px"":69051.3173804322,""price_through"":false},{""offset_bp"":120,""limit_px"":68911.81976956264,""price_through"":false}]"
2026-04-06 23:07:00,1775516820000,prev_completed_binance_index_close,68580.99434783,68563.51,68580.99434783,-2.5494450753116293,68563.52,68300.0,68434.03,68350.17826087,68414.8873913,1,2000,0.029279717327073043,68306.67037043867,40,6.369493666633641,15.84281890398831,"[{""offset_bp"":40,""limit_px"":68306.67037043867,""price_through"":true},{""offset_bp"":60,""limit_px"":68169.50838174301,""price_through"":false},{""offset_bp"":80,""limit_px"":68032.34639304735,""price_through"":false},{""offset_bp"":100,""limit_px"":67895.18440435169,""price_through"":false},{""offset_bp"":120,""limit_px"":67758.02241565604,""price_through"":false}]"
2026-04-07 22:38:00,1775601480000,prev_completed_binance_index_close,71243.25565217,71259.11,71243.25565217,2.225382274414489,71259.12,70954.95,70954.96,70995.57217391,71002.43521739,1,2000,0.028185575043311394,70958.28262956132,40,5.25513625285301,6.222330388008235,"[{""offset_bp"":40,""limit_px"":70958.28262956132,""price_through"":true},{""offset_bp"":60,""limit_px"":70815.79611825699,""price_through"":false},{""offset_bp"":80,""limit_px"":70673.30960695264,""price_through"":false},{""offset_bp"":100,""limit_px"":70530.8230956483,""price_through"":false},{""offset_bp"":120,""limit_px"":70388.33658434397,""price_through"":false}]"
2026-04-09 15:38:00,1775749080000,prev_completed_binance_index_close,72184.39869565,72183.99,72184.39869565,-0.05661828004099867,72183.98,71862.21,71887.02,71888.92282609,71898.53152174,1,2000,0.027818090401784627,71895.66110086741,40,-0.9372296845500117,0.3992481366243972,"[{""offset_bp"":40,""limit_px"":71895.66110086741,""price_through"":true},{""offset_bp"":60,""limit_px"":71751.2923034761,""price_through"":false},{""offset_bp"":80,""limit_px"":71606.9235060848,""price_through"":false},{""offset_bp"":100,""limit_px"":71462.5547086935,""price_through"":false},{""offset_bp"":120,""limit_px"":71318.18591130221,""price_through"":false}]"
2026-04-10 14:42:00,1775832120000,prev_completed_binance_index_close,73051.71586957,73054.76,73051.71586957,0.4167089566275983,73054.75,72750.05,72785.4,72915.55282609,72915.55282609,1,2000,0.02748781605758983,72759.50900609173,40,21.446519105181583,21.446519105181583,"[{""offset_bp"":40,""limit_px"":72759.50900609173,""price_through"":true},{""offset_bp"":60,""limit_px"":72613.40557435258,""price_through"":false},{""offset_bp"":80,""limit_px"":72467.30214261345,""price_through"":false},{""offset_bp"":100,""limit_px"":72321.1987108743,""price_through"":false},{""offset_bp"":120,""limit_px"":72175.09527913516,""price_through"":false}]"
2026-04-12 01:35:00,1775957700000,prev_completed_binance_index_close,72674.72434783,72606.01,72674.72434783,-9.455054483746839,72606.01,72188.88,72259.5,72227.4176087,72259.24565217,2,4000,0.055316406070988276,72311.27768616687,60,-11.597095245755584,-7.195562803176125,"[{""offset_bp"":40,""limit_px"":72384.02545043867,""price_through"":true},{""offset_bp"":60,""limit_px"":72238.676001743,""price_through"":true},{""offset_bp"":80,""limit_px"":72093.32655304736,""price_through"":false},{""offset_bp"":100,""limit_px"":71947.9771043517,""price_through"":false},{""offset_bp"":120,""limit_px"":71802.62765565603,""price_through"":false}]"
2026-04-12 01:41:00,1775958060000,prev_completed_binance_index_close,72184.4476087,72189.99,72184.4476087,0.7678096160068648,72190.0,71874.39,71941.02,71950.19913043,71950.19913043,1,2000,0.027818071551911953,71895.7098182652,40,7.578937923076179,7.578937923076179,"[{""offset_bp"":40,""limit_px"":71895.7098182652,""price_through"":true},{""offset_bp"":60,""limit_px"":71751.3409230478,""price_through"":false},{""offset_bp"":80,""limit_px"":71606.97202783039,""price_through"":false},{""offset_bp"":100,""limit_px"":71462.60313261299,""price_through"":false},{""offset_bp"":120,""limit_px"":71318.23423739559,""price_through"":false}]"
2026-04-12 01:43:00,1775958180000,prev_completed_binance_index_close,71933.0323913,71910.69,71933.0323913,-3.105998809901367,71910.69,71555.0,71603.33,71586.62608696,71612.04869565,1,2000,0.02791529929658463,71645.3002617348,40,-8.189535749093535,-4.641137096687009,"[{""offset_bp"":40,""limit_px"":71645.3002617348,""price_through"":true},{""offset_bp"":60,""limit_px"":71501.4341969522,""price_through"":false},{""offset_bp"":80,""limit_px"":71357.5681321696,""price_through"":false},{""offset_bp"":100,""limit_px"":71213.702067387,""price_through"":false},{""offset_bp"":120,""limit_px"":71069.8360026044,""price_through"":false}]"
2026-04-12 12:52:00,1775998320000,prev_completed_binance_index_close,71428.51782609,71429.04,71428.51782609,0.07310440225838377,71429.03,71100.0,71124.16,71155.05782609,71155.05782609,1,2000,0.028112470895771575,71142.80375478564,40,1.7224611144928126,1.7224611144928126,"[{""offset_bp"":40,""limit_px"":71142.80375478564,""price_through"":true},{""offset_bp"":60,""limit_px"":70999.94671913346,""price_through"":false},{""offset_bp"":80,""limit_px"":70857.08968348127,""price_through"":false},{""offset_bp"":100,""limit_px"":70714.23264782909,""price_through"":false},{""offset_bp"":120,""limit_px"":70571.37561217693,""price_through"":false}]"
2026-04-12 22:00:00,1776031200000,prev_completed_binance_index_close,71352.40652174,71364.02,71352.40652174,1.6276225044298265,71364.03,70922.0,70922.0,71005.62,71005.62,2,4000,0.056341541359180874,70995.57277816998,60,1.415189910700665,1.415189910700665,"[{""offset_bp"":40,""limit_px"":71066.99689565305,""price_through"":true},{""offset_bp"":60,""limit_px"":70924.29208260957,""price_through"":true},{""offset_bp"":80,""limit_px"":70781.58726956608,""price_through"":false},{""offset_bp"":100,""limit_px"":70638.88245652261,""price_through"":false},{""offset_bp"":120,""limit_px"":70496.17764347912,""price_through"":false}]"
2026-04-15 15:30:00,1776267000000,prev_completed_binance_index_close,74026.97326087,74026.71,74026.97326087,-0.035562830464908046,74026.71,73700.0,73708.9,73745.38521739,73745.38521739,1,2000,0.027125681897566978,73730.86536782653,40,1.969304102296121,1.969304102296121,"[{""offset_bp"":40,""limit_px"":73730.86536782653,""price_through"":true},{""offset_bp"":60,""limit_px"":73582.81142130478,""price_through"":false},{""offset_bp"":80,""limit_px"":73434.75747478304,""price_through"":false},{""offset_bp"":100,""limit_px"":73286.70352826129,""price_through"":false},{""offset_bp"":120,""limit_px"":73138.64958173956,""price_through"":false}]"
2026-04-16 13:52:00,1776347520000,prev_completed_binance_index_close,74307.96086957,74311.35,74307.96086957,0.4560925088425982,74311.36,73893.51,73900.0,73937.13456522,73937.13456522,1,2000,0.027023109031866454,74010.72902609172,40,-9.943755701390389,-9.943755701390389,"[{""offset_bp"":40,""limit_px"":74010.72902609172,""price_through"":true},{""offset_bp"":60,""limit_px"":73862.11310435258,""price_through"":false},{""offset_bp"":80,""limit_px"":73713.49718261344,""price_through"":false},{""offset_bp"":100,""limit_px"":73564.8812608743,""price_through"":false},{""offset_bp"":120,""limit_px"":73416.26533913516,""price_through"":false}]"
2026-04-16 13:54:00,1776347640000,prev_completed_binance_index_close,73727.31391304,73724.79,73727.31391304,-0.3423308006278436,73724.8,73400.5,73432.33,73455.9823913,73489.59434783,1,2000,0.02723593227446877,73432.40465738783,40,3.2108078200865364,7.7880726784052,"[{""offset_bp"":40,""limit_px"":73432.40465738783,""price_through"":true},{""offset_bp"":60,""limit_px"":73284.95002956175,""price_through"":false},{""offset_bp"":80,""limit_px"":73137.49540173568,""price_through"":false},{""offset_bp"":100,""limit_px"":72990.0407739096,""price_through"":false},{""offset_bp"":120,""limit_px"":72842.58614608351,""price_through"":false}]"
2026-04-17 09:30:00,1776418200000,prev_completed_binance_index_close,76293.80913043,76284.96,76293.80913043,-1.1598752940578105,76284.96,75928.03,75963.48,75972.7726087,75976.9673913,1,2000,0.02631972569466514,75988.63389390828,40,-2.087323379232897,-1.5352957423298008,"[{""offset_bp"":40,""limit_px"":75988.63389390828,""price_through"":true},{""offset_bp"":60,""limit_px"":75836.04627564743,""price_through"":false},{""offset_bp"":80,""limit_px"":75683.45865738657,""price_through"":false},{""offset_bp"":100,""limit_px"":75530.8710391257,""price_through"":false},{""offset_bp"":120,""limit_px"":75378.28342086484,""price_through"":false}]"
2026-04-17 10:28:00,1776421680000,prev_completed_binance_index_close,75619.24673913,75600.65,75619.24673913,-2.4592600339123916,75600.65,75252.96,75363.68,75257.71913043,75343.61891304,1,2000,0.02655451112124049,75316.76975217348,40,-7.840301959016749,3.5648317041303557,"[{""offset_bp"":40,""limit_px"":75316.76975217348,""price_through"":true},{""offset_bp"":60,""limit_px"":75165.53125869522,""price_through"":false},{""offset_bp"":80,""limit_px"":75014.29276521696,""price_through"":false},{""offset_bp"":100,""limit_px"":74863.0542717387,""price_through"":false},{""offset_bp"":120,""limit_px"":74711.81577826044,""price_through"":false}]"
2026-04-17 12:26:00,1776428760000,prev_completed_binance_index_close,75952.50086957,75944.57,75952.50086957,-1.0441880753353505,75944.57,75635.02,75635.74,75663.25478261,75663.25478261,1,2000,0.026437998821952746,75648.69086609171,40,1.925204038768502,1.925204038768502,"[{""offset_bp"":40,""limit_px"":75648.69086609171,""price_through"":true},{""offset_bp"":60,""limit_px"":75496.78586435257,""price_through"":false},{""offset_bp"":80,""limit_px"":75344.88086261343,""price_through"":false},{""offset_bp"":100,""limit_px"":75192.9758608743,""price_through"":false},{""offset_bp"":120,""limit_px"":75041.07085913516,""price_through"":false}]"
2026-04-17 13:31:00,1776432660000,prev_completed_binance_index_close,76466.57565217,76450.52,76466.57565217,-2.0996954594942885,76450.53,76130.42,76130.45,76196.39173913,76200.64891304,1,2000,0.026260259615235846,76160.70934956131,40,4.685144068830027,5.244116529348197,"[{""offset_bp"":40,""limit_px"":76160.70934956131,""price_through"":true},{""offset_bp"":60,""limit_px"":76007.77619825698,""price_through"":false},{""offset_bp"":80,""limit_px"":75854.84304695264,""price_through"":false},{""offset_bp"":100,""limit_px"":75701.90989564829,""price_through"":false},{""offset_bp"":120,""limit_px"":75548.97674434395,""price_through"":false}]"
2026-04-19 22:00:00,1776636000000,prev_completed_binance_index_close,74432.03956522,74425.15,74432.03956522,-0.9256182230454879,74425.16,74044.53,74108.09,74082.14891304,74094.10869565,1,2000,0.026978061332775215,74134.31140695911,40,-7.036214801101615,-5.4229560572061075,"[{""offset_bp"":40,""limit_px"":74134.31140695911,""price_through"":true},{""offset_bp"":60,""limit_px"":73985.44732782868,""price_through"":false},{""offset_bp"":80,""limit_px"":73836.58324869824,""price_through"":false},{""offset_bp"":100,""limit_px"":73687.71916956779,""price_through"":false},{""offset_bp"":120,""limit_px"":73538.85509043736,""price_through"":false}]"
2026-04-20 14:51:00,1776696660000,prev_completed_binance_index_close,75357.44956522,75353.59,75357.44956522,-0.5121677076747044,75353.58,74988.78,75130.69,75022.41869565,75137.17934783,1,2000,0.026646763393659633,75056.01976695911,40,-4.4767989847360745,10.813200742973983,"[{""offset_bp"":40,""limit_px"":75056.01976695911,""price_through"":true},{""offset_bp"":60,""limit_px"":74905.30486782867,""price_through"":false},{""offset_bp"":80,""limit_px"":74754.58996869824,""price_through"":false},{""offset_bp"":100,""limit_px"":74603.8750695678,""price_through"":false},{""offset_bp"":120,""limit_px"":74453.16017043736,""price_through"":false}]"
2026-04-23 10:05:00,1776938700000,prev_completed_binance_index_close,77629.06652174,77622.01,77629.06652174,-0.9090051003024513,77622.0,77215.01,77378.99,77273.4376087,77402.40021739,1,2000,0.02586701371646286,77318.55025565304,40,-5.834647287601413,10.844740551874121,"[{""offset_bp"":40,""limit_px"":77318.55025565304,""price_through"":true},{""offset_bp"":60,""limit_px"":77163.29212260955,""price_through"":false},{""offset_bp"":80,""limit_px"":77008.03398956607,""price_through"":false},{""offset_bp"":100,""limit_px"":76852.7758565226,""price_through"":false},{""offset_bp"":120,""limit_px"":76697.51772347912,""price_through"":false}]"
2026-04-27 15:04:00,1777302240000,prev_completed_binance_index_close,77691.7323913,77694.7,77691.7323913,0.3819722650866275,77694.71,77305.71,77356.64,77319.69369565,77356.70065217,1,2000,0.025846149477018455,77380.9654617348,40,-7.918196124743204,-3.135759475216826,"[{""offset_bp"":40,""limit_px"":77380.9654617348,""price_through"":true},{""offset_bp"":60,""limit_px"":77225.5819969522,""price_through"":false},{""offset_bp"":80,""limit_px"":77070.1985321696,""price_through"":false},{""offset_bp"":100,""limit_px"":76914.815067387,""price_through"":false},{""offset_bp"":120,""limit_px"":76759.4316026044,""price_through"":false}]"
2026-04-27 15:18:00,1777303080000,prev_completed_binance_index_close,77251.02282609,77246.3,77251.02282609,-0.6113609784341723,77246.29,76900.0,77025.03,76915.02630435,77022.29913043,1,2000,0.0259935992437874,76942.01873478564,40,-3.508152096799444,10.433882157561136,"[{""offset_bp"":40,""limit_px"":76942.01873478564,""price_through"":true},{""offset_bp"":60,""limit_px"":76787.51668913347,""price_through"":false},{""offset_bp"":80,""limit_px"":76633.01464348128,""price_through"":false},{""offset_bp"":100,""limit_px"":76478.5125978291,""price_through"":false},{""offset_bp"":120,""limit_px"":76324.01055217693,""price_through"":false}]"
2026-04-29 12:14:00,1777464840000,prev_completed_binance_index_close,77483.38782609,77483.38,77483.38782609,-0.0010100345648744735,77483.38,76850.0,77310.12,77370.95673913,77370.95673913,3,6000,0.07790358378402322,77018.2796292679,80,45.79135129474832,45.79135129474832,"[{""offset_bp"":40,""limit_px"":77173.45427478563,""price_through"":true},{""offset_bp"":60,""limit_px"":77018.48749913345,""price_through"":true},{""offset_bp"":80,""limit_px"":76863.52072348127,""price_through"":true},{""offset_bp"":100,""limit_px"":76708.55394782909,""price_through"":false},{""offset_bp"":120,""limit_px"":76553.5871721769,""price_through"":false}]"
2026-04-29 18:08:00,1777486080000,prev_completed_binance_index_close,75809.84913043,75807.58,75809.84913043,-0.29931868431698483,75807.59,75456.0,75512.56,75497.67456522,75527.80847826,1,2000,0.026487747325011284,75506.60973390828,40,-1.183362452606973,2.8075349199796484,"[{""offset_bp"":40,""limit_px"":75506.60973390828,""price_through"":true},{""offset_bp"":60,""limit_px"":75354.99003564741,""price_through"":false},{""offset_bp"":80,""limit_px"":75203.37033738656,""price_through"":false},{""offset_bp"":100,""limit_px"":75051.75063912569,""price_through"":false},{""offset_bp"":120,""limit_px"":74900.13094086484,""price_through"":false}]"
2026-04-29 18:09:00,1777486140000,prev_completed_binance_index_close,75527.80847826,75512.56,75527.80847826,-2.0189223767030917,75512.57,75000.0,75020.3,75054.44369565,75068.46913043,2,4000,0.05322681333033584,75150.0935285235,60,-12.727839498589688,-10.861516501309287,"[{""offset_bp"":40,""limit_px"":75225.69724434697,""price_through"":true},{""offset_bp"":60,""limit_px"":75074.64162739045,""price_through"":true},{""offset_bp"":80,""limit_px"":74923.58601043392,""price_through"":false},{""offset_bp"":100,""limit_px"":74772.5303934774,""price_through"":false},{""offset_bp"":120,""limit_px"":74621.47477652089,""price_through"":false}]"
2026-04-30 02:30:00,1777516200000,prev_completed_binance_index_close,76124.79652174,76122.64,76124.79652174,-0.2832876852931765,76122.64,75806.37,75806.37,75843.11869565,75843.11869565,1,2000,0.02637816086563325,75820.29733565304,40,3.0099275258610447,3.0099275258610447,"[{""offset_bp"":40,""limit_px"":75820.29733565304,""price_through"":true},{""offset_bp"":60,""limit_px"":75668.04774260956,""price_through"":false},{""offset_bp"":80,""limit_px"":75515.79814956608,""price_through"":false},{""offset_bp"":100,""limit_px"":75363.5485565226,""price_through"":false},{""offset_bp"":120,""limit_px"":75211.29896347913,""price_through"":false}]"
2026-05-01 04:28:00,1777609680000,prev_completed_binance_index_close,77132.222,77128.6,77132.222,-0.4695832566559144,77128.59,76822.26,77017.46,77030.7473913,77049.38043478,1,2000,0.026033635184450624,76823.693112,40,26.95187785337838,29.377307135050046,"[{""offset_bp"":40,""limit_px"":76823.693112,""price_through"":true},{""offset_bp"":60,""limit_px"":76669.428668,""price_through"":false},{""offset_bp"":80,""limit_px"":76515.164224,""price_through"":false},{""offset_bp"":100,""limit_px"":76360.89977999999,""price_through"":false},{""offset_bp"":120,""limit_px"":76206.63533599999,""price_through"":false}]"
2026-05-01 04:29:00,1777609740000,prev_completed_binance_index_close,77049.38043478,77017.46,77049.38043478,-4.142854179991495,77017.46,76653.6,77012.35,76975.89891304,77026.215,1,2000,0.02606162589735287,76741.18291304089,40,30.585402920499938,37.14199809534912,"[{""offset_bp"":40,""limit_px"":76741.18291304089,""price_through"":true},{""offset_bp"":60,""limit_px"":76587.08415217133,""price_through"":false},{""offset_bp"":80,""limit_px"":76432.98539130176,""price_through"":false},{""offset_bp"":100,""limit_px"":76278.8866304322,""price_through"":false},{""offset_bp"":120,""limit_px"":76124.78786956264,""price_through"":false}]"
2026-05-01 15:50:00,1777650600000,prev_completed_binance_index_close,78663.825,78663.58,78663.825,-0.031145192850301484,78663.58,78299.58,78449.99,78358.50717391,78446.29521739,1,2000,0.02552675424204272,78349.1697,40,1.191777008708872,12.396496065227858,"[{""offset_bp"":40,""limit_px"":78349.1697,""price_through"":true},{""offset_bp"":60,""limit_px"":78191.84204999999,""price_through"":false},{""offset_bp"":80,""limit_px"":78034.5144,""price_through"":false},{""offset_bp"":100,""limit_px"":77877.18675,""price_through"":false},{""offset_bp"":120,""limit_px"":77719.8591,""price_through"":false}]"
2026-05-04 01:56:00,1777859760000,prev_completed_binance_index_close,79498.72521739,79721.94,79498.72521739,28.077781373174737,79721.93,78955.14,79358.07,79331.64217391,79353.38152174,2,4000,0.05056816385581893,79101.15169308675,60,29.138701003692535,31.88699826165653,"[{""offset_bp"":40,""limit_px"":79180.73031652045,""price_through"":true},{""offset_bp"":60,""limit_px"":79021.73286608566,""price_through"":true},{""offset_bp"":80,""limit_px"":78862.73541565088,""price_through"":false},{""offset_bp"":100,""limit_px"":78703.7379652161,""price_through"":false},{""offset_bp"":120,""limit_px"":78544.74051478133,""price_through"":false}]"
2026-05-04 15:19:00,1777907940000,prev_completed_binance_index_close,80050.58456522,80044.45,80050.58456522,-0.7663360927734342,80044.45,79487.99,79505.38,79721.8073913,79721.8073913,2,4000,0.05021955286093362,79650.25118954509,60,8.983801141395631,8.983801141395631,"[{""offset_bp"":40,""limit_px"":79730.38222695912,""price_through"":true},{""offset_bp"":60,""limit_px"":79570.28105782867,""price_through"":true},{""offset_bp"":80,""limit_px"":79410.17988869823,""price_through"":false},{""offset_bp"":100,""limit_px"":79250.0787195678,""price_through"":false},{""offset_bp"":120,""limit_px"":79089.97755043735,""price_through"":false}]"
2026-05-04 15:20:00,1777908000000,prev_completed_binance_index_close,79721.8073913,79505.38,79721.8073913,-27.147827976063965,79505.39,79320.28,79690.42,79376.46347826,79667.05978261,1,2000,0.025187990516296194,79402.9201617348,40,-3.3319534622788805,33.265731327911666,"[{""offset_bp"":40,""limit_px"":79402.9201617348,""price_through"":true},{""offset_bp"":60,""limit_px"":79243.4765469522,""price_through"":false},{""offset_bp"":80,""limit_px"":79084.03293216959,""price_through"":false},{""offset_bp"":100,""limit_px"":78924.589317387,""price_through"":false},{""offset_bp"":120,""limit_px"":78765.1457026044,""price_through"":false}]"
2026-05-17 23:40:00,1779061200000,prev_completed_binance_index_close,77741.73282609,77737.81,77741.73282609,-0.5045972024797507,77737.81,77181.23,77246.0,77263.38565217,77272.47782609,2,4000,0.05171102337163961,77352.94602956474,60,-11.578146921580323,-10.402732876390042,"[{""offset_bp"":40,""limit_px"":77430.76589478564,""price_through"":true},{""offset_bp"":60,""limit_px"":77275.28242913345,""price_through"":true},{""offset_bp"":80,""limit_px"":77119.79896348127,""price_through"":false},{""offset_bp"":100,""limit_px"":76964.3154978291,""price_through"":false},{""offset_bp"":120,""limit_px"":76808.83203217691,""price_through"":false}]"
2026-05-17 23:41:00,1779061260000,prev_completed_binance_index_close,77272.47782609,77246.0,77272.47782609,-3.4265532612520744,77245.99,76735.16,76799.16,76927.10752174,76932.21398261,2,4000,0.05202505052535494,76886.03777617782,60,5.34163896984019,6.005798681758545,"[{""offset_bp"":40,""limit_px"":76963.38791478565,""price_through"":true},{""offset_bp"":60,""limit_px"":76808.84295913347,""price_through"":true},{""offset_bp"":80,""limit_px"":76654.29800348128,""price_through"":false},{""offset_bp"":100,""limit_px"":76499.7530478291,""price_through"":false},{""offset_bp"":120,""limit_px"":76345.20809217692,""price_through"":false}]"
2026-05-18 13:36:00,1779111360000,prev_completed_binance_index_close,77190.22152174,77184.07,77190.22152174,-0.796930183475375,77184.07,76868.35,76897.82,76896.83152174,76899.64673913,1,2000,0.026014073919304798,76881.46063565303,40,1.9992968343585105,2.365473200769408,"[{""offset_bp"":40,""limit_px"":76881.46063565303,""price_through"":true},{""offset_bp"":60,""limit_px"":76727.08019260956,""price_through"":false},{""offset_bp"":80,""limit_px"":76572.69974956608,""price_through"":false},{""offset_bp"":100,""limit_px"":76418.3193065226,""price_through"":false},{""offset_bp"":120,""limit_px"":76263.93886347911,""price_through"":false}]"
2026-05-22 18:45:00,1779475500000,prev_completed_binance_index_close,76594.89130435,76589.0,76594.89130435,-0.7691510817087188,76589.01,76138.0,76138.01,76228.2873913,76228.2873913,1,2000,0.02621626709456555,76288.5117391326,40,-7.8942879418786305,-7.8942879418786305,"[{""offset_bp"":40,""limit_px"":76288.5117391326,""price_through"":true},{""offset_bp"":60,""limit_px"":76135.32195652391,""price_through"":false},{""offset_bp"":80,""limit_px"":75982.1321739152,""price_through"":false},{""offset_bp"":100,""limit_px"":75828.94239130651,""price_through"":false},{""offset_bp"":120,""limit_px"":75675.7526086978,""price_through"":false}]"
2026-05-22 19:30:00,1779478200000,prev_completed_binance_index_close,76262.63413043,76259.51,76262.63413043,-0.40965414657256893,76259.52,75705.13,75720.19,75787.0173913,75787.36065217,2,4000,0.052713948435694234,75881.2443139144,60,-12.417682849873435,-12.372446260371373,"[{""offset_bp"":40,""limit_px"":75957.58359390828,""price_through"":true},{""offset_bp"":60,""limit_px"":75805.05832564742,""price_through"":true},{""offset_bp"":80,""limit_px"":75652.53305738656,""price_through"":false},{""offset_bp"":100,""limit_px"":75500.0077891257,""price_through"":false},{""offset_bp"":120,""limit_px"":75347.48252086484,""price_through"":false}]"
2026-05-23 07:50:00,1779522600000,prev_completed_binance_index_close,75038.84630435,75036.09,75038.84630435,-0.3673169945628274,75036.09,74289.6,74322.2,74371.96,74371.96,3,6000,0.08044144989779577,74588.41191479332,80,-29.019509765214615,-29.019509765214615,"[{""offset_bp"":40,""limit_px"":74738.6909191326,""price_through"":true},{""offset_bp"":60,""limit_px"":74588.6132265239,""price_through"":true},{""offset_bp"":80,""limit_px"":74438.53553391519,""price_through"":true},{""offset_bp"":100,""limit_px"":74288.45784130649,""price_through"":false},{""offset_bp"":120,""limit_px"":74138.38014869779,""price_through"":false}]"
2026-05-27 21:40:00,1779918000000,prev_completed_binance_index_close,74890.02369565,74877.83,74890.02369565,-1.6282136188860985,74877.83,74575.62,74708.0,74595.30956522,74685.39065217,1,2000,0.026813079091477083,74590.4636008674,40,0.6496761273044882,12.726432672487409,"[{""offset_bp"":40,""limit_px"":74590.4636008674,""price_through"":true},{""offset_bp"":60,""limit_px"":74440.6835534761,""price_through"":false},{""offset_bp"":80,""limit_px"":74290.9035060848,""price_through"":false},{""offset_bp"":100,""limit_px"":74141.1234586935,""price_through"":false},{""offset_bp"":120,""limit_px"":73991.3434113022,""price_through"":false}]"
2026-05-28 03:18:00,1779938280000,prev_completed_binance_index_close,73974.46673913,74008.01,73974.46673913,4.534437671350755,74008.01,73500.0,73756.01,73551.85847826,73722.47847826,2,4000,0.054344488582777475,73604.52005923662,60,-7.15466671533771,16.0259748896463,"[{""offset_bp"":40,""limit_px"":73678.56887217348,""price_through"":true},{""offset_bp"":60,""limit_px"":73530.61993869522,""price_through"":true},{""offset_bp"":80,""limit_px"":73382.67100521697,""price_through"":false},{""offset_bp"":100,""limit_px"":73234.7220717387,""price_through"":false},{""offset_bp"":120,""limit_px"":73086.77313826044,""price_through"":false}]"
2026-05-28 04:02:00,1779940920000,prev_completed_binance_index_close,73216.75152174,73200.04,73216.75152174,-2.2824724387082718,73200.03,72728.85,72812.05,72788.46847826,72806.11652174,2,4000,0.05490689602539968,72850.59417945641,60,-8.527823540241952,-6.105325319221144,"[{""offset_bp"":40,""limit_px"":72923.88451565304,""price_through"":true},{""offset_bp"":60,""limit_px"":72777.45101260957,""price_through"":true},{""offset_bp"":80,""limit_px"":72631.01750956608,""price_through"":false},{""offset_bp"":100,""limit_px"":72484.58400652261,""price_through"":false},{""offset_bp"":120,""limit_px"":72338.15050347912,""price_through"":false}]"
2026-05-29 18:52:00,1780080720000,prev_completed_binance_index_close,73496.41521739,73484.7,73496.41521739,-1.5939848706014725,73484.69,73187.25,73241.52,73196.76369565,73237.5323913,1,2000,0.02732149755297093,73202.42955652044,40,-0.7739990195343438,4.795310072660541,"[{""offset_bp"":40,""limit_px"":73202.42955652044,""price_through"":true},{""offset_bp"":60,""limit_px"":73055.43672608565,""price_through"":false},{""offset_bp"":80,""limit_px"":72908.44389565087,""price_through"":false},{""offset_bp"":100,""limit_px"":72761.4510652161,""price_through"":false},{""offset_bp"":120,""limit_px"":72614.45823478131,""price_through"":false}]"
2026-06-01 09:52:00,1780307520000,prev_completed_binance_index_close,72928.54782609,72920.96,72928.54782609,-1.0404466174329663,72920.97,72600.0,72861.94,72822.7526087,72867.60652174,1,2000,0.027534239860397824,72636.83363478564,40,25.595688111785808,31.770780113389296,"[{""offset_bp"":40,""limit_px"":72636.83363478564,""price_through"":true},{""offset_bp"":60,""limit_px"":72490.97653913345,""price_through"":false},{""offset_bp"":80,""limit_px"":72345.11944348128,""price_through"":false},{""offset_bp"":100,""limit_px"":72199.26234782909,""price_through"":false},{""offset_bp"":120,""limit_px"":72053.40525217692,""price_through"":false}]"
2026-06-02 14:27:00,1780410420000,prev_completed_binance_index_close,67920.71,67900.92,67920.71,-2.9136915677130393,67900.55,67617.85,67747.79,67666.44586957,67782.78108696,1,2000,0.029564357152833884,67649.02716000001,40,2.57486475434332,19.77174433619666,"[{""offset_bp"":40,""limit_px"":67649.02716000001,""price_through"":true},{""offset_bp"":60,""limit_px"":67513.18574,""price_through"":false},{""offset_bp"":80,""limit_px"":67377.34432,""price_through"":false},{""offset_bp"":100,""limit_px"":67241.5029,""price_through"":false},{""offset_bp"":120,""limit_px"":67105.66148000001,""price_through"":false}]"
2026-06-02 19:33:00,1780428780000,prev_completed_binance_index_close,66719.29195652,66725.37,66719.29195652,0.9109874073542912,66725.37,66432.0,66572.69,66472.83217391,66555.16630435,1,2000,0.030096724195194727,66452.41478869392,40,3.0724820581773393,15.462420136695965,"[{""offset_bp"":40,""limit_px"":66452.41478869392,""price_through"":true},{""offset_bp"":60,""limit_px"":66318.97620478088,""price_through"":false},{""offset_bp"":80,""limit_px"":66185.53762086784,""price_through"":false},{""offset_bp"":100,""limit_px"":66052.0990369548,""price_through"":false},{""offset_bp"":120,""limit_px"":65918.66045304175,""price_through"":false}]"
2026-06-02 22:58:00,1780441080000,prev_completed_binance_index_close,66597.24456522,66591.4,66597.24456522,-0.8775986541420533,66591.4,66326.21,66369.41,66349.90413043,66395.21652174,1,2000,0.03015188003082546,66330.85558695912,40,2.8717469874806056,9.703015920925484,"[{""offset_bp"":40,""limit_px"":66330.85558695912,""price_through"":true},{""offset_bp"":60,""limit_px"":66197.66109782868,""price_through"":false},{""offset_bp"":80,""limit_px"":66064.46660869823,""price_through"":false},{""offset_bp"":100,""limit_px"":65931.2721195678,""price_through"":false},{""offset_bp"":120,""limit_px"":65798.07763043736,""price_through"":false}]"
2026-06-03 20:55:00,1780520100000,prev_completed_binance_index_close,65044.50065217,65045.59,65044.50065217,0.16747731461874693,65045.58,64766.0,64919.47,64817.9623913,64915.58847826,1,2000,0.030871666449591918,64784.32264956132,40,5.192574432035801,20.261974399073956,"[{""offset_bp"":40,""limit_px"":64784.32264956132,""price_through"":true},{""offset_bp"":60,""limit_px"":64654.23364825698,""price_through"":false},{""offset_bp"":80,""limit_px"":64524.144646952635,""price_through"":false},{""offset_bp"":100,""limit_px"":64394.055645648295,""price_through"":false},{""offset_bp"":120,""limit_px"":64263.96664434396,""price_through"":false}]"
2026-06-04 00:29:00,1780532940000,prev_completed_binance_index_close,63717.18891304,63695.32,63717.18891304,-3.4321842210971454,63695.31,63358.01,63358.01,63403.81282609,63403.81282609,1,2000,0.03151476332790795,63462.32015738784,40,-9.219223493994733,-9.219223493994733,"[{""offset_bp"":40,""limit_px"":63462.32015738784,""price_through"":true},{""offset_bp"":60,""limit_px"":63334.88577956176,""price_through"":false},{""offset_bp"":80,""limit_px"":63207.45140173568,""price_through"":false},{""offset_bp"":100,""limit_px"":63080.017023909604,""price_through"":false},{""offset_bp"":120,""limit_px"":62952.58264608352,""price_through"":false}]"
2026-06-04 00:37:00,1780533420000,prev_completed_binance_index_close,63616.59043478,63600.01,63616.59043478,-2.606306730159602,63600.01,63338.51,63357.34,63365.45956522,63374.90065217,1,2000,0.031564598397845596,63362.12407304088,40,0.5264173554642149,2.0164379455445136,"[{""offset_bp"":40,""limit_px"":63362.12407304088,""price_through"":true},{""offset_bp"":60,""limit_px"":63234.89089217132,""price_through"":false},{""offset_bp"":80,""limit_px"":63107.65771130176,""price_through"":false},{""offset_bp"":100,""limit_px"":62980.4245304322,""price_through"":false},{""offset_bp"":120,""limit_px"":62853.19134956264,""price_through"":false}]"
2026-06-04 02:03:00,1780538580000,prev_completed_binance_index_close,61795.50130435,61770.15,61795.50130435,-4.1024514430498815,61770.15,61530.4,61606.23,61560.40369565,61624.72347826,1,2000,0.03249479470397473,61548.31929913261,40,1.963399919771014,12.413690576351666,"[{""offset_bp"":40,""limit_px"":61548.3192991326,""price_through"":true},{""offset_bp"":60,""limit_px"":61424.7282965239,""price_through"":false},{""offset_bp"":80,""limit_px"":61301.1372939152,""price_through"":false},{""offset_bp"":100,""limit_px"":61177.5462913065,""price_through"":false},{""offset_bp"":120,""limit_px"":61053.9552886978,""price_through"":false}]"
2026-06-04 02:15:00,1780539300000,prev_completed_binance_index_close,62402.26652174,62402.13,62402.26652174,-0.021877689323490657,62402.14,62150.0,62219.99,62174.25934783,62232.69847826,1,2000,0.03217883324501504,62152.65745565304,40,3.4756184306949933,12.87813359614809,"[{""offset_bp"":40,""limit_px"":62152.65745565304,""price_through"":true},{""offset_bp"":60,""limit_px"":62027.852922609556,""price_through"":false},{""offset_bp"":80,""limit_px"":61903.04838956608,""price_through"":false},{""offset_bp"":100,""limit_px"":61778.2438565226,""price_through"":false},{""offset_bp"":120,""limit_px"":61653.43932347912,""price_through"":false}]"
2026-06-05 06:24:00,1780640640000,prev_completed_binance_index_close,61418.54195652,61379.7,61418.54195652,-6.324141746558709,61379.69,61126.01,61462.49,61176.24282609,61448.16608696,1,2000,0.03269423311832446,61172.86778869391,40,0.5517212970529428,45.00333370294874,"[{""offset_bp"":40,""limit_px"":61172.86778869392,""price_through"":true},{""offset_bp"":60,""limit_px"":61050.03070478088,""price_through"":false},{""offset_bp"":80,""limit_px"":60927.19362086784,""price_through"":false},{""offset_bp"":100,""limit_px"":60804.3565369548,""price_through"":false},{""offset_bp"":120,""limit_px"":60681.51945304176,""price_through"":false}]"
2026-06-05 12:31:00,1780662660000,prev_completed_binance_index_close,62084.77673913,62080.52,62084.77673913,-0.685633315214984,62080.52,61764.56,61886.0,61850.68847826,61911.34608696,1,2000,0.032343389700046375,61836.43763217349,40,2.304603342657696,12.113966724942582,"[{""offset_bp"":40,""limit_px"":61836.43763217348,""price_through"":true},{""offset_bp"":60,""limit_px"":61712.26807869522,""price_through"":false},{""offset_bp"":80,""limit_px"":61588.09852521696,""price_through"":false},{""offset_bp"":100,""limit_px"":61463.9289717387,""price_through"":false},{""offset_bp"":120,""limit_px"":61339.75941826044,""price_through"":false}]"
2026-06-05 13:49:00,1780667340000,prev_completed_binance_index_close,61567.19,61551.84,61567.19,-2.493211075575985,61551.85,61260.7,61271.88,61292.74021739,61297.30369565,1,2000,0.032615296045085965,61320.92124,40,-4.595661976393162,-3.851466004166637,"[{""offset_bp"":40,""limit_px"":61320.92124,""price_through"":true},{""offset_bp"":60,""limit_px"":61197.78686,""price_through"":false},{""offset_bp"":80,""limit_px"":61074.652480000004,""price_through"":false},{""offset_bp"":100,""limit_px"":60951.5181,""price_through"":false},{""offset_bp"":120,""limit_px"":60828.383720000005,""price_through"":false}]"
2026-06-05 14:11:00,1780668660000,prev_completed_binance_index_close,60961.65673913,60922.36,60961.65673913,-6.4461402842375115,60922.35,60694.0,60752.64,60727.37369565,60751.15282609,1,2000,0.032939264382313656,60717.81011217349,40,1.5750870228758984,5.491422344598984,"[{""offset_bp"":40,""limit_px"":60717.81011217348,""price_through"":true},{""offset_bp"":60,""limit_px"":60595.88679869522,""price_through"":false},{""offset_bp"":80,""limit_px"":60473.963485216955,""price_through"":false},{""offset_bp"":100,""limit_px"":60352.0401717387,""price_through"":false},{""offset_bp"":120,""limit_px"":60230.11685826044,""price_through"":false}]"
2026-06-05 14:38:00,1780670280000,prev_completed_binance_index_close,61156.21956522,61152.98,61156.21956522,-0.5297196659681536,61152.97,60894.83,60907.34,60914.89869565,60914.89869565,1,2000,0.0328344711754557,60911.59468695912,40,0.5424268906217833,0.5424268906217833,"[{""offset_bp"":40,""limit_px"":60911.59468695912,""price_through"":true},{""offset_bp"":60,""limit_px"":60789.28224782868,""price_through"":false},{""offset_bp"":80,""limit_px"":60666.96980869824,""price_through"":false},{""offset_bp"":100,""limit_px"":60544.6573695678,""price_through"":false},{""offset_bp"":120,""limit_px"":60422.344930437364,""price_through"":false}]"
2026-06-05 16:00:00,1780675200000,prev_completed_binance_index_close,60457.49347826,60438.01,60457.49347826,-3.222673838935153,60438.0,60188.0,60204.04,60217.40434783,60220.68913043,1,2000,0.03321394938802958,60215.663504346965,40,0.2891014366901423,0.8346044518248164,"[{""offset_bp"":40,""limit_px"":60215.663504346965,""price_through"":true},{""offset_bp"":60,""limit_px"":60094.74851739044,""price_through"":false},{""offset_bp"":80,""limit_px"":59973.83353043392,""price_through"":false},{""offset_bp"":100,""limit_px"":59852.918543477404,""price_through"":false},{""offset_bp"":120,""limit_px"":59732.00355652088,""price_through"":false}]"
2026-06-05 16:16:00,1780676160000,prev_completed_binance_index_close,61071.58978261,61016.01,61071.58978261,-9.100759094013977,61016.01,60750.0,60901.62,60791.36326087,60901.7976087,1,2000,0.0328799714509125,60827.30342347955,40,-5.908557602716247,12.246833416535985,"[{""offset_bp"":40,""limit_px"":60827.303423479556,""price_through"":true},{""offset_bp"":60,""limit_px"":60705.16024391434,""price_through"":false},{""offset_bp"":80,""limit_px"":60583.017064349115,""price_through"":false},{""offset_bp"":100,""limit_px"":60460.8738847839,""price_through"":false},{""offset_bp"":120,""limit_px"":60338.73070521867,""price_through"":false}]"
2026-06-05 16:23:00,1780676580000,prev_completed_binance_index_close,61444.82478261,61452.99,61444.82478261,1.3288698305990998,61452.98,61132.98,61145.01,61167.13326087,61175.27282609,1,2000,0.032680248265308194,61199.04548347955,40,-5.214496787889766,-3.8844817270844434,"[{""offset_bp"":40,""limit_px"":61199.04548347956,""price_through"":true},{""offset_bp"":60,""limit_px"":61076.15583391434,""price_through"":false},{""offset_bp"":80,""limit_px"":60953.266184349115,""price_through"":false},{""offset_bp"":100,""limit_px"":60830.3765347839,""price_through"":false},{""offset_bp"":120,""limit_px"":60707.48688521868,""price_through"":false}]"
2026-06-05 16:28:00,1780676880000,prev_completed_binance_index_close,61234.92652174,61214.0,61234.92652174,-3.4174159958488826,61214.0,60964.69,61014.0,60999.18804348,61030.81130435,1,2000,0.03279226811517692,60989.986815653036,40,1.5086456494528555,6.693637895078819,"[{""offset_bp"":40,""limit_px"":60989.98681565304,""price_through"":true},{""offset_bp"":60,""limit_px"":60867.51696260956,""price_through"":false},{""offset_bp"":80,""limit_px"":60745.04710956608,""price_through"":false},{""offset_bp"":100,""limit_px"":60622.5772565226,""price_through"":false},{""offset_bp"":120,""limit_px"":60500.10740347912,""price_through"":false}]"
2026-06-05 17:11:00,1780679460000,prev_completed_binance_index_close,61268.26434783,61260.0,61268.26434783,-1.3488790514915028,61260.0,60981.5,60982.93,61001.12913043,61001.12913043,1,2000,0.03277442489824957,61023.19129043869,40,-3.6153730314891774,-3.6153730314891774,"[{""offset_bp"":40,""limit_px"":61023.191290438685,""price_through"":true},{""offset_bp"":60,""limit_px"":60900.65476174302,""price_through"":false},{""offset_bp"":80,""limit_px"":60778.11823304736,""price_through"":false},{""offset_bp"":100,""limit_px"":60655.5817043517,""price_through"":false},{""offset_bp"":120,""limit_px"":60533.04517565604,""price_through"":false}]"
2026-06-05 18:51:00,1780685460000,prev_completed_binance_index_close,59794.12586957,59780.0,59794.12586957,-2.3624176061731728,59780.01,59520.0,59599.76,59574.65326087,59605.70478261,1,2000,0.033582431372844425,59554.94936609173,40,3.3085234708440936,8.522451460124536,"[{""offset_bp"":40,""limit_px"":59554.94936609172,""price_through"":true},{""offset_bp"":60,""limit_px"":59435.36111435258,""price_through"":false},{""offset_bp"":80,""limit_px"":59315.77286261344,""price_through"":false},{""offset_bp"":100,""limit_px"":59196.1846108743,""price_through"":false},{""offset_bp"":120,""limit_px"":59076.59635913516,""price_through"":false}]"
2026-06-05 18:52:00,1780685520000,prev_completed_binance_index_close,59605.70478261,59599.76,59605.70478261,-0.9973512823446828,59599.75,59273.0,59315.52,59303.20434783,59325.84608696,1,2000,0.033688589638149885,59367.28196347956,40,-10.793422493046156,-6.979581201822516,"[{""offset_bp"":40,""limit_px"":59367.28196347956,""price_through"":true},{""offset_bp"":60,""limit_px"":59248.070553914346,""price_through"":false},{""offset_bp"":80,""limit_px"":59128.859144349124,""price_through"":false},{""offset_bp"":100,""limit_px"":59009.6477347839,""price_through"":false},{""offset_bp"":120,""limit_px"":58890.43632521868,""price_through"":false}]"
2026-06-05 20:16:00,1780690560000,prev_completed_binance_index_close,61055.90173913,61063.46,61055.90173913,1.2379246976479408,61063.46,60752.0,60752.0,60773.61043478,60773.61043478,1,2000,0.03288841981392165,60811.67813217348,40,-6.259932066130514,-6.259932066130514,"[{""offset_bp"":40,""limit_px"":60811.67813217348,""price_through"":true},{""offset_bp"":60,""limit_px"":60689.56632869522,""price_through"":false},{""offset_bp"":80,""limit_px"":60567.45452521696,""price_through"":false},{""offset_bp"":100,""limit_px"":60445.3427217387,""price_through"":false},{""offset_bp"":120,""limit_px"":60323.23091826044,""price_through"":false}]"
2026-06-05 21:16:00,1780694160000,prev_completed_binance_index_close,61946.9076087,61945.78,61946.9076087,-0.18202824701440967,61945.77,61691.99,61716.93,61709.91826087,61712.73717391,1,2000,0.03241537319664432,61699.1199782652,40,1.7501518025886398,2.2070323935907687,"[{""offset_bp"":40,""limit_px"":61699.1199782652,""price_through"":true},{""offset_bp"":60,""limit_px"":61575.2261630478,""price_through"":false},{""offset_bp"":80,""limit_px"":61451.3323478304,""price_through"":false},{""offset_bp"":100,""limit_px"":61327.438532613,""price_through"":false},{""offset_bp"":120,""limit_px"":61203.5447173956,""price_through"":false}]"
2026-06-06 04:38:00,1780720680000,prev_completed_binance_index_close,59762.42282609,59756.01,59762.42282609,-1.0730532309000118,59756.0,59514.71,59633.26,59542.99956522,59625.34717391,1,2000,0.033600246334682164,59523.37313478564,40,3.297264486326057,17.131764171605113,"[{""offset_bp"":40,""limit_px"":59523.37313478564,""price_through"":true},{""offset_bp"":60,""limit_px"":59403.84828913346,""price_through"":false},{""offset_bp"":80,""limit_px"":59284.32344348128,""price_through"":false},{""offset_bp"":100,""limit_px"":59164.798597829096,""price_through"":false},{""offset_bp"":120,""limit_px"":59045.273752176916,""price_through"":false}]"
2026-06-06 05:07:00,1780722420000,prev_completed_binance_index_close,60039.54065217,60044.4,60039.54065217,0.8093579293277919,60044.4,59762.0,59894.0,59781.93413043,59887.30804348,1,2000,0.033445161416994953,59799.38248956132,40,-2.917815938042745,14.703421717443543,"[{""offset_bp"":40,""limit_px"":59799.38248956132,""price_through"":true},{""offset_bp"":60,""limit_px"":59679.30340825698,""price_through"":false},{""offset_bp"":80,""limit_px"":59559.22432695264,""price_through"":false},{""offset_bp"":100,""limit_px"":59439.145245648295,""price_through"":false},{""offset_bp"":120,""limit_px"":59319.06616434396,""price_through"":false}]"
2026-06-06 10:30:00,1780741800000,prev_completed_binance_index_close,60530.09826087,60527.28,60530.09826087,-0.46559661242451256,60527.5,60239.0,60328.36,60265.56130435,60331.54,1,2000,0.03317410984300614,60287.97786782652,40,-3.7182476953645516,7.2256747885934836,"[{""offset_bp"":40,""limit_px"":60287.97786782652,""price_through"":true},{""offset_bp"":60,""limit_px"":60166.91767130478,""price_through"":false},{""offset_bp"":80,""limit_px"":60045.85747478304,""price_through"":false},{""offset_bp"":100,""limit_px"":59924.7972782613,""price_through"":false},{""offset_bp"":120,""limit_px"":59803.73708173956,""price_through"":false}]"
2026-06-07 22:16:00,1780870560000,prev_completed_binance_index_close,63714.47152174,63627.54,63714.47152174,-13.643921021982974,63621.16,63429.99,63440.98,63460.38,63463.285,1,2000,0.031516107417274834,63459.61363565304,40,0.12076410539796356,0.5785355656340307,"[{""offset_bp"":40,""limit_px"":63459.61363565304,""price_through"":true},{""offset_bp"":60,""limit_px"":63332.18469260956,""price_through"":false},{""offset_bp"":80,""limit_px"":63204.75574956608,""price_through"":false},{""offset_bp"":100,""limit_px"":63077.3268065226,""price_through"":false},{""offset_bp"":120,""limit_px"":62949.89786347912,""price_through"":false}]"
2026-06-08 12:01:00,1780920060000,prev_completed_binance_index_close,63579.1076087,63616.64,63579.1076087,5.903258587867111,63616.63,63292.0,63292.0,63323.765,63332.13347826,1,2000,0.03158320718926358,63324.791178265186,40,-0.16205000381241952,1.1594669099102006,"[{""offset_bp"":40,""limit_px"":63324.79117826519,""price_through"":true},{""offset_bp"":60,""limit_px"":63197.6329630478,""price_through"":false},{""offset_bp"":80,""limit_px"":63070.4747478304,""price_through"":false},{""offset_bp"":100,""limit_px"":62943.316532613,""price_through"":false},{""offset_bp"":120,""limit_px"":62816.158317395595,""price_through"":false}]"
2026-06-08 12:14:00,1780920840000,prev_completed_binance_index_close,62994.24934783,62995.99,62994.24934783,0.27631921770909784,62996.0,62718.3,62720.81,62777.46913043,62777.46913043,1,2000,0.03187643553662296,62742.27235043868,40,5.609739442449246,5.609739442449246,"[{""offset_bp"":40,""limit_px"":62742.27235043868,""price_through"":true},{""offset_bp"":60,""limit_px"":62616.28385174302,""price_through"":false},{""offset_bp"":80,""limit_px"":62490.29535304736,""price_through"":false},{""offset_bp"":100,""limit_px"":62364.3068543517,""price_through"":false},{""offset_bp"":120,""limit_px"":62238.31835565604,""price_through"":false}]"
2026-06-09 00:28:00,1780964880000,prev_completed_binance_index_close,62859.04847826,62854.0,62859.04847826,-0.8031426472754344,62853.99,62457.0,62761.29,62764.58695652,62769.02652174,2,4000,0.0639542700763609,62544.6900609456,60,35.1583636212971,35.8681865040511,"[{""offset_bp"":40,""limit_px"":62607.612284346964,""price_through"":true},{""offset_bp"":60,""limit_px"":62481.89418739044,""price_through"":true},{""offset_bp"":80,""limit_px"":62356.176090433924,""price_through"":false},{""offset_bp"":100,""limit_px"":62230.4579934774,""price_through"":false},{""offset_bp"":120,""limit_px"":62104.739896520885,""price_through"":false}]"
2026-06-09 16:38:00,1781023080000,prev_completed_binance_index_close,61284.94717391,61279.68,61284.94717391,-0.8594563841346492,61279.68,60892.75,60907.44,60927.59065217,60930.22282609,2,4000,0.06559693282779114,60978.46084512871,60,-8.34232157612358,-7.910665236570136,"[{""offset_bp"":40,""limit_px"":61039.80738521436,""price_through"":true},{""offset_bp"":60,""limit_px"":60917.23749086654,""price_through"":true},{""offset_bp"":80,""limit_px"":60794.66759651872,""price_through"":false},{""offset_bp"":100,""limit_px"":60672.0977021709,""price_through"":false},{""offset_bp"":120,""limit_px"":60549.52780782308,""price_through"":false}]"
2026-06-10 11:03:00,1781089380000,prev_completed_binance_index_close,61428.1126087,61429.99,61428.1126087,0.30562412228984925,61430.0,61172.0,61237.44,61210.58021739,61210.58021739,1,2000,0.03268913927577942,61182.400158265205,40,4.605909387651597,4.605909387651597,"[{""offset_bp"":40,""limit_px"":61182.4001582652,""price_through"":true},{""offset_bp"":60,""limit_px"":61059.543933047804,""price_through"":false},{""offset_bp"":80,""limit_px"":60936.6877078304,""price_through"":false},{""offset_bp"":100,""limit_px"":60813.831482613,""price_through"":false},{""offset_bp"":120,""limit_px"":60690.9752573956,""price_through"":false}]"
2026-06-10 21:50:00,1781128200000,prev_completed_binance_index_close,61492.26043478,61466.01,61492.26043478,-4.2689006054408285,61466.0,61220.3,61362.08,61279.42891304,61381.33173913,1,2000,0.03265503844412774,61246.29139304088,40,5.410534947571932,22.048738465241247,"[{""offset_bp"":40,""limit_px"":61246.29139304088,""price_through"":true},{""offset_bp"":60,""limit_px"":61123.30687217132,""price_through"":false},{""offset_bp"":80,""limit_px"":61000.32235130176,""price_through"":false},{""offset_bp"":100,""limit_px"":60877.3378304322,""price_through"":false},{""offset_bp"":120,""limit_px"":60754.35330956264,""price_through"":false}]"
2026-06-15 19:18:00,1781551080000,prev_completed_binance_index_close,66849.38630435,66846.0,66849.38630435,-0.5065572830520448,66846.0,66566.38,66576.0,66597.31565217,66597.31565217,1,2000,0.03003815351979365,66581.9887591326,40,2.301957830195267,2.301957830195267,"[{""offset_bp"":40,""limit_px"":66581.9887591326,""price_through"":true},{""offset_bp"":60,""limit_px"":66448.2899865239,""price_through"":false},{""offset_bp"":80,""limit_px"":66314.5912139152,""price_through"":false},{""offset_bp"":100,""limit_px"":66180.8924413065,""price_through"":false},{""offset_bp"":120,""limit_px"":66047.1936686978,""price_through"":false}]"
2026-06-17 14:47:00,1781707620000,prev_completed_binance_index_close,65167.72130435,65169.44,65167.72130435,0.2637341947209215,65169.43,64772.72,64834.01,64808.42,64858.6173913,2,4000,0.0616885857393537,64841.81720263096,60,-5.150565494886905,2.590949697869327,"[{""offset_bp"":40,""limit_px"":64907.0504191326,""price_through"":true},{""offset_bp"":60,""limit_px"":64776.7149765239,""price_through"":true},{""offset_bp"":80,""limit_px"":64646.3795339152,""price_through"":false},{""offset_bp"":100,""limit_px"":64516.0440913065,""price_through"":false},{""offset_bp"":120,""limit_px"":64385.7086486978,""price_through"":false}]"
2026-06-17 18:00:00,1781719200000,prev_completed_binance_index_close,66078.2373913,66104.08,66078.2373913,3.91091072041716,66107.99,65414.0,65459.37,65468.51152174,65481.61978261,4,8000,0.12192267732375249,65615.35700825257,100,-22.37974358565209,-20.382000760240658,"[{""offset_bp"":40,""limit_px"":65813.92444173481,""price_through"":true},{""offset_bp"":60,""limit_px"":65681.7679669522,""price_through"":true},{""offset_bp"":80,""limit_px"":65549.6114921696,""price_through"":true},{""offset_bp"":100,""limit_px"":65417.455017387,""price_through"":true},{""offset_bp"":120,""limit_px"":65285.2985426044,""price_through"":false}]"
2026-06-17 18:05:00,1781719500000,prev_completed_binance_index_close,65281.72695652,65248.3,65281.72695652,-5.12041547893749,65248.29,64800.0,64882.98,64870.13434783,64912.71891304,2,4000,0.0615808550193416,64955.252711961555,60,-13.104154102672183,-6.548169262025061,"[{""offset_bp"":40,""limit_px"":65020.600048693916,""price_through"":true},{""offset_bp"":60,""limit_px"":64890.036594780875,""price_through"":true},{""offset_bp"":80,""limit_px"":64759.473140867834,""price_through"":false},{""offset_bp"":100,""limit_px"":64628.909686954794,""price_through"":false},{""offset_bp"":120,""limit_px"":64498.34623304175,""price_through"":false}]"
2026-06-17 18:32:00,1781721120000,prev_completed_binance_index_close,65568.69891304,65586.74,65568.69891304,2.7514785650883944,65586.73,65272.74,65368.01,65312.0476087,65400.37673913,1,2000,0.030624858534667492,65306.42411738784,40,0.8610931295294222,14.386428749073588,"[{""offset_bp"":40,""limit_px"":65306.42411738784,""price_through"":true},{""offset_bp"":60,""limit_px"":65175.286719561765,""price_through"":false},{""offset_bp"":80,""limit_px"":65044.149321735684,""price_through"":false},{""offset_bp"":100,""limit_px"":64913.0119239096,""price_through"":false},{""offset_bp"":120,""limit_px"":64781.87452608352,""price_through"":false}]"
2026-06-17 18:58:00,1781722680000,prev_completed_binance_index_close,65612.97891304,65602.0,65612.97891304,-1.6732837346944418,65602.0,65350.0,65416.01,65387.6973913,65433.65369565,1,2000,0.030604190844244348,65350.52699738784,40,5.68784914521725,12.720126689336198,"[{""offset_bp"":40,""limit_px"":65350.52699738784,""price_through"":true},{""offset_bp"":60,""limit_px"":65219.30103956176,""price_through"":false},{""offset_bp"":80,""limit_px"":65088.07508173568,""price_through"":false},{""offset_bp"":100,""limit_px"":64956.849123909604,""price_through"":false},{""offset_bp"":120,""limit_px"":64825.62316608352,""price_through"":false}]"
2026-06-17 19:29:00,1781724540000,prev_completed_binance_index_close,64647.8926087,64651.99,64647.8926087,0.63380121681611,64652.0,64316.17,64470.0,64394.38565217,64477.73673913,1,2000,0.03106106088667498,64389.3010382652,40,0.789667510410208,13.734533445586283,"[{""offset_bp"":40,""limit_px"":64389.3010382652,""price_through"":true},{""offset_bp"":60,""limit_px"":64260.0052530478,""price_through"":false},{""offset_bp"":80,""limit_px"":64130.7094678304,""price_through"":false},{""offset_bp"":100,""limit_px"":64001.413682613,""price_through"":false},{""offset_bp"":120,""limit_px"":63872.1178973956,""price_through"":false}]"
2026-06-19 03:15:00,1781838900000,prev_completed_binance_index_close,62736.50891304,62734.87,62736.50891304,-0.261237526345548,62734.87,62475.51,62511.74,62530.29478261,62530.29478261,1,2000,0.03200739351463466,62485.56287738784,40,7.158758465524162,7.158758465524162,"[{""offset_bp"":40,""limit_px"":62485.56287738784,""price_through"":true},{""offset_bp"":60,""limit_px"":62360.08985956176,""price_through"":false},{""offset_bp"":80,""limit_px"":62234.61684173568,""price_through"":false},{""offset_bp"":100,""limit_px"":62109.1438239096,""price_through"":false},{""offset_bp"":120,""limit_px"":61983.67080608352,""price_through"":false}]"
2026-06-20 17:35:00,1781976900000,prev_completed_binance_index_close,64005.53043478,64000.72,64005.53043478,-0.7515654893130996,64000.72,63730.21,63803.99,63778.46304348,63806.57956522,1,2000,0.031372790989681584,63749.508313040875,40,4.541953531145282,8.952422330676946,"[{""offset_bp"":40,""limit_px"":63749.508313040875,""price_through"":true},{""offset_bp"":60,""limit_px"":63621.49725217132,""price_through"":false},{""offset_bp"":80,""limit_px"":63493.48619130176,""price_through"":false},{""offset_bp"":100,""limit_px"":63365.4751304322,""price_through"":false},{""offset_bp"":120,""limit_px"":63237.46406956264,""price_through"":false}]"
2026-06-22 03:01:00,1782097260000,prev_completed_binance_index_close,64197.46021739,64177.71,64197.46021739,-3.0764795559079516,64177.71,63894.98,63944.13,63934.10478261,63962.01282609,1,2000,0.03127899642313443,63940.67037652043,40,-1.0268259422008263,3.3378520187388183,"[{""offset_bp"":40,""limit_px"":63940.67037652044,""price_through"":true},{""offset_bp"":60,""limit_px"":63812.275456085656,""price_through"":false},{""offset_bp"":80,""limit_px"":63683.880535650875,""price_through"":false},{""offset_bp"":100,""limit_px"":63555.4856152161,""price_through"":false},{""offset_bp"":120,""limit_px"":63427.09069478132,""price_through"":false}]"
2026-06-23 06:21:00,1782195660000,prev_completed_binance_index_close,62876.855,62859.01,62876.855,-2.8380872421185366,62859.0,62607.97,62685.48,62660.99934783,62686.38217391,1,2000,0.03193595049424874,62625.34758,40,5.69286546225678,9.745988847731368,"[{""offset_bp"":40,""limit_px"":62625.34758,""price_through"":true},{""offset_bp"":60,""limit_px"":62499.593870000004,""price_through"":false},{""offset_bp"":80,""limit_px"":62373.84016,""price_through"":false},{""offset_bp"":100,""limit_px"":62248.08645,""price_through"":false},{""offset_bp"":120,""limit_px"":62122.332740000005,""price_through"":false}]"
2026-06-24 13:22:00,1782307320000,prev_completed_binance_index_close,62111.48913043,62093.92,62111.48913043,-2.8286442131686407,62093.92,61776.01,61776.01,61820.3276087,61820.3276087,1,2000,0.03232947972471441,61863.043173908285,40,-6.9048599966548,-6.9048599966548,"[{""offset_bp"":40,""limit_px"":61863.043173908285,""price_through"":true},{""offset_bp"":60,""limit_px"":61738.82019564742,""price_through"":false},{""offset_bp"":80,""limit_px"":61614.59721738657,""price_through"":false},{""offset_bp"":100,""limit_px"":61490.374239125704,""price_through"":false},{""offset_bp"":120,""limit_px"":61366.15126086484,""price_through"":false}]"
2026-06-24 16:51:00,1782319860000,prev_completed_binance_index_close,60079.42847826,60072.0,60079.42847826,-1.236442897036838,60072.0,59622.0,59660.52,59676.58978261,59688.00195652,2,4000,0.06691316254075877,59778.970954533535,60,-17.12661999508258,-15.217558375624218,"[{""offset_bp"":40,""limit_px"":59839.11076434696,""price_through"":true},{""offset_bp"":60,""limit_px"":59718.95190739044,""price_through"":true},{""offset_bp"":80,""limit_px"":59598.793050433924,""price_through"":false},{""offset_bp"":100,""limit_px"":59478.6341934774,""price_through"":false},{""offset_bp"":120,""limit_px"":59358.47533652088,""price_through"":false}]"
2026-06-25 13:45:00,1782395100000,prev_completed_binance_index_close,60110.40282609,60077.99,60110.40282609,-5.392215750704699,60078.0,59864.86,59864.87,59902.57217391,59902.57217391,1,2000,0.03340573401784792,59869.96121478564,40,5.446965132875903,5.446965132875903,"[{""offset_bp"":40,""limit_px"":59869.96121478564,""price_through"":true},{""offset_bp"":60,""limit_px"":59749.74040913346,""price_through"":false},{""offset_bp"":80,""limit_px"":59629.51960348128,""price_through"":false},{""offset_bp"":100,""limit_px"":59509.2987978291,""price_through"":false},{""offset_bp"":120,""limit_px"":59389.07799217692,""price_through"":false}]"
2026-06-25 13:46:00,1782395160000,prev_completed_binance_index_close,59902.57217391,59864.87,59902.57217391,-6.293915693725838,59864.87,59650.0,59669.12,59696.54065217,59696.54065217,1,2000,0.03352163447479866,59662.961885214354,40,5.628075760006901,5.628075760006901,"[{""offset_bp"":40,""limit_px"":59662.961885214354,""price_through"":true},{""offset_bp"":60,""limit_px"":59543.156740866536,""price_through"":false},{""offset_bp"":80,""limit_px"":59423.35159651872,""price_through"":false},{""offset_bp"":100,""limit_px"":59303.5464521709,""price_through"":false},{""offset_bp"":120,""limit_px"":59183.741307823075,""price_through"":false}]"
2026-06-25 13:48:00,1782395280000,prev_completed_binance_index_close,59769.68326087,59743.25,59769.68326087,-4.422519817384174,59743.25,59330.41,59376.01,59371.26043478,59384.70369565,2,4000,0.0672599275049795,59470.77477453221,60,-16.733318193599132,-14.47283631473173,"[{""offset_bp"":40,""limit_px"":59530.604527826516,""price_through"":true},{""offset_bp"":60,""limit_px"":59411.06516130478,""price_through"":true},{""offset_bp"":80,""limit_px"":59291.52579478304,""price_through"":false},{""offset_bp"":100,""limit_px"":59171.9864282613,""price_through"":false},{""offset_bp"":120,""limit_px"":59052.44706173956,""price_through"":false}]"
2026-06-25 13:51:00,1782395460000,prev_completed_binance_index_close,59458.97173913,59407.34,59458.97173913,-8.683590990529177,59407.33,59159.0,59234.76,59203.03152174,59234.92978261,1,2000,0.033771726449022474,59221.13585217347,40,-3.0570724747103206,2.329224226795823,"[{""offset_bp"":40,""limit_px"":59221.13585217348,""price_through"":true},{""offset_bp"":60,""limit_px"":59102.21790869522,""price_through"":false},{""offset_bp"":80,""limit_px"":58983.29996521696,""price_through"":false},{""offset_bp"":100,""limit_px"":58864.3820217387,""price_through"":false},{""offset_bp"":120,""limit_px"":58745.46407826044,""price_through"":false}]"
2026-06-25 13:53:00,1782395580000,prev_completed_binance_index_close,59214.3173913,59205.55,59214.3173913,-1.480620175363656,59205.55,58843.2,58861.78,58908.90086957,58908.90086957,2,4000,0.0678907524434682,58918.18629246672,60,-1.5759858680353123,-1.5759858680353123,"[{""offset_bp"":40,""limit_px"":58977.460121734795,""price_through"":true},{""offset_bp"":60,""limit_px"":58859.0314869522,""price_through"":true},{""offset_bp"":80,""limit_px"":58740.6028521696,""price_through"":false},{""offset_bp"":100,""limit_px"":58622.174217387,""price_through"":false},{""offset_bp"":120,""limit_px"":58503.745582604395,""price_through"":false}]"
2026-06-25 13:55:00,1782395700000,prev_completed_binance_index_close,58826.49413043,58808.0,58826.49413043,-3.1438437226938287,58807.99,58500.0,58576.82,58545.69217391,58600.925,1,2000,0.034134825782101696,58591.18815390828,40,-7.764986755136594,1.661827725039089,"[{""offset_bp"":40,""limit_px"":58591.18815390828,""price_through"":true},{""offset_bp"":60,""limit_px"":58473.53516564742,""price_through"":false},{""offset_bp"":80,""limit_px"":58355.882177386564,""price_through"":false},{""offset_bp"":100,""limit_px"":58238.2291891257,""price_through"":false},{""offset_bp"":120,""limit_px"":58120.57620086484,""price_through"":false}]"
2026-06-25 13:57:00,1782395820000,prev_completed_binance_index_close,58668.58391304,58630.01,58668.58391304,-6.574883944220344,58630.01,58326.82,58328.52,58408.21065217,58408.21065217,1,2000,0.034226701832285746,58433.90957738784,40,-4.397947254207724,-4.397947254207724,"[{""offset_bp"":40,""limit_px"":58433.909577387836,""price_through"":true},{""offset_bp"":60,""limit_px"":58316.572409561755,""price_through"":false},{""offset_bp"":80,""limit_px"":58199.235241735674,""price_through"":false},{""offset_bp"":100,""limit_px"":58081.8980739096,""price_through"":false},{""offset_bp"":120,""limit_px"":57964.56090608352,""price_through"":false}]"
2026-06-25 14:16:00,1782396960000,prev_completed_binance_index_close,59256.06304348,59233.19,59256.06304348,-3.8600342826033973,59233.19,58802.98,58851.1,58832.51130435,58851.54652174,2,4000,0.06784292368819528,58959.72317443039,60,-21.576062985241286,-18.347550983297545,"[{""offset_bp"":40,""limit_px"":59019.03879130608,""price_through"":true},{""offset_bp"":60,""limit_px"":58900.52666521911,""price_through"":true},{""offset_bp"":80,""limit_px"":58782.01453913216,""price_through"":false},{""offset_bp"":100,""limit_px"":58663.50241304519,""price_through"":false},{""offset_bp"":120,""limit_px"":58544.99028695824,""price_through"":false}]"
2026-06-25 16:11:00,1782403860000,prev_completed_binance_index_close,60018.22347826,60051.18,60018.22347826,5.491085845275023,60051.18,59774.94,59774.95,59792.45804348,59792.45804348,1,2000,0.03345704041442367,59778.15058434696,40,2.3934261922109457,2.3934261922109457,"[{""offset_bp"":40,""limit_px"":59778.15058434696,""price_through"":true},{""offset_bp"":60,""limit_px"":59658.11413739044,""price_through"":false},{""offset_bp"":80,""limit_px"":59538.07769043392,""price_through"":false},{""offset_bp"":100,""limit_px"":59418.0412434774,""price_through"":false},{""offset_bp"":120,""limit_px"":59298.00479652088,""price_through"":false}]"
2026-06-25 16:30:00,1782405000000,prev_completed_binance_index_close,59742.15586957,59742.98,59742.15586957,0.1379478892271635,59742.99,59477.93,59482.0,59498.05521739,59498.37478261,1,2000,0.03361164489775064,59503.18724609173,40,-0.8624796316381023,-0.8087740681561595,"[{""offset_bp"":40,""limit_px"":59503.18724609172,""price_through"":true},{""offset_bp"":60,""limit_px"":59383.70293435258,""price_through"":false},{""offset_bp"":80,""limit_px"":59264.21862261344,""price_through"":false},{""offset_bp"":100,""limit_px"":59144.7343108743,""price_through"":false},{""offset_bp"":120,""limit_px"":59025.24999913516,""price_through"":false}]"
2026-06-26 02:12:00,1782439920000,prev_completed_binance_index_close,59217.18478261,59191.68,59217.18478261,-4.306990057637572,59191.68,58917.07,58936.0,58966.2,58966.2,1,2000,0.033909618227980075,58980.31604347956,40,-2.3933482264071326,-2.3933482264071326,"[{""offset_bp"":40,""limit_px"":58980.31604347956,""price_through"":true},{""offset_bp"":60,""limit_px"":58861.88167391434,""price_through"":false},{""offset_bp"":80,""limit_px"":58743.447304349116,""price_through"":false},{""offset_bp"":100,""limit_px"":58625.012934783896,""price_through"":false},{""offset_bp"":120,""limit_px"":58506.578565218675,""price_through"":false}]"
2026-06-26 02:13:00,1782439980000,prev_completed_binance_index_close,58966.2,58936.0,58966.2,-5.121578124416271,58936.01,58608.2,58712.34,58739.55869565,58748.43934783,2,4000,0.06817642247799083,58671.30973748743,60,11.632424513434714,13.146052250694318,"[{""offset_bp"":40,""limit_px"":58730.335199999994,""price_through"":true},{""offset_bp"":60,""limit_px"":58612.402799999996,""price_through"":true},{""offset_bp"":80,""limit_px"":58494.4704,""price_through"":false},{""offset_bp"":100,""limit_px"":58376.53799999999,""price_through"":false},{""offset_bp"":120,""limit_px"":58258.605599999995,""price_through"":false}]"
2026-06-26 02:16:00,1782440160000,prev_completed_binance_index_close,58765.67956522,58762.38,58765.67956522,-0.561478271742244,58762.38,58456.19,58605.45,58484.82347826,58608.17978261,1,2000,0.034170150730333665,58530.616846959114,40,-7.823831554493177,13.251686011390706,"[{""offset_bp"":40,""limit_px"":58530.61684695912,""price_through"":true},{""offset_bp"":60,""limit_px"":58413.085487828685,""price_through"":false},{""offset_bp"":80,""limit_px"":58295.55412869824,""price_through"":false},{""offset_bp"":100,""limit_px"":58178.022769567804,""price_through"":false},{""offset_bp"":120,""limit_px"":58060.49141043736,""price_through"":false}]"
2026-06-26 02:32:00,1782441120000,prev_completed_binance_index_close,58992.8076087,58986.71,58992.8076087,-1.0336190032600445,58986.71,58750.0,58770.0,58774.32543478,58784.50326087,1,2000,0.03403859232863364,58756.8363782652,40,2.976514324599666,4.708708689944441,"[{""offset_bp"":40,""limit_px"":58756.8363782652,""price_through"":true},{""offset_bp"":60,""limit_px"":58638.8507630478,""price_through"":false},{""offset_bp"":80,""limit_px"":58520.8651478304,""price_through"":false},{""offset_bp"":100,""limit_px"":58402.879532613,""price_through"":false},{""offset_bp"":120,""limit_px"":58284.8939173956,""price_through"":false}]"
2026-06-26 13:19:00,1782479940000,prev_completed_binance_index_close,58841.45434783,58808.5,58841.45434783,-5.600532514915546,58808.5,58500.1,58764.7,58603.94173913,58760.2726087,1,2000,0.034126147131645634,58606.088530438676,40,-0.36630858030406444,26.30854270051497,"[{""offset_bp"":40,""limit_px"":58606.088530438676,""price_through"":true},{""offset_bp"":60,""limit_px"":58488.40562174302,""price_through"":false},{""offset_bp"":80,""limit_px"":58370.722713047355,""price_through"":false},{""offset_bp"":100,""limit_px"":58253.0398043517,""price_through"":false},{""offset_bp"":120,""limit_px"":58135.356895656034,""price_through"":false}]"
2026-06-26 15:51:00,1782489060000,prev_completed_binance_index_close,60400.42173913,60406.5,60400.42173913,1.0063275545091344,60406.5,60144.82,60161.99,60162.75173913,60190.25586957,1,2000,0.03324533290821654,60158.820052173476,40,0.6535512088023943,5.22547107294713,"[{""offset_bp"":40,""limit_px"":60158.820052173476,""price_through"":true},{""offset_bp"":60,""limit_px"":60038.019208695216,""price_through"":false},{""offset_bp"":80,""limit_px"":59917.218365216955,""price_through"":false},{""offset_bp"":100,""limit_px"":59796.417521738695,""price_through"":false},{""offset_bp"":120,""limit_px"":59675.616678260434,""price_through"":false}]"
2026-06-29 12:38:00,1782736680000,prev_completed_binance_index_close,60224.62173913,60191.12,60224.62173913,-5.5627977665206885,60191.13,59944.0,59945.96,59977.84913043,59977.84913043,1,2000,0.03334237842475927,59983.723252173484,40,-0.9792859504220708,-0.9792859504220708,"[{""offset_bp"":40,""limit_px"":59983.723252173484,""price_through"":true},{""offset_bp"":60,""limit_px"":59863.27400869522,""price_through"":false},{""offset_bp"":80,""limit_px"":59742.82476521696,""price_through"":false},{""offset_bp"":100,""limit_px"":59622.3755217387,""price_through"":false},{""offset_bp"":120,""limit_px"":59501.92627826044,""price_through"":false}]"
2026-07-01 01:12:00,1782868320000,prev_completed_binance_index_close,58133.58565217,58141.99,58133.58565217,1.4456957601560738,58141.99,57854.97,57881.98,57882.91717391,57882.91717391,1,2000,0.03454168715015605,57901.05130956131,40,-3.1319182020306258,-3.1319182020306258,"[{""offset_bp"":40,""limit_px"":57901.05130956131,""price_through"":true},{""offset_bp"":60,""limit_px"":57784.784138256975,""price_through"":false},{""offset_bp"":80,""limit_px"":57668.51696695264,""price_through"":false},{""offset_bp"":100,""limit_px"":57552.2497956483,""price_through"":false},{""offset_bp"":120,""limit_px"":57435.98262434395,""price_through"":false}]"
2026-07-01 22:25:00,1782944700000,prev_completed_binance_index_close,60967.40956522,60976.0,60967.40956522,1.409020793448068,60976.0,60680.59,60851.47,60887.90413043,60887.90413043,1,2000,0.032936156265028126,60723.539926959114,40,27.06762544946839,27.06762544946839,"[{""offset_bp"":40,""limit_px"":60723.539926959114,""price_through"":true},{""offset_bp"":60,""limit_px"":60601.60510782868,""price_through"":false},{""offset_bp"":80,""limit_px"":60479.67028869824,""price_through"":false},{""offset_bp"":100,""limit_px"":60357.7354695678,""price_through"":false},{""offset_bp"":120,""limit_px"":60235.800650437355,""price_through"":false}]"
2026-07-02 16:27:00,1783009620000,prev_completed_binance_index_close,61456.03478261,61459.99,61456.03478261,0.643584865829272,61460.0,61185.0,61214.34,61214.59152174,61225.97391304,1,2000,0.03267428716507857,61210.21064347956,40,0.7157103715860202,2.575267981392848,"[{""offset_bp"":40,""limit_px"":61210.21064347956,""price_through"":true},{""offset_bp"":60,""limit_px"":61087.29857391433,""price_through"":false},{""offset_bp"":80,""limit_px"":60964.38650434912,""price_through"":false},{""offset_bp"":100,""limit_px"":60841.47443478389,""price_through"":false},{""offset_bp"":120,""limit_px"":60718.56236521868,""price_through"":false}]"
2026-07-06 11:57:00,1783339020000,prev_completed_binance_index_close,62933.36586957,62930.0,62933.36586957,-0.5348306933039559,62930.0,62661.35,62661.36,62694.37934783,62694.37934783,1,2000,0.03190727368174971,62681.63240609171,40,2.033600793245327,2.033600793245327,"[{""offset_bp"":40,""limit_px"":62681.63240609172,""price_through"":true},{""offset_bp"":60,""limit_px"":62555.76567435258,""price_through"":false},{""offset_bp"":80,""limit_px"":62429.898942613436,""price_through"":false},{""offset_bp"":100,""limit_px"":62304.0322108743,""price_through"":false},{""offset_bp"":120,""limit_px"":62178.16547913516,""price_through"":false}]"
2026-07-06 12:00:00,1783339200000,prev_completed_binance_index_close,62519.31065217,62483.84,62519.31065217,-5.673551387562759,62483.84,62200.0,62298.47,62276.43695652,62329.28043478,1,2000,0.032118590361398344,62269.23340956132,40,1.1568388695759602,9.643129027097075,"[{""offset_bp"":40,""limit_px"":62269.233409561326,""price_through"":true},{""offset_bp"":60,""limit_px"":62144.19478825698,""price_through"":false},{""offset_bp"":80,""limit_px"":62019.15616695264,""price_through"":false},{""offset_bp"":100,""limit_px"":61894.1175456483,""price_through"":false},{""offset_bp"":120,""limit_px"":61769.078924343965,""price_through"":false}]"
2026-07-07 14:35:00,1783434900000,prev_completed_binance_index_close,63193.03608696,63185.67,63193.03608696,-1.1656485296673846,63185.67,62825.39,62840.0,62869.36108696,62869.36108696,1,2000,0.03177616162880355,62940.26394261216,40,-11.265103005733135,-11.265103005733135,"[{""offset_bp"":40,""limit_px"":62940.26394261216,""price_through"":true},{""offset_bp"":60,""limit_px"":62813.877870438235,""price_through"":false},{""offset_bp"":80,""limit_px"":62687.49179826432,""price_through"":false},{""offset_bp"":100,""limit_px"":62561.1057260904,""price_through"":false},{""offset_bp"":120,""limit_px"":62434.71965391648,""price_through"":false}]"
2026-07-08 01:36:00,1783474560000,prev_completed_binance_index_close,63335.78130435,63330.03,63335.78130435,-0.9080655881332778,63330.04,63034.0,63077.52,63044.76630435,63062.27326087,1,2000,0.031704545000633653,63082.4381791326,40,-5.971848246516531,-3.196597792453071,"[{""offset_bp"":40,""limit_px"":63082.4381791326,""price_through"":true},{""offset_bp"":60,""limit_px"":62955.7666165239,""price_through"":false},{""offset_bp"":80,""limit_px"":62829.095053915196,""price_through"":false},{""offset_bp"":100,""limit_px"":62702.4234913065,""price_through"":false},{""offset_bp"":120,""limit_px"":62575.7519286978,""price_through"":false}]"
2026-07-10 12:14:00,1783685640000,prev_completed_binance_index_close,64580.6073913,64584.95,64580.6073913,0.6724323098539209,64584.95,63999.0,64542.48,64508.30869565,64539.2923913,3,6000,0.09346820724069158,64192.95049223847,80,49.12660985253447,53.95326066269579,"[{""offset_bp"":40,""limit_px"":64322.2849617348,""price_through"":true},{""offset_bp"":60,""limit_px"":64193.1237469522,""price_through"":true},{""offset_bp"":80,""limit_px"":64063.9625321696,""price_through"":true},{""offset_bp"":100,""limit_px"":63934.801317387,""price_through"":false},{""offset_bp"":120,""limit_px"":63805.6401026044,""price_through"":false}]"
2026-07-10 14:32:00,1783693920000,prev_completed_binance_index_close,64225.45108696,64237.02,64225.45108696,1.801297280783487,64237.01,63889.84,63898.0,64001.51543478,64001.51543478,1,2000,0.03126536434590736,63968.549282612155,40,5.153493793050856,5.153493793050856,"[{""offset_bp"":40,""limit_px"":63968.549282612155,""price_through"":true},{""offset_bp"":60,""limit_px"":63840.09838043824,""price_through"":false},{""offset_bp"":80,""limit_px"":63711.64747826432,""price_through"":false},{""offset_bp"":100,""limit_px"":63583.1965760904,""price_through"":false},{""offset_bp"":120,""limit_px"":63454.74567391648,""price_through"":false}]"
2026-07-11 15:37:00,1783784220000,prev_completed_binance_index_close,64418.45456522,64410.72,64418.45456522,-1.2006753766768963,64410.72,63896.18,64184.0,63994.8673913,64182.12673913,3,6000,0.09370348351447061,64031.771018133186,80,-5.76333064764567,23.481424706217613,"[{""offset_bp"":40,""limit_px"":64160.78074695912,""price_through"":true},{""offset_bp"":60,""limit_px"":64031.94383782868,""price_through"":true},{""offset_bp"":80,""limit_px"":63903.106928698246,""price_through"":true},{""offset_bp"":100,""limit_px"":63774.270019567804,""price_through"":false},{""offset_bp"":120,""limit_px"":63645.43311043736,""price_through"":false}]"
2026-07-13 14:16:00,1783952160000,prev_completed_binance_index_close,62407.13913043,62404.01,62407.13913043,-0.5014058445229619,62404.0,62101.0,62197.99,62113.78695652,62146.79608696,1,2000,0.032176320794281225,62157.51057390828,40,-7.034325696858579,-1.72376384596995,"[{""offset_bp"":40,""limit_px"":62157.51057390828,""price_through"":true},{""offset_bp"":60,""limit_px"":62032.696295647416,""price_through"":false},{""offset_bp"":80,""limit_px"":61907.88201738656,""price_through"":false},{""offset_bp"":100,""limit_px"":61783.0677391257,""price_through"":false},{""offset_bp"":120,""limit_px"":61658.253460864835,""price_through"":false}]"
2026-07-14 17:11:00,1784049060000,prev_completed_binance_index_close,64592.94652174,64592.05,64592.94652174,-0.1387956097798071,64592.06,64231.77,64424.78,64330.27913043,64431.35282609,1,2000,0.031087483024763614,64334.57473565304,40,-0.6676977722619437,15.042936218139236,"[{""offset_bp"":40,""limit_px"":64334.57473565304,""price_through"":true},{""offset_bp"":60,""limit_px"":64205.38884260956,""price_through"":false},{""offset_bp"":80,""limit_px"":64076.202949566075,""price_through"":false},{""offset_bp"":100,""limit_px"":63947.0170565226,""price_through"":false},{""offset_bp"":120,""limit_px"":63817.83116347912,""price_through"":false}]"
2026-07-20 08:36:00,1784536560000,prev_completed_binance_index_close,64207.9323913,64209.35,64207.9323913,0.22078404446457256,64209.31,63777.59,64072.02,64083.95326087,64084.38673913,2,4000,0.06261071511572947,63886.82819875818,60,30.855352765135624,30.92320372474866,"[{""offset_bp"":40,""limit_px"":63951.100661734796,""price_through"":true},{""offset_bp"":60,""limit_px"":63822.6847969522,""price_through"":true},{""offset_bp"":80,""limit_px"":63694.268932169594,""price_through"":false},{""offset_bp"":100,""limit_px"":63565.853067387,""price_through"":false},{""offset_bp"":120,""limit_px"":63437.43720260439,""price_through"":false}]"
2026-07-20 08:37:00,1784536620000,prev_completed_binance_index_close,64084.38673913,64072.02,64084.38673913,-1.9297585198629896,64072.03,63100.0,63886.27,63883.23934783,63883.23934783,5,10000,0.1573039491599315,63571.194832705456,120,49.08583454278581,49.08583454278581,"[{""offset_bp"":40,""limit_px"":63828.04919217348,""price_through"":true},{""offset_bp"":60,""limit_px"":63699.88041869522,""price_through"":true},{""offset_bp"":80,""limit_px"":63571.71164521696,""price_through"":true},{""offset_bp"":100,""limit_px"":63443.542871738704,""price_through"":true},{""offset_bp"":120,""limit_px"":63315.37409826044,""price_through"":true}]"
2026-07-21 17:46:00,1784655960000,prev_completed_binance_index_close,66491.74413043,66488.56,66491.74413043,-0.4788760577190132,66488.56,66052.63,66094.67,66237.58804348,66237.58804348,2,4000,0.06046020623606861,66159.21858390435,60,11.84558422138382,11.84558422138382,"[{""offset_bp"":40,""limit_px"":66225.77715390828,""price_through"":true},{""offset_bp"":60,""limit_px"":66092.79366564742,""price_through"":true},{""offset_bp"":80,""limit_px"":65959.81017738656,""price_through"":false},{""offset_bp"":100,""limit_px"":65826.8266891257,""price_through"":false},{""offset_bp"":120,""limit_px"":65693.84320086484,""price_through"":false}]"
2026-07-23 07:11:00,1784790660000,prev_completed_binance_index_close,65656.69347826,65644.0,65656.69347826,-1.933310617325823,65644.0,65379.0,65412.04,65392.85608696,65410.83434783,1,2000,0.030583814416102882,65394.06670434696,40,-0.18512648745860893,2.564092482404412,"[{""offset_bp"":40,""limit_px"":65394.06670434696,""price_through"":true},{""offset_bp"":60,""limit_px"":65262.75331739044,""price_through"":false},{""offset_bp"":80,""limit_px"":65131.43993043392,""price_through"":false},{""offset_bp"":100,""limit_px"":65000.126543477396,""price_through"":false},{""offset_bp"":120,""limit_px"":64868.81315652088,""price_through"":false}]"
2026-07-27 14:30:00,1785162600000,prev_completed_binance_index_close,64882.4076087,64870.69,64882.4076087,-1.8059762471611673,64870.69,64599.39,64600.84,64666.07826087,64666.07826087,1,2000,0.03094879186087419,64622.8779782652,40,6.684982773335069,6.684982773335069,"[{""offset_bp"":40,""limit_px"":64622.8779782652,""price_through"":true},{""offset_bp"":60,""limit_px"":64493.1131630478,""price_through"":false},{""offset_bp"":80,""limit_px"":64363.3483478304,""price_through"":false},{""offset_bp"":100,""limit_px"":64233.583532612996,""price_through"":false},{""offset_bp"":120,""limit_px"":64103.818717395596,""price_through"":false}]"
2026-07-27 22:40:00,1785192000000,prev_completed_binance_index_close,64531.45586957,64534.0,64531.45586957,0.39424655708053535,64533.99,64150.0,64229.91,64172.55891304,64200.10152174,1,2000,0.0311171056263268,64273.33004609172,40,-15.67852995627561,-11.393298635563598,"[{""offset_bp"":40,""limit_px"":64273.33004609172,""price_through"":true},{""offset_bp"":60,""limit_px"":64144.26713435258,""price_through"":false},{""offset_bp"":80,""limit_px"":64015.20422261344,""price_through"":false},{""offset_bp"":100,""limit_px"":63886.1413108743,""price_through"":false},{""offset_bp"":120,""limit_px"":63757.07839913516,""price_through"":false}]"
2026-07-29 18:32:00,1785349920000,prev_completed_binance_index_close,64019.83326087,64006.71,64019.83326087,-2.0498742657648616,64006.7,63758.0,63889.99,63781.97608696,63882.54282609,1,2000,0.03136578191841995,63763.753927826525,40,2.857761347316856,18.62953338630735,"[{""offset_bp"":40,""limit_px"":63763.75392782652,""price_through"":true},{""offset_bp"":60,""limit_px"":63635.714261304776,""price_through"":false},{""offset_bp"":80,""limit_px"":63507.67459478304,""price_through"":false},{""offset_bp"":100,""limit_px"":63379.6349282613,""price_through"":false},{""offset_bp"":120,""limit_px"":63251.59526173956,""price_through"":false}]"
2026-07-31 14:06:00,1785506760000,prev_completed_binance_index_close,62939.23521739,62918.75,62939.23521739,-3.25476109127254,62918.76,62607.06,62653.91,62657.08826087,62657.08826087,1,2000,0.031904298194574195,62687.478276520436,40,-4.8478606072466235,-4.8478606072466235,"[{""offset_bp"":40,""limit_px"":62687.478276520436,""price_through"":true},{""offset_bp"":60,""limit_px"":62561.59980608566,""price_through"":false},{""offset_bp"":80,""limit_px"":62435.72133565088,""price_through"":false},{""offset_bp"":100,""limit_px"":62309.8428652161,""price_through"":false},{""offset_bp"":120,""limit_px"":62183.96439478132,""price_through"":false}]"
2026-08-12 12:30:00,1786537800000,prev_completed_binance_index_close,64405.01217391,64412.0,64405.01217391,1.084981720231859,64412.0,64132.44,64190.02,64178.29956522,64203.94130435,1,2000,0.031178196552340616,64147.39212521436,40,4.818191197126787,8.815507109822818,"[{""offset_bp"":40,""limit_px"":64147.39212521436,""price_through"":true},{""offset_bp"":60,""limit_px"":64018.58210086654,""price_through"":false},{""offset_bp"":80,""limit_px"":63889.77207651872,""price_through"":false},{""offset_bp"":100,""limit_px"":63760.9620521709,""price_through"":false},{""offset_bp"":120,""limit_px"":63632.15202782308,""price_through"":false}]"
2026-08-19 15:28:00,1787153280000,prev_completed_binance_index_close,68979.07696957,69052.48,68979.07696957,10.641347152611225,69023.16,68487.24,68709.65,68627.8276087,68745.43869565,2,4000,0.05828005737007998,68634.11225901665,60,-0.915674452512949,16.22027778449553,"[{""offset_bp"":40,""limit_px"":68703.16066169173,""price_through"":true},{""offset_bp"":60,""limit_px"":68565.20250775258,""price_through"":true},{""offset_bp"":80,""limit_px"":68427.24435381344,""price_through"":false},{""offset_bp"":100,""limit_px"":68289.2861998743,""price_through"":false},{""offset_bp"":120,""limit_px"":68151.32804593517,""price_through"":false}]"
2026-08-19 15:29:00,1787153340000,prev_completed_binance_index_close,68745.43869565,68709.65,68745.43869565,-5.205973854999213,68709.66,68062.66,68291.89,68174.00891304,68253.09847826,3,6000,0.08780558695833475,68332.78163549094,80,-23.235220146295976,-11.661043985594644,"[{""offset_bp"":40,""limit_px"":68470.4569408674,""price_through"":true},{""offset_bp"":60,""limit_px"":68332.9660634761,""price_through"":true},{""offset_bp"":80,""limit_px"":68195.47518608479,""price_through"":true},{""offset_bp"":100,""limit_px"":68057.9843086935,""price_through"":false},{""offset_bp"":120,""limit_px"":67920.4934313022,""price_through"":false}]"
2026-08-19 15:30:00,1787153400000,prev_completed_binance_index_close,68253.09847826,68291.89,68253.09847826,5.683481425000636,68292.16,67800.0,67833.63,67841.77956522,67841.77956522,2,4000,0.05889995696535575,67911.76438978982,60,-10.305257888476582,-10.305257888476582,"[{""offset_bp"":40,""limit_px"":67980.08608434696,""price_through"":true},{""offset_bp"":60,""limit_px"":67843.57988739044,""price_through"":true},{""offset_bp"":80,""limit_px"":67707.07369043391,""price_through"":false},{""offset_bp"":100,""limit_px"":67570.5674934774,""price_through"":false},{""offset_bp"":120,""limit_px"":67434.06129652087,""price_through"":false}]"
2026-08-19 19:14:00,1787166840000,prev_completed_binance_index_close,68426.29065217,68428.29,68426.29065217,0.2921900063457272,68428.29,68103.71,68122.01,68137.07717391,68142.0176087,1,2000,0.02934591528161954,68152.58548956133,40,-2.2755285863229613,-1.5506206823145963,"[{""offset_bp"":40,""limit_px"":68152.58548956133,""price_through"":true},{""offset_bp"":60,""limit_px"":68015.73290825699,""price_through"":false},{""offset_bp"":80,""limit_px"":67878.88032695264,""price_through"":false},{""offset_bp"":100,""limit_px"":67742.0277456483,""price_through"":false},{""offset_bp"":120,""limit_px"":67605.17516434396,""price_through"":false}]"
2026-08-19 21:48:00,1787176080000,prev_completed_binance_index_close,69838.95086957,69806.02,69838.95086957,-4.715258342226081,69806.02,69500.0,69704.17,69539.83565217,69692.31326087,1,2000,0.028752323789402585,69559.59506609173,40,-2.8406453348317484,19.079782545048385,"[{""offset_bp"":40,""limit_px"":69559.59506609173,""price_through"":true},{""offset_bp"":60,""limit_px"":69419.91716435259,""price_through"":false},{""offset_bp"":80,""limit_px"":69280.23926261344,""price_through"":false},{""offset_bp"":100,""limit_px"":69140.5613608743,""price_through"":false},{""offset_bp"":120,""limit_px"":69000.88345913516,""price_through"":false}]"
2026-08-20 13:30:00,1787232600000,prev_completed_binance_index_close,71962.97891304,71964.87,71962.97891304,0.2627860864801157,71964.87,71642.63,71690.97,71647.81543478,71671.58521739,1,2000,0.02790368268301623,71675.12699738784,40,-3.8104658829318794,-0.49414352596310884,"[{""offset_bp"":40,""limit_px"":71675.12699738784,""price_through"":true},{""offset_bp"":60,""limit_px"":71531.20103956177,""price_through"":false},{""offset_bp"":80,""limit_px"":71387.27508173569,""price_through"":false},{""offset_bp"":100,""limit_px"":71243.3491239096,""price_through"":false},{""offset_bp"":120,""limit_px"":71099.42316608352,""price_through"":false}]"
2026-08-20 13:36:00,1787232960000,prev_completed_binance_index_close,71583.90391304,71596.89,71583.90391304,1.8141071176791534,71596.89,71251.31,71274.0,71262.40152174,71263.68065217,1,2000,0.028051447584549315,71297.56829738784,40,-4.932394819014974,-4.752987517959717,"[{""offset_bp"":40,""limit_px"":71297.56829738784,""price_through"":true},{""offset_bp"":60,""limit_px"":71154.40048956177,""price_through"":false},{""offset_bp"":80,""limit_px"":71011.23268173568,""price_through"":false},{""offset_bp"":100,""limit_px"":70868.0648739096,""price_through"":false},{""offset_bp"":120,""limit_px"":70724.89706608352,""price_through"":false}]"
2026-08-21 02:33:00,1787279580000,prev_completed_binance_index_close,75015.92608696,75007.15,75015.92608696,-1.1698965030215724,75007.14,74574.81,74690.76,74602.42717391,74693.42652174,1,2000,0.0267680775704389,74715.86238261216,40,-15.182212328792577,-3.0028243209290206,"[{""offset_bp"":40,""limit_px"":74715.86238261216,""price_through"":true},{""offset_bp"":60,""limit_px"":74565.83053043824,""price_through"":false},{""offset_bp"":80,""limit_px"":74415.79867826431,""price_through"":false},{""offset_bp"":100,""limit_px"":74265.7668260904,""price_through"":false},{""offset_bp"":120,""limit_px"":74115.73497391648,""price_through"":false}]"
2026-08-21 09:00:00,1787302800000,prev_completed_binance_index_close,79262.46173913,79258.03,79262.46173913,-0.559122065194595,79258.02,78563.49,78733.7,78625.04586957,78764.83478261,3,6000,0.07615501036602074,78786.67432598911,80,-20.514694623401386,-2.771984420707474,"[{""offset_bp"":40,""limit_px"":78945.41189217348,""price_through"":true},{""offset_bp"":60,""limit_px"":78786.88696869522,""price_through"":true},{""offset_bp"":80,""limit_px"":78628.36204521696,""price_through"":true},{""offset_bp"":100,""limit_px"":78469.8371217387,""price_through"":false},{""offset_bp"":120,""limit_px"":78311.31219826044,""price_through"":false}]"
2026-08-21 09:01:00,1787302860000,prev_completed_binance_index_close,78764.83478261,78733.7,78764.83478261,-3.9528785524578502,78735.0,78220.0,78358.32,78315.28086957,78410.53217391,2,4000,0.05103933213618923,78370.93144805898,60,-7.100920897676888,5.052986498861323,"[{""offset_bp"":40,""limit_px"":78449.77544347956,""price_through"":true},{""offset_bp"":60,""limit_px"":78292.24577391434,""price_through"":true},{""offset_bp"":80,""limit_px"":78134.71610434912,""price_through"":false},{""offset_bp"":100,""limit_px"":77977.1864347839,""price_through"":false},{""offset_bp"":120,""limit_px"":77819.6567652187,""price_through"":false}]"
2026-08-21 09:03:00,1787302980000,prev_completed_binance_index_close,78364.83434783,78354.9,78364.83434783,-1.2677048210052444,78354.9,77559.64,77914.02,77680.43347826,77885.33043478,4,8000,0.10280677146361986,77815.88591983898,100,-17.406785256999235,8.924207971179321,"[{""offset_bp"":40,""limit_px"":78051.37501043867,""price_through"":true},{""offset_bp"":60,""limit_px"":77894.64534174302,""price_through"":true},{""offset_bp"":80,""limit_px"":77737.91567304735,""price_through"":true},{""offset_bp"":100,""limit_px"":77581.1860043517,""price_through"":true},{""offset_bp"":120,""limit_px"":77424.45633565604,""price_through"":false}]"
2026-08-21 09:07:00,1787303220000,prev_completed_binance_index_close,77702.23065217,77701.44,77702.23065217,-0.10175411482515884,77701.44,77251.0,77642.74,77286.88608696,77637.29630435,1,2000,0.025842657432872264,77391.42172956132,40,-13.50739400635459,31.77026203858624,"[{""offset_bp"":40,""limit_px"":77391.42172956132,""price_through"":true},{""offset_bp"":60,""limit_px"":77236.01726825697,""price_through"":false},{""offset_bp"":80,""limit_px"":77080.61280695263,""price_through"":false},{""offset_bp"":100,""limit_px"":76925.2083456483,""price_through"":false},{""offset_bp"":120,""limit_px"":76769.80388434396,""price_through"":false}]"
2026-08-21 09:15:00,1787303700000,prev_completed_binance_index_close,77920.85021739,77883.87,77920.85021739,-4.7458693388025,77883.88,77465.26,77596.38,77529.68347826,77655.85217391,1,2000,0.02577015167200926,77609.16681652045,40,-10.241488411846245,6.015443703952794,"[{""offset_bp"":40,""limit_px"":77609.16681652045,""price_through"":true},{""offset_bp"":60,""limit_px"":77453.32511608566,""price_through"":false},{""offset_bp"":80,""limit_px"":77297.48341565089,""price_through"":false},{""offset_bp"":100,""limit_px"":77141.6417152161,""price_through"":false},{""offset_bp"":120,""limit_px"":76985.80001478133,""price_through"":false}]"
2026-08-21 09:57:00,1787306220000,prev_completed_binance_index_close,78031.01326087,78061.41,78031.01326087,3.8954689756987015,78061.42,77577.01,77710.01,77651.24108696,77735.7476087,1,2000,0.02573376974871373,77718.88920782652,40,-8.704205831561174,2.1691510320476226,"[{""offset_bp"":40,""limit_px"":77718.88920782652,""price_through"":true},{""offset_bp"":60,""limit_px"":77562.82718130478,""price_through"":false},{""offset_bp"":80,""limit_px"":77406.76515478303,""price_through"":false},{""offset_bp"":100,""limit_px"":77250.70312826129,""price_through"":false},{""offset_bp"":120,""limit_px"":77094.64110173956,""price_through"":false}]"
2026-08-21 11:12:00,1787310720000,prev_completed_binance_index_close,77772.11891304,77770.68,77772.11891304,-0.18501656636304986,77770.68,77360.01,77449.99,77402.0923913,77471.95108696,1,2000,0.02581943447830339,77461.03043738785,40,-7.60873509622173,1.4098249804450624,"[{""offset_bp"":40,""limit_px"":77461.03043738785,""price_through"":true},{""offset_bp"":60,""limit_px"":77305.48619956177,""price_through"":false},{""offset_bp"":80,""limit_px"":77149.94196173568,""price_through"":false},{""offset_bp"":100,""limit_px"":76994.3977239096,""price_through"":false},{""offset_bp"":120,""limit_px"":76838.85348608352,""price_through"":false}]"
2026-08-21 11:32:00,1787311920000,prev_completed_binance_index_close,77185.59152174,77153.88,77185.59152174,-4.108476869166822,77153.89,76718.86,76851.39,76776.05891304,76864.72630435,2,4000,0.052083614102891265,76799.5859906725,60,-3.063438080948,8.48185740030205,"[{""offset_bp"":40,""limit_px"":76876.84915565305,""price_through"":true},{""offset_bp"":60,""limit_px"":76722.47797260956,""price_through"":true},{""offset_bp"":80,""limit_px"":76568.10678956608,""price_through"":false},{""offset_bp"":100,""limit_px"":76413.7356065226,""price_through"":false},{""offset_bp"":120,""limit_px"":76259.36442347913,""price_through"":false}]"
2026-08-21 11:34:00,1787312040000,prev_completed_binance_index_close,76770.32065217,76766.92,76770.32065217,-0.4429644348380446,76766.91,76411.38,76491.54,76470.87152174,76503.815,1,2000,0.026156359794457844,76463.23936956133,40,0.998146591957294,5.306553943205117,"[{""offset_bp"":40,""limit_px"":76463.23936956133,""price_through"":true},{""offset_bp"":60,""limit_px"":76309.69872825699,""price_through"":false},{""offset_bp"":80,""limit_px"":76156.15808695265,""price_through"":false},{""offset_bp"":100,""limit_px"":76002.6174456483,""price_through"":false},{""offset_bp"":120,""limit_px"":75849.07680434396,""price_through"":false}]"
2026-08-21 11:58:00,1787313480000,prev_completed_binance_index_close,76896.11413043,76886.14,76896.11413043,-1.297091607656009,76886.15,76516.57,76734.01,76713.66869565,76747.52217391,1,2000,0.02611357090305062,76588.52967390827,40,16.33913358495498,20.75930960924177,"[{""offset_bp"":40,""limit_px"":76588.52967390827,""price_through"":true},{""offset_bp"":60,""limit_px"":76434.73744564742,""price_through"":false},{""offset_bp"":80,""limit_px"":76280.94521738656,""price_through"":false},{""offset_bp"":100,""limit_px"":76127.1529891257,""price_through"":false},{""offset_bp"":120,""limit_px"":75973.36076086483,""price_through"":false}]"
2026-08-21 13:30:00,1787319000000,prev_completed_binance_index_close,77091.05565217,77083.93,77091.05565217,-0.9243163308292335,77083.94,76763.83,76925.99,76827.14434783,76926.29847826,1,2000,0.026047537052471703,76782.69142956132,40,5.789445178470132,18.7030496098739,"[{""offset_bp"":40,""limit_px"":76782.69142956132,""price_through"":true},{""offset_bp"":60,""limit_px"":76628.50931825698,""price_through"":false},{""offset_bp"":80,""limit_px"":76474.32720695264,""price_through"":false},{""offset_bp"":100,""limit_px"":76320.1450956483,""price_through"":false},{""offset_bp"":120,""limit_px"":76165.96298434396,""price_through"":false}]"
2026-08-21 13:35:00,1787319300000,prev_completed_binance_index_close,76610.92413043,76608.01,76610.92413043,-0.3803805349011924,76608.01,76255.61,76255.61,76369.7176087,76373.02369565,1,2000,0.026210780659627394,76304.48043390828,40,8.549586396597864,8.982861996038594,"[{""offset_bp"":40,""limit_px"":76304.48043390828,""price_through"":true},{""offset_bp"":60,""limit_px"":76151.25858564742,""price_through"":false},{""offset_bp"":80,""limit_px"":75998.03673738656,""price_through"":false},{""offset_bp"":100,""limit_px"":75844.8148891257,""price_through"":false},{""offset_bp"":120,""limit_px"":75691.59304086483,""price_through"":false}]"
2026-08-22 05:09:00,1787375340000,prev_completed_binance_index_close,78160.36021739,78137.81,78160.36021739,-2.8851219885994706,78137.8,77797.39,77802.0,77855.02956522,77855.02956522,1,2000,0.0256911831384739,77847.71877652044,40,0.9391140568348888,0.9391140568348888,"[{""offset_bp"":40,""limit_px"":77847.71877652044,""price_through"":true},{""offset_bp"":60,""limit_px"":77691.39805608566,""price_through"":false},{""offset_bp"":80,""limit_px"":77535.07733565087,""price_through"":false},{""offset_bp"":100,""limit_px"":77378.7566152161,""price_through"":false},{""offset_bp"":120,""limit_px"":77222.43589478132,""price_through"":false}]"
2026-08-22 05:10:00,1787375400000,prev_completed_binance_index_close,77855.02956522,77802.0,77855.02956522,-6.811321698307893,77802.0,76618.7,76742.11,77145.16926957,77179.3874,5,10000,0.12948074350306119,77231.56146198357,120,-11.186125306568151,-6.755536337206269,"[{""offset_bp"":40,""limit_px"":77543.60944695912,""price_through"":true},{""offset_bp"":60,""limit_px"":77387.89938782869,""price_through"":true},{""offset_bp"":80,""limit_px"":77232.18932869824,""price_through"":true},{""offset_bp"":100,""limit_px"":77076.4792695678,""price_through"":true},{""offset_bp"":120,""limit_px"":76920.76921043736,""price_through"":true}]"
2026-08-22 05:11:00,1787375460000,prev_completed_binance_index_close,77179.3874,76742.11,77179.3874,-56.657277899048175,76742.12,76500.0,77086.81,76675.63489565,76913.75717391,3,6000,0.07821043673352304,76716.10402129672,80,-5.275179985089196,25.764232312737168,"[{""offset_bp"":40,""limit_px"":76870.66985040001,""price_through"":true},{""offset_bp"":60,""limit_px"":76716.31107560001,""price_through"":true},{""offset_bp"":80,""limit_px"":76561.95230080001,""price_through"":true},{""offset_bp"":100,""limit_px"":76407.59352600001,""price_through"":false},{""offset_bp"":120,""limit_px"":76253.23475120001,""price_through"":false}]"
2026-08-22 05:16:00,1787375760000,prev_completed_binance_index_close,77472.94217391,77466.8,77472.94217391,-0.7928153672309701,77466.8,76724.68,77047.04,76848.47673913,77018.68782609,3,6000,0.07791408749947468,77007.89667902424,80,-20.70176524346823,1.401303961168221,"[{""offset_bp"":40,""limit_px"":77163.05040521437,""price_through"":true},{""offset_bp"":60,""limit_px"":77008.10452086655,""price_through"":true},{""offset_bp"":80,""limit_px"":76853.15863651872,""price_through"":true},{""offset_bp"":100,""limit_px"":76698.2127521709,""price_through"":false},{""offset_bp"":120,""limit_px"":76543.26686782308,""price_through"":false}]"
2026-08-23 05:14:00,1787462040000,prev_completed_binance_index_close,76315.12391304,76294.01,76315.12391304,-2.7666748027654897,76294.0,75810.01,75889.21,75922.31152174,75931.80086957,2,4000,0.05267769161591815,75933.47159485781,60,-1.4697172252764457,-0.2200248787154191,"[{""offset_bp"":40,""limit_px"":76009.86341738785,""price_through"":true},{""offset_bp"":60,""limit_px"":75857.23316956176,""price_through"":true},{""offset_bp"":80,""limit_px"":75704.60292173568,""price_through"":false},{""offset_bp"":100,""limit_px"":75551.97267390961,""price_through"":false},{""offset_bp"":120,""limit_px"":75399.34242608353,""price_through"":false}]"
2026-08-23 05:17:00,1787462220000,prev_completed_binance_index_close,75874.20065217,75845.06,75874.20065217,-3.840653597602106,75845.06,75545.67,75736.11,75629.91913043,75791.45434783,1,2000,0.026465282154595284,75570.70384956131,40,7.835745580269116,29.211121112242555,"[{""offset_bp"":40,""limit_px"":75570.70384956131,""price_through"":true},{""offset_bp"":60,""limit_px"":75418.95544825698,""price_through"":false},{""offset_bp"":80,""limit_px"":75267.20704695264,""price_through"":false},{""offset_bp"":100,""limit_px"":75115.4586456483,""price_through"":false},{""offset_bp"":120,""limit_px"":74963.71024434395,""price_through"":false}]"
2026-08-23 14:42:00,1787496120000,prev_completed_binance_index_close,77421.12152174,77410.0,77421.12152174,-1.436497111046986,77410.01,76818.0,76870.02,76939.30369565,76950.27826087,2,4000,0.05192516569257975,77033.93810395892,60,-12.284768329149376,-10.860128035518057,"[{""offset_bp"":40,""limit_px"":77111.43703565304,""price_through"":true},{""offset_bp"":60,""limit_px"":76956.59479260957,""price_through"":true},{""offset_bp"":80,""limit_px"":76801.75254956608,""price_through"":false},{""offset_bp"":100,""limit_px"":76646.91030652261,""price_through"":false},{""offset_bp"":120,""limit_px"":76492.06806347912,""price_through"":false}]"
2026-08-23 22:01:00,1787522460000,prev_completed_binance_index_close,77942.05086957,77962.03,77942.05086957,2.5633313733863794,77962.02,77579.99,77747.58,77626.92413043,77752.03173913,1,2000,0.02576314205375918,77630.28266609172,40,-0.43263215672828537,15.683193317994615,"[{""offset_bp"":40,""limit_px"":77630.28266609172,""price_through"":true},{""offset_bp"":60,""limit_px"":77474.39856435258,""price_through"":false},{""offset_bp"":80,""limit_px"":77318.51446261344,""price_through"":false},{""offset_bp"":100,""limit_px"":77162.6303608743,""price_through"":false},{""offset_bp"":120,""limit_px"":77006.74625913515,""price_through"":false}]"
2026-08-24 13:32:00,1787578320000,prev_completed_binance_index_close,78991.62434783,78997.9,78991.62434783,0.7944705811291364,78997.9,78673.49,78746.29,78720.73543478,78720.73543478,1,2000,0.02542082334795308,78675.65785043869,40,5.729546542465602,5.729546542465602,"[{""offset_bp"":40,""limit_px"":78675.65785043869,""price_through"":true},{""offset_bp"":60,""limit_px"":78517.67460174303,""price_through"":false},{""offset_bp"":80,""limit_px"":78359.69135304737,""price_through"":false},{""offset_bp"":100,""limit_px"":78201.7081043517,""price_through"":false},{""offset_bp"":120,""limit_px"":78043.72485565604,""price_through"":false}]"
2026-08-24 13:42:00,1787578920000,prev_completed_binance_index_close,78550.95913043,78587.55,78550.95913043,4.658233327139438,78587.56,78216.0,78266.76,78265.52978261,78276.13608696,1,2000,0.025563432334159253,78236.75529390828,40,3.677873474381421,5.03354119221644,"[{""offset_bp"":40,""limit_px"":78236.75529390828,""price_through"":true},{""offset_bp"":60,""limit_px"":78079.65337564742,""price_through"":false},{""offset_bp"":80,""limit_px"":77922.55145738655,""price_through"":false},{""offset_bp"":100,""limit_px"":77765.4495391257,""price_through"":false},{""offset_bp"":120,""limit_px"":77608.34762086484,""price_through"":false}]"
2026-08-24 14:23:00,1787581380000,prev_completed_binance_index_close,79346.24673913,79353.37,79346.24673913,0.8977438962443074,79353.37,78961.53,79130.06,79010.51,79096.96108696,1,2000,0.02530720999464471,79028.86175217349,40,-2.322158230121385,8.617020829688737,"[{""offset_bp"":40,""limit_px"":79028.86175217349,""price_through"":true},{""offset_bp"":60,""limit_px"":78870.16925869523,""price_through"":false},{""offset_bp"":80,""limit_px"":78711.47676521695,""price_through"":false},{""offset_bp"":100,""limit_px"":78552.7842717387,""price_through"":false},{""offset_bp"":120,""limit_px"":78394.09177826044,""price_through"":false}]"
2026-08-24 15:43:00,1787586180000,prev_completed_binance_index_close,79589.76826087,79594.0,79589.76826087,0.5316938624733147,79594.0,79028.97,79185.99,79153.10847826,79173.25826087,2,4000,0.050510318737768845,79191.7394298488,60,-4.878154194736251,-2.333724339415033,"[{""offset_bp"":40,""limit_px"":79271.40918782652,""price_through"":true},{""offset_bp"":60,""limit_px"":79112.22965130478,""price_through"":true},{""offset_bp"":80,""limit_px"":78953.05011478304,""price_through"":false},{""offset_bp"":100,""limit_px"":78793.8705782613,""price_through"":false},{""offset_bp"":120,""limit_px"":78634.69104173956,""price_through"":false}]"
2026-08-25 07:49:00,1787644140000,prev_completed_binance_index_close,80171.53347826,80136.0,80171.53347826,-4.4321814387682235,80136.0,79703.17,79899.76,79799.23282609,79891.79891304,1,2000,0.025046697267660116,79850.84734434696,40,-6.463866066991342,5.128507718452635,"[{""offset_bp"":40,""limit_px"":79850.84734434696,""price_through"":true},{""offset_bp"":60,""limit_px"":79690.50427739044,""price_through"":false},{""offset_bp"":80,""limit_px"":79530.16121043391,""price_through"":false},{""offset_bp"":100,""limit_px"":79369.8181434774,""price_through"":false},{""offset_bp"":120,""limit_px"":79209.47507652087,""price_through"":false}]"
2026-08-25 07:51:00,1787644260000,prev_completed_binance_index_close,79810.04413043,79826.76,79810.04413043,2.09445687596288,79826.76,79369.17,79541.33,79422.25369565,79529.945,1,2000,0.025160143067110934,79490.80395390828,40,-8.623671525329613,4.923971597321497,"[{""offset_bp"":40,""limit_px"":79490.80395390828,""price_through"":true},{""offset_bp"":60,""limit_px"":79331.18386564743,""price_through"":false},{""offset_bp"":80,""limit_px"":79171.56377738656,""price_through"":false},{""offset_bp"":100,""limit_px"":79011.9436891257,""price_through"":false},{""offset_bp"":120,""limit_px"":78852.32360086484,""price_through"":false}]"
2026-08-25 21:07:00,1787692020000,prev_completed_binance_index_close,78242.67934783,78241.95,78242.67934783,-0.09321611121659856,78241.96,77898.0,78026.0,77927.70304348,77980.69413043,1,2000,0.025664153442231878,77929.70863043868,40,-0.2573584572462817,6.542498475530234,"[{""offset_bp"":40,""limit_px"":77929.70863043868,""price_through"":true},{""offset_bp"":60,""limit_px"":77773.22327174302,""price_through"":false},{""offset_bp"":80,""limit_px"":77616.73791304736,""price_through"":false},{""offset_bp"":100,""limit_px"":77460.2525543517,""price_through"":false},{""offset_bp"":120,""limit_px"":77303.76719565604,""price_through"":false}]"
2026-08-26 12:30:00,1787747400000,prev_completed_binance_index_close,78704.08130435,78713.71,78704.08130435,1.223404871824041,78713.7,77918.25,78369.3,78051.41717391,78290.41586957,3,6000,0.07669530595290923,78231.64567182232,80,-23.03779964803132,7.512330495285102,"[{""offset_bp"":40,""limit_px"":78389.2649791326,""price_through"":true},{""offset_bp"":60,""limit_px"":78231.8568165239,""price_through"":true},{""offset_bp"":80,""limit_px"":78074.4486539152,""price_through"":true},{""offset_bp"":100,""limit_px"":77917.0404913065,""price_through"":false},{""offset_bp"":120,""limit_px"":77759.6323286978,""price_through"":false}]"
2026-08-27 10:26:00,1787826360000,prev_completed_binance_index_close,79721.00478261,79726.0,79721.00478261,0.6265873597066651,79725.99,79342.0,79520.0,79349.08565217,79484.73478261,1,2000,0.025188244101911766,79402.12076347957,40,-6.679306648187389,10.404510400485734,"[{""offset_bp"":40,""limit_px"":79402.12076347957,""price_through"":true},{""offset_bp"":60,""limit_px"":79242.67875391434,""price_through"":false},{""offset_bp"":80,""limit_px"":79083.23674434912,""price_through"":false},{""offset_bp"":100,""limit_px"":78923.7947347839,""price_through"":false},{""offset_bp"":120,""limit_px"":78764.35272521869,""price_through"":false}]"
2026-08-28 14:01:00,1787925660000,prev_completed_binance_index_close,79430.61391304,79384.01,79430.61391304,-5.86724824902185,79384.01,79101.45,79104.0,79131.52,79182.03782609,1,2000,0.025280329958326065,79112.89145738784,40,2.3546785193917508,8.740215081053382,"[{""offset_bp"":40,""limit_px"":79112.89145738784,""price_through"":true},{""offset_bp"":60,""limit_px"":78954.03022956176,""price_through"":false},{""offset_bp"":80,""limit_px"":78795.16900173567,""price_through"":false},{""offset_bp"":100,""limit_px"":78636.30777390959,""price_through"":false},{""offset_bp"":120,""limit_px"":78477.44654608352,""price_through"":false}]"
2026-08-28 14:02:00,1787925720000,prev_completed_binance_index_close,79182.03782609,79104.0,79182.03782609,-9.85549604840985,79104.0,78777.77,79004.01,78809.8073913,78983.17934783,1,2000,0.02535969247121879,78865.30967478565,40,-7.037604203232739,14.945693300438823,"[{""offset_bp"":40,""limit_px"":78865.30967478565,""price_through"":true},{""offset_bp"":60,""limit_px"":78706.94559913347,""price_through"":false},{""offset_bp"":80,""limit_px"":78548.58152348128,""price_through"":false},{""offset_bp"":100,""limit_px"":78390.2174478291,""price_through"":false},{""offset_bp"":120,""limit_px"":78231.85337217692,""price_through"":false}]"
2026-08-30 23:23:00,1788132180000,prev_completed_binance_index_close,78354.91434783,78350.01,78354.91434783,-0.6259145161247037,78350.01,77812.21,78021.81,77892.27,77999.55413043,2,4000,0.05130634876678973,77963.0610274332,60,-9.080072857616805,4.680819674840464,"[{""offset_bp"":40,""limit_px"":78041.49469043867,""price_through"":true},{""offset_bp"":60,""limit_px"":77884.78486174301,""price_through"":true},{""offset_bp"":80,""limit_px"":77728.07503304735,""price_through"":false},{""offset_bp"":100,""limit_px"":77571.36520435169,""price_through"":false},{""offset_bp"":120,""limit_px"":77414.65537565603,""price_through"":false}]"
2026-09-01 13:06:00,1788267960000,prev_completed_binance_index_close,77881.63869565,77893.99,77881.63869565,1.5859070965706934,77894.0,77515.07,77691.43,77567.84891304,77688.19195652,1,2000,0.025783126320199176,77570.11214086741,40,-0.29176544482756306,15.22233401418216,"[{""offset_bp"":40,""limit_px"":77570.11214086741,""price_through"":true},{""offset_bp"":60,""limit_px"":77414.3488634761,""price_through"":false},{""offset_bp"":80,""limit_px"":77258.58558608481,""price_through"":false},{""offset_bp"":100,""limit_px"":77102.8223086935,""price_through"":false},{""offset_bp"":120,""limit_px"":76947.05903130221,""price_through"":false}]"
2026-09-04 12:30:00,1788525000000,prev_completed_binance_index_close,81336.91086957,81340.0,81336.91086957,0.37979441276814185,81340.0,80176.0,80186.41,80302.76381522,80320.96423587,5,10000,0.12393791460463402,80685.55963605104,120,-47.44291575316861,-45.18719357288092,"[{""offset_bp"":40,""limit_px"":81011.56322609172,""price_through"":true},{""offset_bp"":60,""limit_px"":80848.88940435258,""price_through"":true},{""offset_bp"":80,""limit_px"":80686.21558261344,""price_through"":true},{""offset_bp"":100,""limit_px"":80523.5417608743,""price_through"":true},{""offset_bp"":120,""limit_px"":80360.86793913516,""price_through"":true}]"
2026-09-04 12:31:00,1788525060000,prev_completed_binance_index_close,80320.96423587,80186.41,80320.96423587,-16.752069294743155,80186.4,79673.36,79972.56,79728.11152174,79908.88913043,3,6000,0.07515140851215138,79838.82296803323,80,-13.86686854559005,8.775951321930986,"[{""offset_bp"":40,""limit_px"":79999.68037892651,""price_through"":true},{""offset_bp"":60,""limit_px"":79839.03845045477,""price_through"":true},{""offset_bp"":80,""limit_px"":79678.39652198303,""price_through"":true},{""offset_bp"":100,""limit_px"":79517.75459351129,""price_through"":false},{""offset_bp"":120,""limit_px"":79357.11266503955,""price_through"":false}]"
2026-09-04 12:45:00,1788525900000,prev_completed_binance_index_close,79734.64217391,79686.0,79734.64217391,-6.100506954543894,79686.0,79388.38,79392.49,79421.48673913,79432.06673913,1,2000,0.025183936037918346,79415.70360521437,40,0.7282103731509615,2.0604405895552347,"[{""offset_bp"":40,""limit_px"":79415.70360521437,""price_through"":true},{""offset_bp"":60,""limit_px"":79256.23432086654,""price_through"":false},{""offset_bp"":80,""limit_px"":79096.76503651873,""price_through"":false},{""offset_bp"":100,""limit_px"":78937.2957521709,""price_through"":false},{""offset_bp"":120,""limit_px"":78777.82646782308,""price_through"":false}]"
